customerID,gender,SeniorCitizen,Partner,Dependents,tenure,PhoneService,MultipleLines,InternetService,OnlineSecurity,OnlineBackup,DeviceProtection,TechSupport,StreamingTV,StreamingMovies,Contract,PaperlessBilling,PaymentMethod,MonthlyCharges,TotalCharges,event_id,batch_date,score,predicted_label,priority_band,case_status,analyst_owner,sla_hours_remaining
2955-BJZHG,Male,0,Yes,Yes,17,Yes,No,Fiber optic,No,No,No,No,Yes,No,Month-to-month,No,Electronic check,80.85,1400.85,evt_000000,2026-01-01,0.739080227286612,1,High,New,M. Ali,24
4702-HDRKD,Male,0,No,No,67,No,No phone service,DSL,Yes,No,Yes,Yes,Yes,No,One year,Yes,Bank transfer (automatic),49.35,3321.35,evt_000001,2026-01-01,0.07405129611413815,0,Low,Queued,R. Ahmed,45
7067-KSAZT,Female,1,Yes,No,65,Yes,Yes,Fiber optic,No,Yes,Yes,No,Yes,Yes,One year,Yes,Electronic check,106.25,6979.8,evt_000002,2026-01-01,0.549989125708207,1,High,New,Unassigned,25
3707-GNWHM,Male,0,No,No,1,Yes,Yes,Fiber optic,No,No,No,No,No,No,Month-to-month,Yes,Mailed check,74.25,74.25,evt_000003,2026-01-01,0.85190227334598,1,Critical,Queued,R. Ahmed,7
2239-CFOUJ,Male,0,Yes,Yes,1,Yes,No,No,No internet service,No internet service,No internet service,No internet service,No internet service,No internet service,One year,No,Mailed check,20.4,20.4,evt_000004,2026-01-01,0.20192425799819677,0,Low,Resolved,R. Ahmed,41
6048-QBXKL,Female,1,No,No,2,Yes,Yes,DSL,No,Yes,No,No,No,No,Month-to-month,Yes,Credit card (automatic),56.55,118.25,evt_000005,2026-01-01,0.6848842813589974,1,High,Queued,S. Fatima,21
2188-SXWVT,Female,0,No,No,34,Yes,No,DSL,Yes,Yes,No,No,No,No,One year,No,Mailed check,55.0,1885.15,evt_000006,2026-01-01,0.1120753837651806,0,Low,Resolved,A. Khan,30
4317-VTEOA,Male,0,No,No,1,Yes,No,DSL,No,Yes,No,No,No,No,Month-to-month,Yes,Electronic check,50.75,50.75,evt_000007,2026-01-01,0.7086706709066367,1,High,New,M. Ali,31
3812-LRZIR,Female,0,Yes,Yes,27,Yes,Yes,No,No internet service,No internet service,No internet service,No internet service,No internet service,No internet service,Two year,No,Electronic check,24.5,761.95,evt_000008,2026-01-01,0.07026960694899995,0,Low,Queued,Unassigned,16
6701-YVNQG,Male,0,Yes,No,72,Yes,Yes,DSL,Yes,Yes,Yes,Yes,Yes,Yes,Two year,Yes,Credit card (automatic),88.7,6301.7,evt_000009,2026-01-01,0.048042803354450055,0,Low,Investigating,R. Ahmed,35
2101-RANCD,Female,0,No,No,55,Yes,Yes,Fiber optic,No,No,No,No,No,No,Month-to-month,Yes,Electronic check,73.1,4144.9,evt_000010,2026-01-01,0.6051035547866116,1,High,Queued,M. Ali,25
7873-CVMAW,Male,0,No,No,72,Yes,Yes,DSL,Yes,Yes,Yes,Yes,Yes,Yes,Two year,No,Credit card (automatic),88.55,6362.35,evt_000011,2026-01-01,0.03450328847858388,0,Low,New,S. Fatima,18
8988-ECPJR,Female,1,Yes,Yes,34,Yes,Yes,Fiber optic,No,Yes,No,No,No,No,Month-to-month,Yes,Mailed check,79.6,2718.3,evt_000012,2026-01-01,0.6316665186480417,1,High,Investigating,Unassigned,15
7636-PEPNS,Female,0,Yes,Yes,58,Yes,No,DSL,No,No,No,No,No,No,One year,Yes,Mailed check,44.1,2413.05,evt_000013,2026-01-01,0.0906856655506141,0,Low,New,R. Ahmed,36
1820-TQVEV,Male,0,No,No,1,Yes,No,Fiber optic,No,No,No,No,No,No,Month-to-month,Yes,Electronic check,69.55,69.55,evt_000014,2026-01-01,0.8651375125571095,1,Critical,Queued,R. Ahmed,13
0322-CHQRU,Male,0,No,No,2,Yes,No,DSL,No,No,No,No,No,No,Month-to-month,No,Electronic check,45.35,89.5,evt_000015,2026-01-01,0.6643290445499369,1,High,Resolved,Unassigned,7
0913-XWSCN,Male,0,Yes,Yes,55,Yes,Yes,Fiber optic,No,No,No,No,No,Yes,Month-to-month,No,Bank transfer (automatic),85.5,4713.4,evt_000016,2026-01-01,0.46407793260539926,0,Moderate,New,R. Ahmed,42
8873-GLDMH,Female,0,No,No,6,Yes,Yes,Fiber optic,No,No,No,No,No,No,Month-to-month,Yes,Mailed check,73.85,401.3,evt_000017,2026-01-01,0.825682691477605,1,Critical,New,R. Ahmed,17
1069-XAIEM,Female,1,No,No,1,Yes,Yes,Fiber optic,No,No,No,No,No,Yes,Month-to-month,Yes,Electronic check,85.05,85.05,evt_000018,2026-01-01,0.9204848606173552,1,Critical,New,M. Ali,31
2498-XLDZR,Female,0,Yes,Yes,32,Yes,No,DSL,Yes,Yes,Yes,Yes,No,Yes,Two year,No,Mailed check,73.6,2316.85,evt_000019,2026-01-01,0.05130550405529569,0,Low,New,A. Khan,34
4500-HKANN,Male,0,Yes,Yes,23,Yes,Yes,DSL,No,Yes,No,Yes,No,No,Two year,No,Mailed check,59.7,1414.2,evt_000020,2026-01-01,0.09591376751727618,0,Low,New,Unassigned,40
3055-VTCGS,Female,0,No,No,63,Yes,No,DSL,No,No,Yes,No,No,Yes,One year,No,Credit card (automatic),58.55,3503.5,evt_000021,2026-01-01,0.08981958646175238,0,Low,Investigating,R. Ahmed,30
9840-DVNDC,Male,0,No,No,6,Yes,No,Fiber optic,No,No,No,No,Yes,No,Month-to-month,Yes,Credit card (automatic),80.5,463.05,evt_000022,2026-01-01,0.817232543579331,1,Critical,New,S. Fatima,34
5027-YOCXN,Male,0,Yes,Yes,51,Yes,Yes,Fiber optic,Yes,Yes,No,Yes,Yes,Yes,One year,No,Credit card (automatic),110.05,5686.4,evt_000023,2026-01-01,0.22870519655999155,0,Low,Investigating,R. Ahmed,40
1353-GHZOS,Male,0,Yes,No,22,Yes,No,DSL,Yes,No,No,No,Yes,No,One year,Yes,Bank transfer (automatic),59.75,1374.35,evt_000024,2026-01-01,0.2862099126958978,0,Moderate,New,A. Khan,45
5698-BQJOH,Female,0,No,No,9,Yes,Yes,Fiber optic,No,No,No,No,Yes,Yes,Month-to-month,No,Electronic check,94.4,857.25,evt_000025,2026-01-01,0.8759115026131337,1,Critical,New,Unassigned,4
9530-GRMJG,Male,0,Yes,Yes,70,Yes,Yes,DSL,No,Yes,Yes,Yes,Yes,Yes,Two year,Yes,Electronic check,84.1,5979.7,evt_000026,2026-01-01,0.08607199429365081,0,Low,New,M. Ali,36
5524-KHNJP,Male,0,Yes,Yes,33,Yes,No,DSL,Yes,No,Yes,No,Yes,Yes,One year,No,Credit card (automatic),74.75,2453.3,evt_000027,2026-01-01,0.17481586987977024,0,Low,Investigating,Unassigned,10
1465-LNTLJ,Male,1,Yes,No,8,Yes,No,DSL,No,No,Yes,Yes,No,Yes,Month-to-month,Yes,Credit card (automatic),64.4,581.7,evt_000028,2026-01-01,0.6189238755350861,1,High,Queued,S. Fatima,42
2773-MADBQ,Female,0,No,No,36,No,No phone service,DSL,Yes,Yes,Yes,Yes,No,Yes,Two year,Yes,Mailed check,53.1,1901.25,evt_000029,2026-01-01,0.10464864201004437,0,Low,New,M. Ali,4
0980-FEXWF,Male,0,Yes,Yes,26,Yes,No,DSL,No,No,Yes,No,No,No,One year,No,Mailed check,50.35,1285.8,evt_000030,2026-01-01,0.188253043763453,0,Low,Investigating,A. Khan,13
4678-DVQEO,Female,0,No,No,1,Yes,No,DSL,No,No,No,Yes,No,No,Month-to-month,Yes,Electronic check,52.2,52.2,evt_000031,2026-01-01,0.6470068324433609,1,High,Queued,Unassigned,10
1227-UDMZR,Female,0,Yes,No,72,Yes,Yes,DSL,Yes,Yes,Yes,Yes,Yes,Yes,Two year,Yes,Bank transfer (automatic),91.15,6637.9,evt_000032,2026-01-01,0.046901618184626674,0,Low,New,A. Khan,29
6171-ZTVYB,Male,0,Yes,No,43,Yes,Yes,DSL,Yes,Yes,No,Yes,No,No,Month-to-month,No,Bank transfer (automatic),66.25,2907.35,evt_000033,2026-01-01,0.14629799809332356,0,Low,Resolved,A. Khan,2
6848-YLDFR,Male,0,Yes,Yes,58,Yes,No,DSL,No,Yes,No,Yes,Yes,Yes,One year,Yes,Credit card (automatic),75.2,4300.8,evt_000034,2026-01-01,0.11458337078341613,0,Low,New,Unassigned,2
6365-HITVU,Female,0,Yes,Yes,71,Yes,No,DSL,Yes,Yes,Yes,Yes,Yes,Yes,Two year,No,Credit card (automatic),87.25,6328.7,evt_000035,2026-01-01,0.0213854418910354,0,Low,New,M. Ali,25
7926-IJOOU,Male,0,No,No,1,Yes,No,No,No internet service,No internet service,No internet service,No internet service,No internet service,No internet service,Month-to-month,No,Credit card (automatic),19.3,19.3,evt_000036,2026-01-01,0.3734595964627287,0,Moderate,Queued,S. Fatima,46
1926-QUZNN,Female,0,Yes,No,72,Yes,Yes,No,No internet service,No internet service,No internet service,No internet service,No internet service,No internet service,Two year,Yes,Bank transfer (automatic),25.25,1841.2,evt_000037,2026-01-01,0.013690560179680917,0,Low,New,M. Ali,26
3967-VQOGC,Female,0,Yes,Yes,67,Yes,Yes,No,No internet service,No internet service,No internet service,No internet service,No internet service,No internet service,Two year,Yes,Mailed check,24.9,1680.25,evt_000038,2026-01-01,0.014523878445089743,0,Low,New,Unassigned,22
1555-HAPSU,Female,0,Yes,Yes,71,Yes,Yes,No,No internet service,No internet service,No internet service,No internet service,No internet service,No internet service,Two year,No,Credit card (automatic),23.9,1663.5,evt_000039,2026-01-01,0.008195144689791756,0,Low,Investigating,M. Ali,32
9643-AVVWI,Female,0,Yes,Yes,3,Yes,No,Fiber optic,No,Yes,No,Yes,No,No,Month-to-month,Yes,Electronic check,80.0,241.3,evt_000040,2026-01-01,0.7340312718253942,1,High,New,M. Ali,27
5016-IBERQ,Male,0,Yes,No,23,Yes,Yes,Fiber optic,No,Yes,Yes,No,No,No,Month-to-month,No,Electronic check,84.25,1968.1,evt_000041,2026-01-01,0.7131650658825021,1,High,Investigating,M. Ali,19
2400-FEQME,Male,0,Yes,Yes,55,Yes,No,No,No internet service,No internet service,No internet service,No internet service,No internet service,No internet service,Two year,No,Mailed check,20.5,1177.95,evt_000042,2026-01-01,0.013413711766777312,0,Low,Resolved,M. Ali,29
1492-QGCLU,Male,0,Yes,Yes,53,Yes,Yes,DSL,Yes,No,Yes,Yes,Yes,Yes,Month-to-month,No,Electronic check,85.7,4616.1,evt_000043,2026-01-01,0.2500435576216742,0,Moderate,Queued,M. Ali,2
8777-PVYGU,Female,0,Yes,No,52,Yes,No,DSL,Yes,No,Yes,No,Yes,No,One year,Yes,Mailed check,64.3,3410.6,evt_000044,2026-01-01,0.13135123171190582,0,Low,Investigating,A. Khan,13
0654-HMSHN,Male,0,Yes,Yes,21,Yes,Yes,Fiber optic,No,Yes,Yes,No,Yes,Yes,Month-to-month,No,Electronic check,104.4,2157.95,evt_000045,2026-01-01,0.7847934769012014,1,Critical,Investigating,A. Khan,32
8849-GYOKR,Female,0,Yes,No,54,Yes,Yes,Fiber optic,Yes,Yes,No,No,Yes,Yes,One year,No,Bank transfer (automatic),106.55,5763.3,evt_000046,2026-01-01,0.3054183622854433,0,Moderate,Resolved,S. Fatima,17
9940-RHLFB,Female,0,No,No,1,Yes,No,Fiber optic,No,No,Yes,No,No,No,Month-to-month,No,Electronic check,75.3,75.3,evt_000047,2026-01-01,0.8021517985942371,1,Critical,New,Unassigned,4
7205-BAIAD,Female,0,No,No,40,Yes,No,No,No internet service,No internet service,No internet service,No internet service,No internet service,No internet service,Two year,Yes,Bank transfer (automatic),20.6,827.3,evt_000048,2026-01-01,0.03697882145714386,0,Low,New,A. Khan,7
4983-CCWMC,Male,0,No,No,3,Yes,No,Fiber optic,No,No,No,No,No,No,Month-to-month,Yes,Mailed check,69.6,207.4,evt_000049,2026-01-01,0.8124378760977512,1,Critical,Queued,M. Ali,41
1658-TJVOA,Female,1,No,No,6,Yes,No,Fiber optic,Yes,No,No,No,No,No,Month-to-month,Yes,Electronic check,74.1,450.9,evt_000050,2026-01-01,0.8058494779205312,1,Critical,Queued,Unassigned,17
4377-VDHYI,Male,0,Yes,Yes,32,Yes,No,Fiber optic,Yes,Yes,No,No,No,Yes,One year,Yes,Electronic check,90.8,3023.85,evt_000051,2026-01-01,0.447505920020791,0,Moderate,New,Unassigned,3
0625-AFOHS,Female,0,Yes,Yes,29,Yes,No,No,No internet service,No internet service,No internet service,No internet service,No internet service,No internet service,Two year,No,Mailed check,20.2,558.8,evt_000052,2026-01-01,0.036572748206094276,0,Low,Queued,R. Ahmed,35
5339-PXDVH,Male,0,No,No,4,Yes,Yes,Fiber optic,Yes,No,No,No,Yes,No,Month-to-month,No,Electronic check,90.65,367.95,evt_000053,2026-01-01,0.8045660998923303,1,Critical,New,M. Ali,26
8409-WQJUX,Female,0,No,No,25,No,No phone service,DSL,No,No,Yes,Yes,Yes,Yes,One year,No,Electronic check,54.2,1423.15,evt_000054,2026-01-01,0.42648782707603583,0,Moderate,Resolved,S. Fatima,22
4226-KKDON,Male,0,No,No,8,Yes,No,DSL,No,Yes,No,Yes,Yes,No,Month-to-month,Yes,Electronic check,66.65,520.95,evt_000055,2026-01-01,0.6174121109400013,1,High,New,M. Ali,43
1929-ZCBHE,Male,0,Yes,Yes,47,No,No phone service,DSL,Yes,No,Yes,Yes,No,No,One year,No,Electronic check,40.3,1794.8,evt_000056,2026-01-01,0.0916594926802796,0,Low,New,A. Khan,16
5419-KLXBN,Female,0,Yes,Yes,25,Yes,No,Fiber optic,No,Yes,Yes,No,Yes,No,Month-to-month,Yes,Bank transfer (automatic),89.15,2257.75,evt_000057,2026-01-01,0.6381207541748712,1,High,New,S. Fatima,28
4946-EDSEW,Female,0,Yes,Yes,11,Yes,No,No,No internet service,No internet service,No internet service,No internet service,No internet service,No internet service,Month-to-month,Yes,Mailed check,19.25,180.3,evt_000058,2026-01-01,0.31809055800100305,0,Moderate,New,R. Ahmed,36
3209-ZPKFI,Male,0,Yes,Yes,47,Yes,Yes,DSL,No,Yes,No,No,No,No,Month-to-month,No,Electronic check,54.25,2538.2,evt_000059,2026-01-01,0.26941984347124237,0,Moderate,New,M. Ali,29
8397-MVTAZ,Male,0,Yes,No,34,Yes,Yes,Fiber optic,No,No,Yes,No,Yes,Yes,Month-to-month,Yes,Electronic check,100.05,3480.0,evt_000060,2026-01-01,0.8425425455148842,1,Critical,New,R. Ahmed,11
2967-MXRAV,Male,0,Yes,Yes,1,Yes,No,No,No internet service,No internet service,No internet service,No internet service,No internet service,No internet service,One year,No,Mailed check,18.8,18.8,evt_000061,2026-01-01,0.2076566447038387,0,Low,New,M. Ali,33
5063-IUOKK,Male,0,No,No,13,Yes,No,No,No internet service,No internet service,No internet service,No internet service,No internet service,No internet service,Two year,No,Mailed check,19.75,265.75,evt_000062,2026-01-01,0.08681900816701812,0,Low,New,M. Ali,36
7762-ONLJY,Female,0,Yes,Yes,6,Yes,No,No,No internet service,No internet service,No internet service,No internet service,No internet service,No internet service,One year,No,Mailed check,19.7,94.45,evt_000063,2026-01-01,0.16607827239951298,0,Low,New,Unassigned,7
1587-FKLZB,Male,1,Yes,Yes,66,Yes,Yes,Fiber optic,No,No,Yes,No,Yes,Yes,Month-to-month,Yes,Credit card (automatic),99.5,6822.15,evt_000064,2026-01-01,0.6140245511864671,1,High,New,Unassigned,9
0769-MURVM,Female,0,Yes,Yes,72,No,No phone service,DSL,Yes,Yes,Yes,Yes,Yes,Yes,Two year,No,Bank transfer (automatic),65.7,4575.35,evt_000065,2026-01-01,0.02407633354427389,0,Low,New,M. Ali,33
6288-CHQJB,Female,0,Yes,Yes,54,Yes,No,DSL,Yes,No,Yes,Yes,No,Yes,Two year,No,Bank transfer (automatic),69.95,3871.85,evt_000066,2026-01-01,0.02822052113910086,0,Low,New,R. Ahmed,7
6861-XWTWQ,Male,1,Yes,No,7,Yes,Yes,Fiber optic,No,No,Yes,No,Yes,Yes,Month-to-month,Yes,Electronic check,99.25,665.45,evt_000067,2026-01-01,0.9255476760966074,1,Critical,New,M. Ali,42
6230-BSUXY,Female,1,No,No,1,Yes,No,Fiber optic,No,No,Yes,No,No,Yes,Month-to-month,Yes,Electronic check,85.0,85.0,evt_000068,2026-01-01,0.8983770385718196,1,Critical,New,A. Khan,7
9420-LOJKX,Female,0,No,No,15,Yes,No,Fiber optic,Yes,Yes,No,No,Yes,Yes,Month-to-month,Yes,Credit card (automatic),99.1,1426.4,evt_000069,2026-01-01,0.720770897391321,1,High,New,Unassigned,46
7919-ZODZZ,Female,0,Yes,Yes,10,Yes,No,DSL,No,Yes,Yes,No,No,Yes,One year,Yes,Mailed check,65.9,660.05,evt_000070,2026-01-01,0.3837960271122988,0,Moderate,Investigating,A. Khan,32
3992-YWPKO,Female,0,No,No,6,Yes,Yes,Fiber optic,No,Yes,Yes,Yes,Yes,Yes,Month-to-month,Yes,Credit card (automatic),109.9,669.45,evt_000071,2026-01-01,0.799802525645324,1,Critical,Resolved,S. Fatima,22
5155-AZQPB,Female,0,Yes,Yes,28,Yes,Yes,DSL,No,No,No,No,No,No,Month-to-month,No,Mailed check,49.9,1410.25,evt_000072,2026-01-01,0.35918792382398396,0,Moderate,Resolved,S. Fatima,14
2187-LZGPL,Female,0,No,No,7,No,No phone service,DSL,No,Yes,No,No,No,Yes,Month-to-month,Yes,Credit card (automatic),40.1,293.3,evt_000073,2026-01-01,0.7285879397077313,1,High,Queued,M. Ali,17
7181-OQCUT,Male,0,No,No,21,Yes,Yes,Fiber optic,Yes,No,Yes,No,Yes,Yes,Month-to-month,No,Mailed check,103.85,2215.0,evt_000074,2026-01-01,0.7169992774229832,1,High,Queued,A. Khan,36
5360-LJCNJ,Female,0,Yes,No,71,Yes,Yes,Fiber optic,No,Yes,Yes,No,Yes,Yes,Two year,Yes,Bank transfer (automatic),105.15,7555.0,evt_000075,2026-01-01,0.23380046332063364,0,Low,New,M. Ali,36
0707-HOVVN,Female,1,No,No,70,Yes,Yes,DSL,No,Yes,Yes,Yes,Yes,No,Two year,Yes,Bank transfer (automatic),75.5,5212.65,evt_000076,2026-01-01,0.05269060024750946,0,Low,Investigating,Unassigned,11
6283-GITPX,Male,0,No,Yes,71,Yes,No,DSL,Yes,Yes,Yes,Yes,Yes,No,Two year,Yes,Credit card (automatic),76.9,5522.7,evt_000077,2026-01-01,0.020325713576507188,0,Low,Investigating,R. Ahmed,26
5751-USDBL,Male,0,Yes,Yes,46,Yes,No,DSL,Yes,No,Yes,Yes,Yes,Yes,Two year,No,Mailed check,81.0,3846.35,evt_000078,2026-01-01,0.05304122519888439,0,Low,Investigating,S. Fatima,47
8671-KKKOS,Female,0,Yes,No,46,No,No phone service,DSL,Yes,Yes,No,No,Yes,No,Month-to-month,No,Electronic check,45.55,2062.15,evt_000079,2026-01-01,0.30139178452957416,0,Moderate,Resolved,A. Khan,13
8646-JCOMS,Female,0,Yes,No,66,Yes,Yes,Fiber optic,No,Yes,Yes,Yes,No,No,One year,Yes,Bank transfer (automatic),90.55,6130.95,evt_000080,2026-01-01,0.19577450875266378,0,Low,Queued,R. Ahmed,33
0581-MDMPW,Female,0,No,No,24,Yes,Yes,Fiber optic,No,No,Yes,No,Yes,No,Month-to-month,Yes,Credit card (automatic),88.95,2072.75,evt_000081,2026-01-01,0.7595065810732696,1,Critical,Investigating,A. Khan,9
9048-JVYVF,Male,0,No,No,3,Yes,No,DSL,No,No,No,Yes,Yes,Yes,Month-to-month,Yes,Electronic check,69.35,191.35,evt_000082,2026-01-01,0.7534687281834639,1,Critical,Investigating,R. Ahmed,40
6838-HVLXG,Female,0,No,No,12,Yes,No,No,No internet service,No internet service,No internet service,No internet service,No internet service,No internet service,Month-to-month,No,Mailed check,20.3,246.7,evt_000083,2026-01-01,0.2757615921067866,0,Moderate,New,Unassigned,9
8059-UDZFY,Female,1,No,Yes,33,Yes,Yes,Fiber optic,No,Yes,Yes,No,Yes,Yes,Month-to-month,Yes,Bank transfer (automatic),105.35,3465.05,evt_000084,2026-01-01,0.7395543879745491,1,High,Resolved,S. Fatima,15
7599-FKVXZ,Male,0,Yes,No,42,Yes,Yes,Fiber optic,No,No,Yes,Yes,Yes,Yes,Month-to-month,Yes,Bank transfer (automatic),106.15,4512.7,evt_000085,2026-01-01,0.6737556043180629,1,High,New,M. Ali,23
6712-OAWRH,Female,1,No,No,26,Yes,No,Fiber optic,No,No,No,No,Yes,Yes,Month-to-month,Yes,Electronic check,91.25,2351.8,evt_000086,2026-01-01,0.8506997756971248,1,Critical,Resolved,A. Khan,19
5329-KRDTM,Male,1,Yes,No,72,Yes,Yes,DSL,No,Yes,Yes,Yes,Yes,No,Two year,No,Credit card (automatic),77.35,5396.25,evt_000087,2026-01-01,0.036642160541071916,0,Low,Investigating,A. Khan,9
3181-MIZBN,Male,0,Yes,Yes,16,Yes,No,No,No internet service,No internet service,No internet service,No internet service,No internet service,No internet service,Month-to-month,No,Electronic check,19.75,313.4,evt_000088,2026-01-01,0.2793177484714442,0,Moderate,New,S. Fatima,31
7733-UDMTP,Female,1,No,No,57,No,No phone service,DSL,No,Yes,Yes,No,Yes,Yes,Month-to-month,Yes,Electronic check,55.0,3094.05,evt_000089,2026-01-01,0.4985110083128051,0,Moderate,Queued,Unassigned,2
0432-CAJZV,Male,0,No,No,3,Yes,No,Fiber optic,No,No,No,No,Yes,Yes,Month-to-month,No,Mailed check,90.7,237.65,evt_000090,2026-01-01,0.8283930238705415,1,Critical,New,M. Ali,47
3334-CTHOL,Female,0,No,No,1,Yes,Yes,DSL,No,No,No,No,No,No,Month-to-month,Yes,Bank transfer (automatic),49.95,49.95,evt_000091,2026-01-01,0.6992828219303006,1,High,Investigating,R. Ahmed,4
9334-GWGOW,Male,1,Yes,No,7,Yes,Yes,Fiber optic,No,No,No,No,No,No,Month-to-month,Yes,Electronic check,74.85,485.25,evt_000092,2026-01-01,0.8869170697150787,1,Critical,Investigating,R. Ahmed,17
0486-HECZI,Male,0,Yes,No,55,Yes,Yes,Fiber optic,Yes,Yes,No,No,Yes,No,Month-to-month,Yes,Electronic check,96.75,5238.9,evt_000093,2026-01-01,0.5626160716155163,1,High,Queued,A. Khan,44
4464-JCOLN,Male,0,Yes,Yes,2,Yes,No,No,No internet service,No internet service,No internet service,No internet service,No internet service,No internet service,One year,No,Mailed check,19.85,35.9,evt_000094,2026-01-01,0.1970821855558767,0,Low,Investigating,A. Khan,9
9576-ANLXO,Female,0,No,No,3,Yes,No,Fiber optic,No,No,No,No,No,No,Month-to-month,Yes,Bank transfer (automatic),69.55,222.3,evt_000095,2026-01-01,0.795543713157073,1,Critical,New,M. Ali,5
9661-MHUMO,Male,1,Yes,Yes,1,Yes,No,DSL,No,No,No,Yes,No,No,Month-to-month,Yes,Credit card (automatic),49.25,49.25,evt_000096,2026-01-01,0.5705169846236251,1,High,New,R. Ahmed,36
1494-EJZDW,Female,0,Yes,Yes,10,Yes,No,No,No internet service,No internet service,No internet service,No internet service,No internet service,No internet service,Two year,No,Mailed check,20.15,220.8,evt_000097,2026-01-01,0.07792789791003935,0,Low,New,S. Fatima,5
2533-QVMSK,Male,0,Yes,No,61,Yes,Yes,Fiber optic,No,Yes,No,Yes,Yes,No,Two year,Yes,Electronic check,94.1,5638.3,evt_000098,2026-01-01,0.22513076413468097,0,Low,New,Unassigned,43
8718-PTMEZ,Female,0,No,No,13,No,No phone service,DSL,No,Yes,No,No,No,No,Month-to-month,Yes,Electronic check,31.05,347.25,evt_000099,2026-01-01,0.6989548301457756,1,High,Queued,Unassigned,22
2019-HDCZY,Male,0,Yes,No,63,Yes,Yes,Fiber optic,No,No,Yes,No,Yes,Yes,Two year,No,Electronic check,102.6,6296.75,evt_000100,2026-01-01,0.29509350440850896,0,Moderate,New,Unassigned,41
2075-PUEPR,Male,0,Yes,Yes,55,Yes,No,No,No internet service,No internet service,No internet service,No internet service,No internet service,No internet service,Two year,No,Bank transfer (automatic),19.35,1153.25,evt_000101,2026-01-01,0.012775491973505086,0,Low,New,Unassigned,13
7602-DBTOU,Female,0,Yes,No,71,Yes,No,No,No internet service,No internet service,No internet service,No internet service,No internet service,No internet service,Two year,No,Mailed check,19.6,1416.5,evt_000102,2026-01-01,0.00825465311605034,0,Low,Queued,Unassigned,8
0019-EFAEP,Female,0,No,No,72,Yes,Yes,Fiber optic,Yes,Yes,Yes,No,Yes,No,Two year,Yes,Bank transfer (automatic),101.3,7261.25,evt_000103,2026-01-01,0.1173480911737813,0,Low,Investigating,Unassigned,46
2250-IVBWA,Male,0,Yes,Yes,64,Yes,No,Fiber optic,Yes,Yes,No,No,No,No,Month-to-month,No,Electronic check,81.05,5135.35,evt_000104,2026-01-01,0.24205741288127494,0,Low,New,Unassigned,37
9565-JSNFM,Male,0,No,No,38,Yes,No,Fiber optic,No,No,No,No,No,No,One year,Yes,Bank transfer (automatic),70.45,2597.6,evt_000105,2026-01-01,0.3910899211206267,0,Moderate,Resolved,Unassigned,43
4115-NZRKS,Female,1,No,No,7,Yes,No,Fiber optic,No,No,No,No,Yes,Yes,Month-to-month,Yes,Electronic check,89.15,574.35,evt_000106,2026-01-01,0.9081670612250206,1,Critical,Queued,Unassigned,16
2669-QVCRG,Female,0,No,No,41,Yes,Yes,Fiber optic,Yes,No,No,No,No,No,Month-to-month,Yes,Credit card (automatic),81.3,3190.65,evt_000107,2026-01-01,0.49495498151953105,0,Moderate,New,Unassigned,20
4937-QPZPO,Male,0,Yes,Yes,61,Yes,Yes,Fiber optic,No,No,Yes,No,Yes,Yes,One year,Yes,Electronic check,99.9,6241.35,evt_000108,2026-01-01,0.5222251681704326,1,High,Queued,S. Fatima,28
8450-JOVAH,Male,0,Yes,Yes,2,Yes,Yes,DSL,Yes,No,No,No,No,No,Month-to-month,No,Mailed check,56.7,113.55,evt_000109,2026-01-01,0.48134799510431503,0,Moderate,New,R. Ahmed,22
8741-LQOBK,Female,0,Yes,Yes,46,No,No phone service,DSL,Yes,Yes,No,No,No,No,Month-to-month,No,Bank transfer (automatic),35.05,1620.25,evt_000110,2026-01-01,0.14932080165973008,0,Low,New,S. Fatima,13
7632-YUTXB,Female,0,Yes,Yes,25,Yes,No,No,No internet service,No internet service,No internet service,No internet service,No internet service,No internet service,One year,No,Mailed check,20.05,520.1,evt_000111,2026-01-01,0.08296227302736064,0,Low,Queued,Unassigned,19
5018-LXQQG,Female,0,Yes,Yes,30,Yes,No,DSL,Yes,No,No,Yes,No,Yes,Month-to-month,No,Bank transfer (automatic),66.3,1923.5,evt_000112,2026-01-01,0.19587115678065906,0,Low,New,S. Fatima,30
1386-ZIKUV,Male,0,No,No,7,Yes,No,No,No internet service,No internet service,No internet service,No internet service,No internet service,No internet service,Month-to-month,Yes,Mailed check,18.95,130.55,evt_000113,2026-01-01,0.41423395626114135,0,Moderate,New,Unassigned,3
2233-TXSIU,Male,0,Yes,Yes,17,No,No phone service,DSL,Yes,No,Yes,No,Yes,No,One year,No,Credit card (automatic),44.45,792.15,evt_000114,2026-01-01,0.283847271022159,0,Moderate,Queued,Unassigned,17
3018-TFTSU,Male,0,No,No,12,Yes,No,Fiber optic,Yes,No,Yes,No,No,No,Month-to-month,No,Bank transfer (automatic),81.7,858.6,evt_000115,2026-01-01,0.5619661069525114,1,High,New,Unassigned,15
5760-FXFVO,Male,0,No,No,6,Yes,No,Fiber optic,Yes,Yes,No,No,No,No,Month-to-month,Yes,Electronic check,78.95,494.95,evt_000116,2026-01-01,0.7585419467478878,1,Critical,Investigating,M. Ali,5
1174-FGIFN,Female,0,Yes,Yes,28,Yes,Yes,Fiber optic,No,No,No,Yes,No,Yes,One year,Yes,Electronic check,90.45,2509.25,evt_000117,2026-01-01,0.563529812748905,1,High,New,Unassigned,7
3363-DTIVD,Male,0,Yes,Yes,71,Yes,Yes,Fiber optic,Yes,No,Yes,No,Yes,Yes,Two year,No,Electronic check,105.55,7405.5,evt_000118,2026-01-01,0.16830389317291733,0,Low,Resolved,Unassigned,24
6194-HBGQN,Male,0,No,No,51,Yes,Yes,DSL,Yes,Yes,Yes,Yes,Yes,No,One year,Yes,Credit card (automatic),81.15,4126.2,evt_000119,2026-01-01,0.10764131539338107,0,Low,Investigating,Unassigned,6
0516-OOHAR,Male,0,Yes,Yes,28,Yes,No,Fiber optic,No,Yes,Yes,No,Yes,Yes,One year,No,Bank transfer (automatic),100.35,2799.0,evt_000120,2026-01-01,0.44144101916869055,0,Moderate,Resolved,Unassigned,17
9283-LZQOH,Male,0,Yes,Yes,13,Yes,Yes,Fiber optic,No,No,No,No,No,No,Month-to-month,Yes,Credit card (automatic),74.4,896.75,evt_000121,2026-01-01,0.750085658993906,1,Critical,Investigating,R. Ahmed,27
9025-ZRPVR,Male,0,No,No,9,Yes,No,No,No internet service,No internet service,No internet service,No internet service,No internet service,No internet service,Month-to-month,Yes,Mailed check,18.95,185.6,evt_000122,2026-01-01,0.39492976583836237,0,Moderate,New,R. Ahmed,42
4981-FLTMF,Female,0,Yes,Yes,57,Yes,Yes,DSL,Yes,Yes,No,Yes,No,No,Month-to-month,No,Bank transfer (automatic),65.2,3687.85,evt_000123,2026-01-01,0.07758284405836352,0,Low,Queued,A. Khan,6
3985-HOYPM,Male,0,No,No,26,Yes,No,No,No internet service,No internet service,No internet service,No internet service,No internet service,No internet service,One year,No,Mailed check,19.4,525.55,evt_000124,2026-01-01,0.10009660716546706,0,Low,New,Unassigned,21
4654-ULTTN,Male,0,Yes,No,70,Yes,Yes,DSL,Yes,No,Yes,Yes,No,Yes,Two year,Yes,Credit card (automatic),74.8,5315.8,evt_000125,2026-01-01,0.040538854316968964,0,Low,Investigating,M. Ali,6
7750-EYXWZ,Female,0,No,No,12,No,No phone service,DSL,No,Yes,Yes,Yes,Yes,Yes,One year,No,Electronic check,60.65,743.3,evt_000126,2026-01-01,0.49031450798143866,0,Moderate,Queued,Unassigned,21
7218-HKQFK,Male,0,Yes,No,2,Yes,No,Fiber optic,No,No,No,Yes,Yes,Yes,Month-to-month,Yes,Electronic check,94.2,167.5,evt_000127,2026-01-01,0.8757973782647777,1,Critical,New,Unassigned,24
7649-SIJJF,Male,0,Yes,No,71,Yes,Yes,DSL,Yes,Yes,Yes,Yes,No,Yes,Two year,Yes,Mailed check,80.1,5585.4,evt_000128,2026-01-01,0.03714967840482241,0,Low,Resolved,S. Fatima,38
6023-YEBUP,Male,0,No,No,3,Yes,Yes,Fiber optic,No,No,Yes,No,Yes,Yes,Month-to-month,Yes,Electronic check,100.95,329.95,evt_000129,2026-01-01,0.9177036078870808,1,Critical,New,M. Ali,22
4039-PIMHX,Male,1,Yes,No,49,Yes,No,DSL,No,Yes,No,No,No,No,Two year,No,Mailed check,49.8,2398.4,evt_000130,2026-01-08,0.06362275284596355,0,Low,Queued,M. Ali,45
9812-GHVRI,Female,0,No,No,40,Yes,Yes,Fiber optic,No,No,No,No,No,Yes,Month-to-month,No,Bank transfer (automatic),83.85,3532.25,evt_000131,2026-01-08,0.6201781233981504,1,High,Investigating,Unassigned,8
5129-JLPIS,Male,0,No,No,25,Yes,No,Fiber optic,Yes,No,Yes,Yes,Yes,Yes,Month-to-month,Yes,Electronic check,105.5,2686.05,evt_000132,2026-01-08,0.7090981590162059,1,High,New,S. Fatima,4
3756-VNWDH,Male,1,Yes,No,65,Yes,Yes,Fiber optic,Yes,No,No,No,Yes,Yes,One year,Yes,Electronic check,100.75,6674.65,evt_000133,2026-01-08,0.498727489302691,0,Moderate,Queued,A. Khan,2
8532-UEFWH,Male,0,Yes,Yes,52,Yes,Yes,No,No internet service,No internet service,No internet service,No internet service,No internet service,No internet service,Two year,No,Mailed check,25.75,1345.85,evt_000134,2026-01-08,0.01944888459576859,0,Low,Investigating,Unassigned,18
3301-VKTGC,Male,0,Yes,Yes,68,Yes,Yes,Fiber optic,Yes,Yes,No,No,No,No,One year,Yes,Bank transfer (automatic),85.5,5696.6,evt_000135,2026-01-08,0.1480225177013732,0,Low,New,M. Ali,10
9039-RBEEE,Male,0,No,No,39,No,No phone service,DSL,Yes,Yes,No,Yes,Yes,No,Month-to-month,Yes,Credit card (automatic),48.95,1880.85,evt_000136,2026-01-08,0.2826757159563189,0,Moderate,Queued,Unassigned,6
8414-MYSHR,Male,1,No,No,5,Yes,No,Fiber optic,No,No,No,No,Yes,Yes,Month-to-month,Yes,Electronic check,91.4,449.75,evt_000137,2026-01-08,0.912850660278695,1,Critical,New,M. Ali,12
4846-WHAFZ,Female,1,Yes,No,37,Yes,Yes,Fiber optic,No,No,No,No,No,No,Month-to-month,Yes,Electronic check,76.5,2868.15,evt_000138,2026-01-08,0.7498565382537032,1,High,Queued,M. Ali,46
9339-FIIJL,Male,0,Yes,No,72,Yes,Yes,DSL,No,Yes,Yes,Yes,Yes,Yes,Two year,No,Bank transfer (automatic),85.95,6151.9,evt_000139,2026-01-08,0.047989409530771646,0,Low,New,A. Khan,38
6064-ZATLR,Female,0,No,No,27,Yes,No,DSL,Yes,Yes,No,No,No,No,Two year,No,Bank transfer (automatic),52.85,1498.65,evt_000140,2026-01-08,0.07302051025218372,0,Low,Resolved,S. Fatima,2
1085-LDWAM,Female,0,Yes,Yes,69,Yes,No,No,No internet service,No internet service,No internet service,No internet service,No internet service,No internet service,One year,Yes,Credit card (automatic),20.35,1442.65,evt_000141,2026-01-08,0.018694101262990526,0,Low,Resolved,S. Fatima,44
1536-HBSWP,Female,0,No,No,1,Yes,No,DSL,No,No,No,Yes,No,No,Month-to-month,Yes,Electronic check,49.9,49.9,evt_000142,2026-01-08,0.6584761988683923,1,High,New,Unassigned,11
4660-IRIBM,Male,0,Yes,Yes,18,Yes,No,Fiber optic,Yes,No,Yes,No,Yes,No,Month-to-month,Yes,Mailed check,87.9,1500.5,evt_000143,2026-01-08,0.6494143297041702,1,High,New,S. Fatima,20
0235-KGSLC,Female,0,No,No,1,Yes,No,Fiber optic,No,No,Yes,No,Yes,No,Month-to-month,Yes,Credit card (automatic),85.55,85.55,evt_000144,2026-01-08,0.8245301405092498,1,Critical,Queued,M. Ali,17
7359-WWYJV,Male,0,Yes,No,72,Yes,Yes,Fiber optic,Yes,Yes,Yes,Yes,Yes,Yes,Two year,No,Credit card (automatic),114.45,8375.05,evt_000145,2026-01-08,0.10452771967275175,0,Low,Investigating,M. Ali,20
6848-HJTXY,Female,0,Yes,No,64,Yes,No,No,No internet service,No internet service,No internet service,No internet service,No internet service,No internet service,Two year,No,Credit card (automatic),19.45,1208.6,evt_000146,2026-01-08,0.010153279876551605,0,Low,Queued,M. Ali,36
4815-YOSUK,Male,0,Yes,Yes,72,Yes,Yes,Fiber optic,Yes,Yes,Yes,Yes,No,Yes,One year,Yes,Credit card (automatic),104.9,7537.5,evt_000147,2026-01-08,0.15213853659859994,0,Low,New,Unassigned,34
1136-XGEQU,Female,0,Yes,Yes,50,Yes,Yes,DSL,No,Yes,Yes,Yes,Yes,Yes,One year,Yes,Credit card (automatic),84.15,4164.4,evt_000148,2026-01-08,0.17185815416621827,0,Low,New,A. Khan,29
1122-YJBCS,Male,0,Yes,No,69,Yes,No,DSL,Yes,Yes,No,No,No,No,One year,Yes,Credit card (automatic),53.65,3804.4,evt_000149,2026-01-08,0.05136390597794051,0,Low,Resolved,Unassigned,30
9919-FZDED,Male,1,Yes,No,72,Yes,Yes,DSL,Yes,Yes,Yes,No,Yes,Yes,Two year,Yes,Credit card (automatic),84.1,5981.65,evt_000150,2026-01-08,0.07455326831390367,0,Low,Queued,M. Ali,35
2955-PSXOE,Female,0,No,No,1,Yes,No,No,No internet service,No internet service,No internet service,No internet service,No internet service,No internet service,Month-to-month,Yes,Bank transfer (automatic),20.2,20.2,evt_000151,2026-01-08,0.44176302845222937,0,Moderate,Investigating,A. Khan,10
5804-HYIEZ,Male,0,Yes,Yes,70,Yes,Yes,Fiber optic,Yes,Yes,No,No,Yes,Yes,Month-to-month,Yes,Electronic check,106.05,7554.05,evt_000152,2026-01-08,0.5257689097673368,1,High,Queued,M. Ali,20
8970-ANWXO,Female,0,No,No,23,Yes,Yes,DSL,No,No,No,Yes,Yes,Yes,One year,Yes,Mailed check,73.75,1756.6,evt_000153,2026-01-08,0.41804804857142663,0,Moderate,Resolved,A. Khan,6
4647-MUZON,Female,0,Yes,No,18,Yes,No,Fiber optic,No,No,Yes,No,Yes,Yes,Month-to-month,Yes,Credit card (automatic),95.95,1745.5,evt_000154,2026-01-08,0.7990278951107361,1,Critical,New,Unassigned,34
1945-XISKS,Female,0,Yes,No,67,Yes,No,No,No internet service,No internet service,No internet service,No internet service,No internet service,No internet service,Two year,No,Mailed check,19.65,1335.2,evt_000155,2026-01-08,0.009721821848789208,0,Low,New,S. Fatima,22
9465-RWMXL,Male,0,Yes,No,32,Yes,Yes,Fiber optic,No,No,Yes,No,No,No,Month-to-month,Yes,Electronic check,78.9,2447.95,evt_000156,2026-01-08,0.7528085742293471,1,Critical,Resolved,M. Ali,31
9637-CDTKZ,Male,0,Yes,No,72,Yes,Yes,Fiber optic,Yes,Yes,Yes,Yes,Yes,Yes,Two year,Yes,Credit card (automatic),114.1,8086.4,evt_000157,2026-01-08,0.1351267861241764,0,Low,Resolved,R. Ahmed,27
1110-KYLGQ,Female,0,No,No,63,Yes,Yes,Fiber optic,Yes,Yes,Yes,No,Yes,Yes,Month-to-month,No,Credit card (automatic),108.25,6780.1,evt_000158,2026-01-08,0.420338599086187,0,Moderate,New,R. Ahmed,14
0895-LMRSF,Male,0,No,No,23,Yes,No,DSL,No,No,No,No,Yes,Yes,One year,Yes,Bank transfer (automatic),64.9,1509.8,evt_000159,2026-01-08,0.43244404381632334,0,Moderate,New,Unassigned,8
6543-XRMYR,Female,1,No,No,30,Yes,Yes,Fiber optic,No,Yes,No,No,Yes,Yes,Month-to-month,Yes,Electronic check,99.7,2967.35,evt_000160,2026-01-08,0.8537039895355101,1,Critical,Queued,Unassigned,46
1980-KXVPM,Female,1,No,No,3,Yes,Yes,Fiber optic,No,No,No,No,No,No,Month-to-month,Yes,Credit card (automatic),75.05,256.25,evt_000161,2026-01-08,0.8495852239078665,1,Critical,New,R. Ahmed,15
0536-ACXIP,Female,0,Yes,No,72,Yes,Yes,Fiber optic,Yes,Yes,Yes,No,Yes,Yes,Two year,Yes,Electronic check,109.55,8165.1,evt_000162,2026-01-08,0.24664127663259822,0,Low,New,Unassigned,7
6726-NNFWD,Female,1,Yes,No,71,Yes,No,Fiber optic,No,Yes,Yes,No,No,Yes,Two year,No,Credit card (automatic),89.45,6435.25,evt_000163,2026-01-08,0.11937661485130087,0,Low,Resolved,Unassigned,16
5057-RKGLH,Female,0,Yes,Yes,9,Yes,No,No,No internet service,No internet service,No internet service,No internet service,No internet service,No internet service,Two year,No,Mailed check,20.35,191.1,evt_000164,2026-01-08,0.08049413744679002,0,Low,New,S. Fatima,43
7017-VFULY,Female,0,Yes,No,2,Yes,No,No,No internet service,No internet service,No internet service,No internet service,No internet service,No internet service,Month-to-month,No,Bank transfer (automatic),20.1,43.15,evt_000165,2026-01-08,0.35490853312383847,0,Moderate,Investigating,Unassigned,14
5204-HMGYF,Female,0,Yes,Yes,49,Yes,No,DSL,Yes,Yes,Yes,Yes,Yes,Yes,One year,Yes,Mailed check,87.2,4345.0,evt_000166,2026-01-08,0.10737226101172015,0,Low,New,A. Khan,47
1550-LOAHA,Female,0,Yes,No,32,Yes,No,Fiber optic,No,Yes,No,No,No,Yes,Month-to-month,No,Bank transfer (automatic),84.15,2585.95,evt_000167,2026-01-08,0.5736109410242437,1,High,New,Unassigned,23
4137-JOPHL,Female,0,No,No,50,Yes,No,Fiber optic,No,No,Yes,Yes,No,Yes,Two year,Yes,Bank transfer (automatic),89.7,4304.5,evt_000168,2026-01-08,0.17799208117506082,0,Low,Queued,Unassigned,41
9227-LUNBG,Female,0,No,No,1,No,No phone service,DSL,No,No,No,No,No,No,Month-to-month,No,Electronic check,24.6,24.6,evt_000169,2026-01-08,0.7648715535905631,1,Critical,New,A. Khan,32
8033-VCZGH,Male,0,Yes,No,50,Yes,Yes,Fiber optic,Yes,No,Yes,No,Yes,Yes,One year,Yes,Electronic check,103.95,5231.3,evt_000170,2026-01-08,0.5496158759160819,1,High,Queued,Unassigned,4
1965-DDBWU,Male,0,No,No,16,Yes,Yes,Fiber optic,No,No,No,Yes,No,Yes,Month-to-month,Yes,Credit card (automatic),89.05,1448.6,evt_000171,2026-01-08,0.7620395672292177,1,Critical,New,Unassigned,25
7277-OZCGZ,Female,0,No,No,22,Yes,No,Fiber optic,Yes,No,No,Yes,No,Yes,Month-to-month,Yes,Electronic check,89.05,1886.25,evt_000172,2026-01-08,0.6694669534633619,1,High,Resolved,M. Ali,21
1705-GUHPV,Female,0,No,No,63,Yes,Yes,No,No internet service,No internet service,No internet service,No internet service,No internet service,No internet service,Two year,No,Mailed check,24.2,1618.2,evt_000173,2026-01-08,0.015079141347484313,0,Low,Investigating,S. Fatima,11
0684-AOSIH,Male,0,Yes,No,1,Yes,No,Fiber optic,Yes,No,No,No,Yes,Yes,Month-to-month,Yes,Electronic check,95.0,95.0,evt_000174,2026-01-08,0.8722488868611639,1,Critical,Investigating,Unassigned,27
3173-NVMPX,Female,0,Yes,Yes,9,Yes,Yes,DSL,No,Yes,No,No,No,No,Month-to-month,Yes,Mailed check,55.3,501.2,evt_000175,2026-01-08,0.5675904948660391,1,High,New,Unassigned,6
7005-CCBKV,Male,0,No,No,6,Yes,No,Fiber optic,No,Yes,No,No,No,Yes,Month-to-month,Yes,Electronic check,84.4,556.35,evt_000176,2026-01-08,0.8616014929402801,1,Critical,New,A. Khan,34
9777-IQHWP,Male,0,Yes,Yes,64,Yes,Yes,Fiber optic,Yes,No,Yes,No,No,Yes,Two year,No,Bank transfer (automatic),93.4,5822.3,evt_000177,2026-01-08,0.10334658511672391,0,Low,New,M. Ali,39
4302-ZYFEL,Male,0,Yes,Yes,69,Yes,No,No,No internet service,No internet service,No internet service,No internet service,No internet service,No internet service,One year,Yes,Credit card (automatic),20.55,1403.1,evt_000178,2026-01-08,0.019233679788268985,0,Low,Queued,R. Ahmed,6
9430-NKQLY,Male,0,Yes,Yes,72,Yes,Yes,No,No internet service,No internet service,No internet service,No internet service,No internet service,No internet service,Two year,Yes,Credit card (automatic),25.1,1790.8,evt_000179,2026-01-08,0.01145355346117339,0,Low,New,M. Ali,24
9135-HSWOC,Male,0,Yes,Yes,64,Yes,No,No,No internet service,No internet service,No internet service,No internet service,No internet service,No internet service,Two year,Yes,Bank transfer (automatic),19.7,1274.05,evt_000180,2026-01-08,0.012140957409986535,0,Low,New,M. Ali,32
4086-ATNFV,Female,0,Yes,Yes,34,Yes,No,DSL,Yes,Yes,Yes,No,No,No,One year,Yes,Mailed check,60.8,2042.05,evt_000181,2026-01-08,0.12273388840438516,0,Low,New,A. Khan,4
4227-OJHAL,Female,0,Yes,Yes,68,Yes,Yes,DSL,Yes,Yes,Yes,No,Yes,No,One year,Yes,Credit card (automatic),73.0,5163.0,evt_000182,2026-01-08,0.07786403639716491,0,Low,New,A. Khan,19
0096-BXERS,Female,0,Yes,No,6,Yes,Yes,DSL,No,No,No,No,No,No,Month-to-month,No,Electronic check,50.35,314.55,evt_000183,2026-01-08,0.6757147905181505,1,High,New,R. Ahmed,13
3011-WQKSZ,Male,0,No,Yes,19,Yes,No,No,No internet service,No internet service,No internet service,No internet service,No internet service,No internet service,Month-to-month,Yes,Electronic check,20.0,377.55,evt_000184,2026-01-08,0.32024259330883115,0,Moderate,New,R. Ahmed,3
1567-DSCIC,Male,0,No,No,8,Yes,Yes,Fiber optic,No,Yes,Yes,No,Yes,No,Month-to-month,Yes,Electronic check,94.0,773.65,evt_000185,2026-01-08,0.8688293009417498,1,Critical,New,R. Ahmed,38
8495-PRWFH,Female,1,No,No,42,Yes,Yes,DSL,No,No,Yes,No,No,No,Month-to-month,No,Electronic check,55.65,2421.75,evt_000186,2026-01-08,0.40207556104275427,0,Moderate,Queued,Unassigned,22
1087-UDSIH,Female,0,No,No,3,Yes,No,No,No internet service,No internet service,No internet service,No internet service,No internet service,No internet service,Month-to-month,Yes,Mailed check,19.6,59.75,evt_000187,2026-01-08,0.44173430680192394,0,Moderate,New,S. Fatima,36
4283-FUTGF,Male,1,No,No,19,Yes,Yes,Fiber optic,No,No,Yes,No,No,No,Month-to-month,Yes,Electronic check,79.85,1471.75,evt_000188,2026-01-08,0.836979512256011,1,Critical,New,M. Ali,29
3229-USWAR,Female,0,No,No,34,Yes,No,DSL,Yes,No,Yes,Yes,Yes,Yes,One year,Yes,Bank transfer (automatic),79.95,2727.3,evt_000189,2026-01-08,0.19426316192759616,0,Low,Queued,A. Khan,42
8728-SKJLR,Male,0,No,No,41,Yes,No,Fiber optic,No,No,No,Yes,No,No,Month-to-month,Yes,Electronic check,74.25,3089.1,evt_000190,2026-01-08,0.5695190929453084,1,High,Investigating,M. Ali,47
5996-NRVXR,Male,1,Yes,No,40,Yes,No,Fiber optic,Yes,Yes,Yes,Yes,Yes,No,One year,Yes,Credit card (automatic),98.15,4116.8,evt_000191,2026-01-08,0.30992830607153504,0,Moderate,New,M. Ali,29
6542-LWGXJ,Male,0,Yes,No,3,No,No phone service,DSL,No,No,No,No,No,No,Month-to-month,No,Mailed check,25.0,78.25,evt_000192,2026-01-08,0.6945535082613253,1,High,Queued,A. Khan,18
4512-ZUIYL,Female,0,No,No,2,Yes,No,Fiber optic,No,No,No,No,No,No,Month-to-month,No,Bank transfer (automatic),70.0,153.05,evt_000193,2026-01-08,0.7383477455410464,1,High,Resolved,A. Khan,21
4750-ZRXIU,Female,1,No,No,4,Yes,Yes,Fiber optic,No,No,No,No,No,Yes,Month-to-month,Yes,Electronic check,84.6,360.1,evt_000194,2026-01-08,0.9151425102101541,1,Critical,Queued,A. Khan,39
5820-PTRYM,Female,1,Yes,No,56,Yes,Yes,DSL,Yes,Yes,Yes,Yes,No,No,One year,Yes,Credit card (automatic),68.45,4014.0,evt_000195,2026-01-08,0.08538041214531547,0,Low,Resolved,R. Ahmed,21
1265-HVPZB,Male,0,Yes,No,59,Yes,No,DSL,Yes,Yes,Yes,No,Yes,No,One year,No,Credit card (automatic),66.4,3958.2,evt_000196,2026-01-08,0.07102458427835882,0,Low,Investigating,R. Ahmed,25
0390-DCFDQ,Female,1,Yes,No,1,Yes,No,Fiber optic,No,No,No,No,No,No,Month-to-month,Yes,Mailed check,70.45,70.45,evt_000197,2026-01-08,0.8394325093569968,1,Critical,New,Unassigned,10
3569-EDBPQ,Female,0,No,No,24,Yes,Yes,Fiber optic,Yes,No,No,Yes,No,No,Month-to-month,Yes,Electronic check,84.35,1938.05,evt_000198,2026-01-08,0.6385311569978355,1,High,Queued,Unassigned,47
9972-NKTFD,Female,0,No,No,28,Yes,No,DSL,No,Yes,No,Yes,No,No,Month-to-month,No,Bank transfer (automatic),54.65,1517.5,evt_000199,2026-01-08,0.2353750403014357,0,Low,Investigating,R. Ahmed,31
7571-YXDAD,Female,0,No,No,2,Yes,Yes,Fiber optic,No,No,No,No,No,No,Month-to-month,No,Credit card (automatic),74.9,147.15,evt_000200,2026-01-08,0.776992735354509,1,Critical,Resolved,A. Khan,17
6445-TNRXS,Male,0,Yes,Yes,68,Yes,Yes,Fiber optic,Yes,Yes,Yes,Yes,Yes,Yes,Two year,Yes,Bank transfer (automatic),114.7,7849.85,evt_000201,2026-01-08,0.12491712094523381,0,Low,Queued,R. Ahmed,28
7032-LMBHI,Female,0,No,No,37,Yes,Yes,DSL,Yes,No,No,No,Yes,No,One year,No,Bank transfer (automatic),64.65,2347.85,evt_000202,2026-01-08,0.16956025642128836,0,Low,New,A. Khan,20
0004-TLHLJ,Male,0,No,No,4,Yes,No,Fiber optic,No,No,Yes,No,No,No,Month-to-month,Yes,Electronic check,73.9,280.85,evt_000203,2026-01-08,0.8481522346364281,1,Critical,Queued,S. Fatima,9
0866-QLSIR,Female,0,No,No,34,Yes,Yes,DSL,Yes,Yes,No,Yes,No,No,One year,Yes,Mailed check,64.4,2088.75,evt_000204,2026-01-08,0.13762045611559273,0,Low,New,S. Fatima,42
0422-UXFAP,Female,0,Yes,No,51,Yes,Yes,Fiber optic,No,No,Yes,No,Yes,Yes,One year,Yes,Electronic check,98.85,4947.55,evt_000205,2026-01-08,0.6168938596882868,1,High,Investigating,S. Fatima,42
2150-OEGBV,Male,0,No,No,27,Yes,No,No,No internet service,No internet service,No internet service,No internet service,No internet service,No internet service,One year,No,Bank transfer (automatic),20.1,562.6,evt_000206,2026-01-08,0.08950459840881574,0,Low,Queued,M. Ali,40
3571-DPYUH,Male,0,Yes,Yes,58,Yes,Yes,Fiber optic,No,Yes,No,Yes,Yes,No,One year,Yes,Credit card (automatic),94.7,5430.35,evt_000207,2026-01-08,0.25387219984331566,0,Moderate,Investigating,R. Ahmed,18
0685-MLYYM,Female,1,No,No,2,Yes,No,Fiber optic,No,No,No,No,No,No,Month-to-month,No,Electronic check,70.75,154.85,evt_000208,2026-01-08,0.8301090460636703,1,Critical,Investigating,Unassigned,13
7054-LGEQW,Female,0,No,No,1,Yes,No,DSL,No,No,No,No,No,No,Month-to-month,No,Mailed check,45.95,45.95,evt_000209,2026-01-08,0.5832651690532532,1,High,Queued,Unassigned,4
6164-HAQTX,Male,0,No,No,71,No,No phone service,DSL,Yes,Yes,Yes,Yes,Yes,No,Two year,No,Bank transfer (automatic),53.95,3888.65,evt_000210,2026-01-08,0.02226197039491061,0,Low,Queued,R. Ahmed,35
8938-UMKPI,Female,0,No,No,47,Yes,Yes,Fiber optic,No,Yes,Yes,No,Yes,Yes,Month-to-month,Yes,Electronic check,106.4,5127.95,evt_000211,2026-01-08,0.7622869084364887,1,Critical,Investigating,S. Fatima,17
7124-UGSUR,Female,1,Yes,No,61,Yes,Yes,Fiber optic,No,Yes,Yes,No,Yes,Yes,One year,Yes,Credit card (automatic),104.4,6405.0,evt_000212,2026-01-08,0.4767018205038473,0,Moderate,Investigating,A. Khan,43
9378-FXTIZ,Female,0,Yes,No,54,Yes,Yes,DSL,No,No,No,No,Yes,Yes,One year,Yes,Credit card (automatic),70.15,3715.65,evt_000213,2026-01-08,0.2579572117151476,0,Moderate,Investigating,Unassigned,42
9274-CNFMO,Male,1,Yes,No,4,Yes,Yes,Fiber optic,No,No,No,No,No,No,Month-to-month,No,Electronic check,74.95,308.7,evt_000214,2026-01-08,0.8600355764945162,1,Critical,New,R. Ahmed,7
8445-DNBAE,Male,0,No,Yes,1,Yes,Yes,DSL,No,No,No,No,No,No,Month-to-month,Yes,Electronic check,50.05,50.05,evt_000215,2026-01-08,0.7442498957223204,1,High,Queued,M. Ali,44
1956-YIFGE,Male,0,Yes,Yes,22,Yes,No,Fiber optic,No,Yes,Yes,No,Yes,Yes,One year,Yes,Mailed check,100.05,2090.25,evt_000216,2026-01-08,0.5776805456457719,1,High,New,M. Ali,8
9286-DOJGF,Female,1,Yes,No,38,Yes,Yes,Fiber optic,No,No,No,No,No,No,Month-to-month,Yes,Bank transfer (automatic),74.95,2869.85,evt_000217,2026-01-08,0.6656649863133626,1,High,Investigating,Unassigned,24
7748-UMTRK,Female,1,No,Yes,30,Yes,Yes,Fiber optic,No,No,No,Yes,Yes,Yes,Month-to-month,Yes,Electronic check,101.3,2974.5,evt_000218,2026-01-08,0.7870081383517139,1,Critical,Queued,R. Ahmed,23
7129-ACFOG,Female,0,No,No,5,Yes,Yes,DSL,Yes,No,No,No,No,No,Month-to-month,Yes,Electronic check,53.8,283.95,evt_000219,2026-01-08,0.6709309120159946,1,High,Queued,S. Fatima,45
1471-GIQKQ,Female,0,No,No,1,Yes,No,DSL,No,Yes,No,No,No,No,Month-to-month,No,Electronic check,49.95,49.95,evt_000220,2026-01-08,0.627657991409386,1,High,New,R. Ahmed,32
3487-EARAT,Female,0,Yes,Yes,70,Yes,No,DSL,Yes,Yes,Yes,Yes,No,Yes,One year,No,Credit card (automatic),74.1,5222.3,evt_000221,2026-01-08,0.030699753442083033,0,Low,New,S. Fatima,42
5709-LVOEQ,Female,0,Yes,Yes,0,Yes,No,DSL,Yes,Yes,Yes,No,Yes,Yes,Two year,No,Mailed check,80.85,,evt_000222,2026-01-08,0.2479581605002606,0,Low,Investigating,S. Fatima,29
1895-QTKDO,Female,0,No,No,1,Yes,No,DSL,No,No,No,No,No,No,Month-to-month,No,Credit card (automatic),43.95,43.95,evt_000223,2026-01-08,0.5764946248516479,1,High,New,M. Ali,39
6434-TTGJP,Male,0,Yes,Yes,10,No,No phone service,DSL,Yes,Yes,Yes,Yes,No,Yes,Two year,No,Credit card (automatic),53.7,521.0,evt_000224,2026-01-08,0.13915783129483522,0,Low,New,S. Fatima,41
3923-CSIHK,Female,1,Yes,No,50,Yes,No,Fiber optic,No,No,No,No,No,No,Month-to-month,Yes,Electronic check,71.05,3444.85,evt_000225,2026-01-08,0.6034680166947478,1,High,Resolved,R. Ahmed,41
6029-CSMJE,Male,0,No,No,17,No,No phone service,DSL,No,No,No,No,No,No,Month-to-month,Yes,Mailed check,25.65,440.2,evt_000226,2026-01-08,0.6378342957340755,1,High,Investigating,A. Khan,20
4323-SADQS,Male,0,Yes,Yes,7,No,No phone service,DSL,Yes,No,No,Yes,No,No,Month-to-month,Yes,Electronic check,34.5,279.25,evt_000227,2026-01-08,0.587451087082342,1,High,New,Unassigned,19
0794-YVSGE,Male,0,Yes,Yes,72,Yes,No,No,No internet service,No internet service,No internet service,No internet service,No internet service,No internet service,Two year,No,Bank transfer (automatic),20.3,1401.15,evt_000228,2026-01-08,0.006091609911970575,0,Low,New,M. Ali,47
2025-JKFWI,Male,0,No,No,13,Yes,Yes,Fiber optic,No,No,No,Yes,Yes,Yes,Month-to-month,Yes,Mailed check,99.0,1301.7,evt_000229,2026-01-08,0.8252350306278257,1,Critical,Resolved,R. Ahmed,36
8292-ITGYJ,Female,0,Yes,Yes,45,Yes,Yes,No,No internet service,No internet service,No internet service,No internet service,No internet service,No internet service,Two year,Yes,Bank transfer (automatic),24.65,1138.8,evt_000230,2026-01-08,0.03270659970350262,0,Low,Investigating,R. Ahmed,44
3207-OYBWH,Male,1,Yes,No,57,Yes,Yes,Fiber optic,No,Yes,Yes,No,No,Yes,Month-to-month,Yes,Bank transfer (automatic),95.25,5427.05,evt_000231,2026-01-08,0.6022741324122967,1,High,Queued,R. Ahmed,28
1699-UOTXU,Male,0,No,No,60,Yes,No,DSL,Yes,Yes,Yes,No,No,No,Two year,No,Electronic check,61.4,3638.25,evt_000232,2026-01-08,0.035239199257437674,0,Low,New,R. Ahmed,44
8590-OHDIW,Female,0,Yes,Yes,38,Yes,No,No,No internet service,No internet service,No internet service,No internet service,No internet service,No internet service,One year,No,Mailed check,20.3,749.35,evt_000233,2026-01-08,0.04947358297309706,0,Low,New,Unassigned,35
6304-IJFSQ,Male,0,No,No,3,Yes,No,DSL,No,Yes,No,No,No,No,Month-to-month,Yes,Mailed check,49.9,130.1,evt_000234,2026-01-08,0.6234573288034536,1,High,New,S. Fatima,36
6825-UYPFK,Female,0,No,No,23,Yes,Yes,Fiber optic,No,No,No,No,No,No,Month-to-month,No,Bank transfer (automatic),75.6,1758.6,evt_000235,2026-01-08,0.6466848308069513,1,High,Investigating,Unassigned,10
0788-DXBFY,Male,0,Yes,Yes,58,Yes,No,No,No internet service,No internet service,No internet service,No internet service,No internet service,No internet service,One year,Yes,Electronic check,19.55,1108.8,evt_000236,2026-01-08,0.044500206376101144,0,Low,New,Unassigned,28
6137-NICCO,Female,0,Yes,Yes,6,Yes,Yes,Fiber optic,No,Yes,Yes,No,Yes,No,Month-to-month,Yes,Mailed check,94.05,518.75,evt_000237,2026-01-08,0.7963504471882574,1,Critical,New,M. Ali,35
0921-OHLVP,Male,0,No,No,22,Yes,Yes,Fiber optic,No,No,No,No,No,Yes,Month-to-month,No,Electronic check,83.05,1799.3,evt_000238,2026-01-08,0.8047102162509921,1,Critical,Investigating,M. Ali,37
5356-KZCKT,Male,0,No,No,58,Yes,Yes,No,No internet service,No internet service,No internet service,No internet service,No internet service,No internet service,Two year,Yes,Credit card (automatic),24.45,1513.6,evt_000239,2026-01-08,0.02496216243413471,0,Low,Resolved,S. Fatima,46
5296-BFCYD,Male,0,Yes,Yes,46,Yes,No,No,No internet service,No internet service,No internet service,No internet service,No internet service,No internet service,Two year,Yes,Mailed check,20.1,936.85,evt_000240,2026-01-08,0.027007626731855368,0,Low,Investigating,M. Ali,17
6473-ULUHT,Male,0,Yes,Yes,16,Yes,Yes,DSL,Yes,Yes,No,Yes,Yes,Yes,Month-to-month,No,Electronic check,84.9,1398.25,evt_000241,2026-01-08,0.46149458512829844,0,Moderate,Queued,S. Fatima,15
4121-AGSIN,Female,0,Yes,Yes,58,Yes,Yes,No,No internet service,No internet service,No internet service,No internet service,No internet service,No internet service,One year,Yes,Credit card (automatic),24.5,1497.9,evt_000242,2026-01-08,0.03856773890839391,0,Low,Queued,S. Fatima,46
2308-STERM,Female,0,No,No,2,Yes,No,No,No internet service,No internet service,No internet service,No internet service,No internet service,No internet service,Month-to-month,No,Mailed check,19.4,61.05,evt_000243,2026-01-08,0.37132639663453837,0,Moderate,Queued,R. Ahmed,47
8129-GMVGI,Female,0,Yes,Yes,56,Yes,No,No,No internet service,No internet service,No internet service,No internet service,No internet service,No internet service,Two year,No,Mailed check,20.05,1090.1,evt_000244,2026-01-08,0.01221019412925128,0,Low,New,M. Ali,10
4184-VODJZ,Male,0,Yes,Yes,63,Yes,Yes,Fiber optic,No,Yes,No,No,No,Yes,One year,Yes,Electronic check,91.35,5764.7,evt_000245,2026-01-08,0.3900834256521043,0,Moderate,Queued,Unassigned,19
8739-XNIKG,Female,0,No,No,5,Yes,Yes,Fiber optic,No,No,No,No,Yes,No,Month-to-month,Yes,Electronic check,84.0,424.75,evt_000246,2026-01-08,0.8946609999326028,1,Critical,Queued,S. Fatima,45
2606-RMDHZ,Male,0,No,No,6,No,No phone service,DSL,No,Yes,No,No,No,No,Month-to-month,Yes,Credit card (automatic),30.5,208.7,evt_000247,2026-01-08,0.6872908933748778,1,High,Queued,Unassigned,11
2839-RFSQE,Female,0,No,No,2,Yes,No,No,No internet service,No internet service,No internet service,No internet service,No internet service,No internet service,Month-to-month,No,Mailed check,20.65,38.7,evt_000248,2026-01-08,0.3638110458526868,0,Moderate,Resolved,A. Khan,38
2907-ILJBN,Female,0,Yes,Yes,11,Yes,No,No,No internet service,No internet service,No internet service,No internet service,No internet service,No internet service,One year,No,Mailed check,20.6,233.9,evt_000249,2026-01-08,0.13780285781849205,0,Low,Resolved,S. Fatima,7
0410-IPFTY,Female,0,Yes,No,31,Yes,No,Fiber optic,No,Yes,No,No,No,Yes,Month-to-month,Yes,Bank transfer (automatic),83.85,2674.15,evt_000250,2026-01-08,0.6703634074976212,1,High,New,A. Khan,10
2001-EWBQU,Female,0,No,No,60,Yes,Yes,Fiber optic,No,Yes,Yes,No,Yes,Yes,Two year,No,Electronic check,104.7,6333.8,evt_000251,2026-01-08,0.29178669859955125,0,Moderate,New,R. Ahmed,38
3251-YMVWZ,Male,0,No,No,53,Yes,Yes,No,No internet service,No internet service,No internet service,No internet service,No internet service,No internet service,One year,No,Bank transfer (automatic),24.05,1301.9,evt_000252,2026-01-08,0.042219966856845786,0,Low,New,M. Ali,29
9717-QEBGU,Male,0,No,No,2,Yes,No,Fiber optic,No,No,No,No,No,No,Month-to-month,Yes,Electronic check,70.3,144.0,evt_000253,2026-01-08,0.8595437902671926,1,Critical,New,Unassigned,27
6319-IEJWJ,Male,0,Yes,Yes,20,Yes,No,Fiber optic,No,No,No,No,Yes,Yes,Month-to-month,Yes,Electronic check,90.2,1776.55,evt_000254,2026-01-08,0.8319115541483193,1,Critical,New,M. Ali,41
6919-ELBGL,Male,1,Yes,Yes,72,Yes,Yes,Fiber optic,Yes,Yes,Yes,Yes,Yes,Yes,Two year,Yes,Bank transfer (automatic),114.95,8196.4,evt_000255,2026-01-08,0.1304355873378743,0,Low,New,R. Ahmed,16
9586-JGQKH,Female,0,Yes,No,64,Yes,Yes,Fiber optic,No,Yes,No,Yes,Yes,Yes,Two year,Yes,Bank transfer (automatic),105.4,6794.75,evt_000256,2026-01-08,0.20682885998164385,0,Low,Investigating,M. Ali,25
7861-UVUFT,Female,0,Yes,No,15,Yes,No,Fiber optic,No,No,Yes,No,Yes,No,Month-to-month,Yes,Electronic check,84.3,1308.4,evt_000257,2026-01-08,0.8325344292235916,1,Critical,Queued,R. Ahmed,29
9298-WGMRW,Female,0,Yes,No,72,Yes,Yes,Fiber optic,Yes,Yes,Yes,Yes,Yes,Yes,Two year,Yes,Bank transfer (automatic),115.5,8312.75,evt_000258,2026-01-08,0.1323007528178543,0,Low,Resolved,S. Fatima,36
8241-JUIQO,Female,0,No,No,61,Yes,No,No,No internet service,No internet service,No internet service,No internet service,No internet service,No internet service,One year,No,Bank transfer (automatic),19.45,1336.35,evt_000259,2026-01-08,0.02314702886161888,0,Low,New,S. Fatima,17
3239-TPHPZ,Female,0,Yes,No,12,Yes,No,No,No internet service,No internet service,No internet service,No internet service,No internet service,No internet service,Two year,Yes,Electronic check,20.05,264.55,evt_000260,2026-01-15,0.15888326302564834,0,Low,New,M. Ali,31
4067-HLYQI,Female,0,No,No,33,Yes,No,Fiber optic,No,No,No,No,No,No,Month-to-month,Yes,Bank transfer (automatic),70.4,2406.1,evt_000261,2026-01-15,0.6023951204843392,1,High,New,A. Khan,22
2129-ALKBS,Female,0,Yes,Yes,40,Yes,Yes,No,No internet service,No internet service,No internet service,No internet service,No internet service,No internet service,Month-to-month,Yes,Electronic check,26.2,1077.5,evt_000262,2026-01-15,0.19660883529562798,0,Low,New,A. Khan,26
2294-DMMUS,Female,0,Yes,Yes,62,Yes,Yes,DSL,No,No,No,No,Yes,Yes,Month-to-month,Yes,Credit card (automatic),70.45,4300.45,evt_000263,2026-01-15,0.30718649196334374,0,Moderate,New,Unassigned,41
5666-MBJPT,Male,0,No,No,65,Yes,Yes,No,No internet service,No internet service,No internet service,No internet service,No internet service,No internet service,Two year,Yes,Bank transfer (automatic),25.1,1725.0,evt_000264,2026-01-15,0.01881112776416893,0,Low,Resolved,S. Fatima,20
9701-CDXHR,Female,0,Yes,No,51,Yes,No,Fiber optic,No,No,No,No,No,No,Month-to-month,No,Mailed check,69.15,3649.6,evt_000265,2026-01-15,0.4061483467736849,0,Moderate,New,A. Khan,32
1493-AMTIE,Male,0,No,No,1,Yes,No,No,No internet service,No internet service,No internet service,No internet service,No internet service,No internet service,Month-to-month,Yes,Bank transfer (automatic),20.2,20.2,evt_000266,2026-01-15,0.452030054498059,0,Moderate,New,Unassigned,45
3237-AJGEH,Female,0,Yes,Yes,3,No,No phone service,DSL,No,No,No,Yes,No,No,Month-to-month,Yes,Mailed check,31.0,95.05,evt_000267,2026-01-15,0.6261376139451965,1,High,Queued,A. Khan,37
9927-DSWDF,Male,0,Yes,No,22,Yes,No,Fiber optic,Yes,Yes,No,Yes,Yes,Yes,Month-to-month,Yes,Electronic check,104.6,2180.55,evt_000268,2026-01-15,0.7018967209736404,1,High,Queued,S. Fatima,47
1470-PSXNM,Male,0,Yes,Yes,49,Yes,Yes,Fiber optic,No,Yes,Yes,No,Yes,No,One year,Yes,Electronic check,93.65,4520.15,evt_000269,2026-01-15,0.471669193007841,0,Moderate,Queued,Unassigned,28
5402-HTOTQ,Male,0,No,No,16,Yes,Yes,DSL,No,Yes,No,No,No,No,Month-to-month,No,Electronic check,55.3,875.35,evt_000270,2026-01-15,0.5624180003924397,1,High,New,Unassigned,14
9115-YQHGA,Male,0,No,No,40,Yes,No,DSL,No,No,No,Yes,No,No,Month-to-month,Yes,Electronic check,51.1,2092.9,evt_000271,2026-01-15,0.3333447890653025,0,Moderate,Investigating,Unassigned,47
9906-NHHVC,Female,1,No,No,65,No,No phone service,DSL,No,Yes,Yes,No,Yes,Yes,Two year,Yes,Bank transfer (automatic),53.5,3517.9,evt_000272,2026-01-15,0.1141229365069157,0,Low,New,S. Fatima,31
6248-BSHKG,Male,0,Yes,Yes,61,Yes,No,No,No internet service,No internet service,No internet service,No internet service,No internet service,No internet service,One year,No,Mailed check,20.4,1226.45,evt_000273,2026-01-15,0.020434909899766852,0,Low,Queued,Unassigned,13
1776-SPBWV,Female,0,Yes,Yes,34,Yes,No,No,No internet service,No internet service,No internet service,No internet service,No internet service,No internet service,One year,Yes,Bank transfer (automatic),20.1,682.1,evt_000274,2026-01-15,0.07522017746094518,0,Low,Investigating,A. Khan,16
1360-XFJMR,Female,0,Yes,No,67,Yes,Yes,Fiber optic,No,Yes,Yes,Yes,Yes,Yes,One year,Yes,Credit card (automatic),109.7,7344.45,evt_000275,2026-01-15,0.32651966018194034,0,Moderate,Investigating,Unassigned,14
4860-YZGZM,Male,0,No,No,10,Yes,No,No,No internet service,No internet service,No internet service,No internet service,No internet service,No internet service,Month-to-month,No,Electronic check,20.0,185.4,evt_000276,2026-01-15,0.3751634536861838,0,Moderate,New,Unassigned,40
1257-SXUXQ,Male,0,Yes,Yes,5,Yes,No,No,No internet service,No internet service,No internet service,No internet service,No internet service,No internet service,Month-to-month,No,Mailed check,19.45,86.05,evt_000277,2026-01-15,0.307180742343329,0,Moderate,Queued,Unassigned,6
6331-LWDTQ,Male,0,No,No,10,Yes,Yes,DSL,No,No,No,No,Yes,Yes,Month-to-month,Yes,Credit card (automatic),72.15,794.25,evt_000278,2026-01-15,0.73981358219512,1,High,New,M. Ali,36
4674-HGNUA,Male,0,Yes,Yes,71,Yes,Yes,DSL,Yes,Yes,Yes,Yes,Yes,Yes,Two year,No,Credit card (automatic),89.9,6457.15,evt_000279,2026-01-15,0.02954950705183839,0,Low,New,A. Khan,27
8752-STIVR,Female,0,No,No,4,Yes,No,Fiber optic,No,No,No,No,Yes,No,Month-to-month,Yes,Electronic check,79.0,303.15,evt_000280,2026-01-15,0.8752672451885016,1,Critical,New,R. Ahmed,5
8696-JKZNU,Female,1,No,No,37,Yes,Yes,Fiber optic,No,No,No,No,No,No,Month-to-month,Yes,Electronic check,76.25,2841.55,evt_000281,2026-01-15,0.746469861064734,1,High,Investigating,S. Fatima,30
8590-YFFQO,Male,0,Yes,No,70,Yes,No,DSL,Yes,Yes,Yes,Yes,No,No,Two year,No,Credit card (automatic),64.95,4523.25,evt_000282,2026-01-15,0.013247538472657626,0,Low,New,S. Fatima,36
0254-KCJGT,Male,0,Yes,No,52,Yes,Yes,DSL,Yes,Yes,Yes,Yes,No,Yes,One year,Yes,Credit card (automatic),81.4,4354.45,evt_000283,2026-01-15,0.11416700852024687,0,Low,Investigating,Unassigned,35
2843-CQMEG,Male,0,No,No,24,Yes,No,DSL,No,Yes,No,No,No,No,Month-to-month,Yes,Mailed check,49.7,1218.25,evt_000284,2026-01-15,0.4431272513391394,0,Moderate,New,R. Ahmed,26
4304-TSPVK,Female,0,Yes,No,68,Yes,Yes,Fiber optic,Yes,Yes,Yes,Yes,Yes,Yes,Two year,No,Bank transfer (automatic),114.9,7843.55,evt_000285,2026-01-15,0.10683933786011039,0,Low,Investigating,M. Ali,17
1852-XEMDW,Male,0,No,No,22,Yes,Yes,DSL,Yes,Yes,Yes,No,No,No,Month-to-month,No,Mailed check,65.05,1427.55,evt_000286,2026-01-15,0.32905740423441476,0,Moderate,Investigating,S. Fatima,9
5313-FPXWG,Male,0,No,No,51,Yes,Yes,No,No internet service,No internet service,No internet service,No internet service,No internet service,No internet service,One year,Yes,Bank transfer (automatic),24.6,1266.4,evt_000287,2026-01-15,0.0625630751994208,0,Low,New,A. Khan,2
6729-GDNGC,Female,1,No,No,20,Yes,No,Fiber optic,No,No,No,No,Yes,No,Month-to-month,No,Bank transfer (automatic),80.7,1614.2,evt_000288,2026-01-15,0.7054751340453893,1,High,New,M. Ali,18
5281-BUZGT,Male,1,No,No,36,Yes,Yes,Fiber optic,Yes,No,No,No,Yes,No,Month-to-month,Yes,Electronic check,90.85,3186.7,evt_000289,2026-01-15,0.7378144902893006,1,High,New,A. Khan,31
6681-ZSEXG,Male,0,Yes,No,56,Yes,Yes,DSL,No,Yes,Yes,No,No,No,Two year,No,Credit card (automatic),59.5,3389.25,evt_000290,2026-01-15,0.052866141156432074,0,Low,Investigating,Unassigned,3
9962-BFPDU,Female,0,Yes,Yes,1,Yes,No,No,No internet service,No internet service,No internet service,No internet service,No internet service,No internet service,Month-to-month,No,Mailed check,20.05,20.05,evt_000291,2026-01-15,0.33206118740998974,0,Moderate,New,Unassigned,47
6184-DYUOB,Female,0,Yes,No,3,Yes,No,No,No internet service,No internet service,No internet service,No internet service,No internet service,No internet service,Month-to-month,Yes,Mailed check,19.6,55.25,evt_000292,2026-01-15,0.4459709254725195,0,Moderate,Queued,S. Fatima,28
6773-LQTVT,Female,1,Yes,Yes,29,No,No phone service,DSL,No,Yes,Yes,No,No,No,Month-to-month,Yes,Mailed check,35.65,1025.15,evt_000293,2026-01-15,0.46083749495456117,0,Moderate,Queued,S. Fatima,15
6297-NOOPG,Female,0,Yes,No,70,Yes,Yes,Fiber optic,No,Yes,Yes,Yes,Yes,Yes,Two year,Yes,Electronic check,110.5,7752.05,evt_000294,2026-01-15,0.2524727681160922,0,Moderate,Investigating,R. Ahmed,46
0689-NKYLF,Male,0,No,No,13,Yes,No,Fiber optic,No,No,Yes,No,Yes,No,Month-to-month,Yes,Electronic check,83.2,1060.6,evt_000295,2026-01-15,0.844524695912214,1,Critical,Queued,Unassigned,10
9279-CJEOJ,Female,1,No,No,21,Yes,Yes,Fiber optic,No,No,No,No,Yes,Yes,Month-to-month,Yes,Bank transfer (automatic),95.4,2025.1,evt_000296,2026-01-15,0.8499388746233202,1,Critical,Queued,Unassigned,46
1431-AIDJQ,Male,0,Yes,Yes,33,Yes,No,DSL,No,Yes,Yes,Yes,Yes,Yes,Two year,No,Credit card (automatic),82.1,2603.1,evt_000297,2026-01-15,0.08442498826659363,0,Low,Resolved,R. Ahmed,14
9097-ZUBYC,Male,0,Yes,No,14,Yes,No,DSL,No,No,No,Yes,No,No,Month-to-month,No,Bank transfer (automatic),48.8,664.4,evt_000298,2026-01-15,0.38486190731555997,0,Moderate,New,Unassigned,19
3887-PBQAO,Female,0,Yes,Yes,45,Yes,Yes,No,No internet service,No internet service,No internet service,No internet service,No internet service,No internet service,One year,Yes,Credit card (automatic),25.9,1216.6,evt_000299,2026-01-15,0.062357613396934235,0,Low,Investigating,S. Fatima,21
0297-RBCSG,Male,0,No,No,19,Yes,No,DSL,No,Yes,No,Yes,No,Yes,One year,Yes,Bank transfer (automatic),65.35,1231.85,evt_000300,2026-01-15,0.2880802401499786,0,Moderate,New,S. Fatima,47
3750-CKVKH,Male,0,No,No,2,Yes,No,Fiber optic,No,No,No,No,No,No,Month-to-month,Yes,Electronic check,67.75,116.65,evt_000301,2026-01-15,0.8655921445130403,1,Critical,Queued,Unassigned,13
3413-CSSTH,Male,0,No,No,41,Yes,Yes,DSL,No,No,Yes,No,No,No,Month-to-month,Yes,Bank transfer (automatic),55.7,2237.55,evt_000302,2026-01-15,0.36104060088159307,0,Moderate,Resolved,S. Fatima,46
3244-DCJWY,Female,0,No,No,1,Yes,No,Fiber optic,No,No,No,No,No,No,Month-to-month,Yes,Electronic check,70.25,70.25,evt_000303,2026-01-15,0.8583549922656273,1,Critical,Queued,S. Fatima,17
4695-VADHF,Male,0,Yes,Yes,18,Yes,No,DSL,No,No,Yes,No,No,Yes,Month-to-month,No,Electronic check,57.45,990.85,evt_000304,2026-01-15,0.5515624067823732,1,High,Investigating,M. Ali,15
1077-HUUJM,Female,0,No,Yes,7,Yes,No,Fiber optic,No,No,No,No,No,No,Month-to-month,Yes,Electronic check,71.05,472.65,evt_000305,2026-01-15,0.798784951546266,1,Critical,New,S. Fatima,31
3978-YNKDD,Male,0,No,Yes,19,Yes,No,No,No internet service,No internet service,No internet service,No internet service,No internet service,No internet service,Two year,No,Credit card (automatic),20.85,467.5,evt_000306,2026-01-15,0.0523717477748663,0,Low,New,R. Ahmed,33
3115-CZMZD,Male,0,No,Yes,0,Yes,No,No,No internet service,No internet service,No internet service,No internet service,No internet service,No internet service,Two year,No,Mailed check,20.25,,evt_000307,2026-01-15,0.14780563221228227,0,Low,New,R. Ahmed,17
8701-DGLVH,Male,0,No,No,51,Yes,No,No,No internet service,No internet service,No internet service,No internet service,No internet service,No internet service,Two year,No,Mailed check,20.45,1042.65,evt_000308,2026-01-15,0.018956019764072504,0,Low,Queued,S. Fatima,8
7971-HLVXI,Male,0,Yes,Yes,72,Yes,Yes,Fiber optic,No,No,No,No,No,Yes,Two year,Yes,Credit card (automatic),84.5,6130.85,evt_000309,2026-01-15,0.1587884583930937,0,Low,Queued,M. Ali,20
3795-GWTRD,Female,0,Yes,Yes,63,Yes,No,DSL,Yes,Yes,Yes,Yes,Yes,No,Two year,No,Credit card (automatic),75.55,4707.85,evt_000310,2026-01-15,0.017763139765037066,0,Low,New,Unassigned,26
8903-XEBGX,Male,0,No,Yes,2,Yes,No,DSL,No,No,No,No,No,Yes,Month-to-month,Yes,Electronic check,55.3,108.65,evt_000311,2026-01-15,0.746156214808238,1,High,New,M. Ali,3
2746-DIJLO,Female,0,No,No,41,Yes,Yes,DSL,No,Yes,No,No,No,No,One year,Yes,Credit card (automatic),56.3,2364.0,evt_000312,2026-01-15,0.19506230645749625,0,Low,New,Unassigned,5
7369-TRPFD,Male,0,No,No,19,Yes,No,No,No internet service,No internet service,No internet service,No internet service,No internet service,No internet service,One year,No,Mailed check,18.8,279.2,evt_000313,2026-01-15,0.12861106151155088,0,Low,New,M. Ali,44
5727-MYATE,Male,0,Yes,Yes,72,Yes,Yes,DSL,Yes,Yes,Yes,Yes,Yes,Yes,Two year,Yes,Credit card (automatic),90.8,6397.6,evt_000314,2026-01-15,0.038171340905948044,0,Low,New,R. Ahmed,3
7504-UWHNB,Male,0,No,No,25,Yes,No,Fiber optic,No,No,No,No,No,No,Month-to-month,No,Electronic check,69.75,1729.35,evt_000315,2026-01-15,0.680060895807119,1,High,Investigating,S. Fatima,20
7892-POOKP,Female,0,Yes,No,28,Yes,Yes,Fiber optic,No,No,Yes,Yes,Yes,Yes,Month-to-month,Yes,Electronic check,104.8,3046.05,evt_000316,2026-01-15,0.8102624035968444,1,Critical,Queued,Unassigned,37
8058-DMYRU,Male,1,No,No,54,Yes,Yes,Fiber optic,No,Yes,No,No,No,Yes,Month-to-month,Yes,Electronic check,90.05,4931.8,evt_000317,2026-01-15,0.7097891805537218,1,High,New,A. Khan,17
6234-RAAPL,Female,0,Yes,Yes,72,Yes,Yes,Fiber optic,Yes,Yes,No,Yes,Yes,No,Two year,No,Bank transfer (automatic),99.9,7251.7,evt_000318,2026-01-15,0.05505961917592207,0,Low,Investigating,Unassigned,24
2758-RNWXS,Male,0,No,No,35,Yes,No,Fiber optic,Yes,No,No,Yes,No,Yes,One year,Yes,Electronic check,89.2,3251.3,evt_000319,2026-01-15,0.43041425021651836,0,Moderate,Investigating,S. Fatima,5
3982-JGSFD,Male,0,No,No,36,Yes,No,No,No internet service,No internet service,No internet service,No internet service,No internet service,No internet service,One year,Yes,Credit card (automatic),20.35,695.85,evt_000320,2026-01-15,0.08561169181886931,0,Low,New,R. Ahmed,38
9692-TUSXH,Female,0,No,No,18,Yes,No,Fiber optic,Yes,No,No,No,Yes,Yes,Month-to-month,Yes,Electronic check,96.05,1740.7,evt_000321,2026-01-15,0.8018316404634473,1,Critical,New,S. Fatima,31
3466-RITXD,Male,0,No,No,26,Yes,Yes,Fiber optic,Yes,Yes,No,No,Yes,No,Month-to-month,Yes,Credit card (automatic),92.4,2349.8,evt_000322,2026-01-15,0.6602580432800598,1,High,New,A. Khan,41
4631-OACRM,Male,1,No,No,15,Yes,No,Fiber optic,No,No,No,No,No,Yes,Month-to-month,Yes,Electronic check,79.4,1156.1,evt_000323,2026-01-15,0.8667429852887317,1,Critical,New,S. Fatima,41
9685-WKZGT,Male,1,No,No,14,Yes,Yes,Fiber optic,No,No,No,No,No,No,Month-to-month,Yes,Electronic check,74.95,1036.75,evt_000324,2026-01-15,0.8620269870982966,1,Critical,Investigating,M. Ali,18
8727-XDPUD,Male,0,No,No,37,No,No phone service,DSL,No,No,No,No,Yes,No,Two year,No,Credit card (automatic),35.8,1316.9,evt_000325,2026-01-15,0.14457571547089415,0,Low,Resolved,M. Ali,3
3420-YJLQT,Female,0,No,No,2,Yes,Yes,Fiber optic,No,Yes,No,No,No,No,Month-to-month,No,Electronic check,79.55,151.75,evt_000326,2026-01-15,0.8163334303131472,1,Critical,New,R. Ahmed,17
5630-AHZIL,Female,0,No,Yes,3,Yes,No,DSL,Yes,No,No,Yes,No,Yes,Month-to-month,Yes,Bank transfer (automatic),64.5,177.4,evt_000327,2026-01-15,0.45739922877470335,0,Moderate,Investigating,S. Fatima,8
3679-XASPY,Female,0,Yes,Yes,1,Yes,No,No,No internet service,No internet service,No internet service,No internet service,No internet service,No internet service,Month-to-month,No,Electronic check,19.45,19.45,evt_000328,2026-01-15,0.41161594910171667,0,Moderate,New,A. Khan,26
3649-JPUGY,Male,0,No,No,72,Yes,Yes,DSL,No,Yes,Yes,Yes,Yes,Yes,Two year,Yes,Bank transfer (automatic),88.6,6201.95,evt_000329,2026-01-15,0.062300051837631466,0,Low,Queued,A. Khan,8
2452-KDRRH,Male,1,No,No,67,Yes,Yes,Fiber optic,No,No,Yes,No,Yes,Yes,Month-to-month,Yes,Credit card (automatic),101.4,6841.05,evt_000330,2026-01-15,0.6400223230169141,1,High,Investigating,M. Ali,44
4547-LYTDD,Female,0,No,No,16,Yes,Yes,Fiber optic,No,No,No,No,No,No,Month-to-month,No,Electronic check,72.65,1194.3,evt_000331,2026-01-15,0.7812131420449487,1,Critical,New,M. Ali,29
0730-KOAVE,Male,0,No,No,30,Yes,Yes,Fiber optic,Yes,Yes,No,No,No,Yes,Month-to-month,Yes,Credit card (automatic),94.3,2679.7,evt_000332,2026-01-15,0.6363601634490291,1,High,New,R. Ahmed,13
7641-TQFHN,Male,0,No,Yes,39,Yes,Yes,Fiber optic,No,No,No,Yes,Yes,Yes,Two year,No,Mailed check,100.55,3895.35,evt_000333,2026-01-15,0.2505925990446743,0,Moderate,Queued,A. Khan,44
2293-IJWPS,Female,0,Yes,No,57,Yes,Yes,Fiber optic,No,No,Yes,No,Yes,Yes,One year,Yes,Credit card (automatic),100.75,5985.0,evt_000334,2026-01-15,0.49301240926613416,0,Moderate,Resolved,Unassigned,37
7488-MXJIV,Female,0,No,No,4,Yes,Yes,Fiber optic,No,No,No,No,Yes,No,Month-to-month,Yes,Electronic check,85.65,321.65,evt_000335,2026-01-15,0.8935219464561471,1,Critical,New,M. Ali,22
4190-MFLUW,Female,0,Yes,Yes,10,Yes,No,DSL,No,No,Yes,Yes,No,No,Month-to-month,No,Credit card (automatic),55.2,528.35,evt_000336,2026-01-15,0.3405520468080082,0,Moderate,New,A. Khan,8
5966-EMAZU,Male,0,Yes,No,64,Yes,Yes,Fiber optic,Yes,No,Yes,Yes,Yes,Yes,One year,Yes,Mailed check,108.5,6880.85,evt_000337,2026-01-15,0.3107419512791896,0,Moderate,New,Unassigned,17
5951-AOFIH,Male,0,No,No,33,Yes,No,DSL,No,Yes,Yes,No,Yes,No,Month-to-month,Yes,Credit card (automatic),66.4,2245.4,evt_000338,2026-01-15,0.40375444492575263,0,Moderate,Queued,M. Ali,28
4530-NDRKU,Female,0,Yes,Yes,42,Yes,No,No,No internet service,No internet service,No internet service,No internet service,No internet service,No internet service,One year,Yes,Electronic check,19.05,761.85,evt_000339,2026-01-15,0.0804033615091904,0,Low,Queued,S. Fatima,37
8739-WWKDU,Male,1,No,No,25,Yes,Yes,Fiber optic,No,Yes,No,No,Yes,No,Month-to-month,Yes,Electronic check,89.5,2196.15,evt_000340,2026-01-15,0.8347440002007452,1,Critical,Investigating,Unassigned,14
2155-AMQRX,Female,0,No,No,28,Yes,Yes,DSL,No,No,No,Yes,No,No,Month-to-month,Yes,Credit card (automatic),54.9,1505.15,evt_000341,2026-01-15,0.38503496014233635,0,Moderate,Investigating,Unassigned,36
1090-ESELR,Male,0,Yes,Yes,72,Yes,No,Fiber optic,Yes,Yes,No,Yes,Yes,Yes,Two year,No,Bank transfer (automatic),105.5,7611.55,evt_000342,2026-01-15,0.06347342130271308,0,Low,Resolved,Unassigned,15
8132-YPVBX,Female,0,No,No,6,Yes,No,Fiber optic,No,Yes,No,No,No,Yes,Month-to-month,Yes,Mailed check,85.95,514.6,evt_000343,2026-01-15,0.8046742176326923,1,Critical,Investigating,A. Khan,13
0868-VJRDR,Male,0,Yes,No,64,Yes,No,Fiber optic,Yes,Yes,No,Yes,Yes,Yes,Two year,Yes,Credit card (automatic),104.05,6605.55,evt_000344,2026-01-15,0.12506292724272913,0,Low,New,R. Ahmed,22
1709-EJDOX,Female,0,Yes,Yes,47,Yes,No,No,No internet service,No internet service,No internet service,No internet service,No internet service,No internet service,Two year,No,Mailed check,19.75,948.9,evt_000345,2026-01-15,0.01791429371287419,0,Low,Queued,Unassigned,9
5505-OVWQW,Female,0,No,No,17,Yes,No,No,No internet service,No internet service,No internet service,No internet service,No internet service,No internet service,One year,No,Mailed check,20.15,353.65,evt_000346,2026-01-15,0.13259941572382264,0,Low,New,Unassigned,20
9445-SZLCH,Female,0,Yes,Yes,36,Yes,Yes,Fiber optic,No,Yes,Yes,No,Yes,No,Month-to-month,Yes,Bank transfer (automatic),97.35,3457.9,evt_000347,2026-01-15,0.6108027246628647,1,High,New,A. Khan,18
6340-DACFT,Female,0,Yes,Yes,50,Yes,No,No,No internet service,No internet service,No internet service,No internet service,No internet service,No internet service,Two year,No,Credit card (automatic),20.55,1070.25,evt_000348,2026-01-15,0.014688024460404073,0,Low,Resolved,S. Fatima,14
0997-YTLNY,Female,0,No,Yes,19,Yes,No,DSL,No,No,No,Yes,No,No,Month-to-month,No,Mailed check,48.8,953.65,evt_000349,2026-01-15,0.3012477984814056,0,Moderate,Investigating,M. Ali,37
5022-JNQEQ,Female,0,Yes,Yes,9,Yes,No,Fiber optic,No,No,No,Yes,No,No,Month-to-month,Yes,Electronic check,75.85,647.5,evt_000350,2026-01-15,0.7252386219110992,1,High,Resolved,A. Khan,17
6383-ZTSIW,Female,1,Yes,No,39,Yes,No,Fiber optic,Yes,Yes,No,No,Yes,Yes,One year,No,Mailed check,99.1,3877.95,evt_000351,2026-01-15,0.39121062518748995,0,Moderate,New,R. Ahmed,33
2761-OCIAX,Male,1,No,No,2,Yes,No,Fiber optic,No,Yes,No,No,No,No,Month-to-month,Yes,Electronic check,74.7,165.4,evt_000352,2026-01-15,0.8618580822282399,1,Critical,Queued,M. Ali,35
0397-ZXWQF,Male,0,No,No,67,Yes,No,No,No internet service,No internet service,No internet service,No internet service,No internet service,No internet service,Two year,No,Bank transfer (automatic),20.5,1430.95,evt_000353,2026-01-15,0.009291494845067328,0,Low,Queued,M. Ali,32
2573-GYRUU,Male,1,Yes,No,48,Yes,Yes,Fiber optic,No,No,Yes,No,No,Yes,Month-to-month,Yes,Credit card (automatic),91.05,4370.75,evt_000354,2026-01-15,0.680465759096378,1,High,New,A. Khan,14
4940-KHCWD,Female,0,Yes,No,60,No,No phone service,DSL,Yes,Yes,No,Yes,No,No,Two year,No,Bank transfer (automatic),37.7,2288.7,evt_000355,2026-01-15,0.022931958193471245,0,Low,New,S. Fatima,40
8699-ASUFO,Male,1,Yes,No,7,Yes,Yes,Fiber optic,No,No,No,No,No,No,Month-to-month,Yes,Mailed check,74.4,527.9,evt_000356,2026-01-15,0.8519479625586965,1,Critical,Queued,A. Khan,12
9534-NSXEM,Male,0,No,No,26,Yes,No,No,No internet service,No internet service,No internet service,No internet service,No internet service,No internet service,One year,Yes,Credit card (automatic),20.65,595.5,evt_000357,2026-01-15,0.12580454855939457,0,Low,New,S. Fatima,14
5651-YLPRD,Female,0,Yes,Yes,32,Yes,No,Fiber optic,No,Yes,No,No,Yes,No,Month-to-month,Yes,Electronic check,86.1,2723.75,evt_000358,2026-01-15,0.680613503353168,1,High,Resolved,A. Khan,42
7235-NXZCP,Male,1,No,No,2,Yes,Yes,Fiber optic,No,No,No,No,No,No,Month-to-month,Yes,Mailed check,74.85,156.4,evt_000359,2026-01-15,0.8669666748097341,1,Critical,New,Unassigned,17
3780-YVMFA,Female,0,Yes,Yes,8,Yes,No,DSL,No,No,No,Yes,Yes,Yes,Month-to-month,Yes,Electronic check,68.55,564.35,evt_000360,2026-01-15,0.6783037078821516,1,High,New,A. Khan,34
4840-ORQXB,Female,1,No,No,56,Yes,Yes,Fiber optic,No,Yes,Yes,No,Yes,Yes,Month-to-month,No,Electronic check,104.75,5841.35,evt_000361,2026-01-15,0.6815102677179139,1,High,Investigating,S. Fatima,3
0883-EIBTI,Female,0,No,No,2,Yes,No,No,No internet service,No internet service,No internet service,No internet service,No internet service,No internet service,Month-to-month,No,Mailed check,19.5,31.55,evt_000362,2026-01-15,0.36940104464395696,0,Moderate,New,M. Ali,30
1271-UODNO,Male,0,No,No,39,Yes,Yes,DSL,No,No,No,Yes,No,No,Two year,Yes,Credit card (automatic),53.85,2200.7,evt_000363,2026-01-15,0.1030958000447769,0,Low,Resolved,A. Khan,41
4640-UHDOS,Female,0,Yes,Yes,13,Yes,No,DSL,No,No,No,No,No,Yes,Month-to-month,No,Electronic check,55.95,734.35,evt_000364,2026-01-15,0.5800001977862446,1,High,Investigating,M. Ali,34
9412-ARGBX,Female,0,No,Yes,48,Yes,No,Fiber optic,No,Yes,Yes,Yes,Yes,No,Two year,Yes,Mailed check,95.5,4627.85,evt_000365,2026-01-15,0.14782902485174887,0,Low,New,A. Khan,28
6651-AZVTJ,Male,0,Yes,Yes,49,Yes,Yes,Fiber optic,No,No,Yes,No,Yes,Yes,Month-to-month,Yes,Electronic check,99.8,4872.45,evt_000366,2026-01-15,0.7443744543052887,1,High,Investigating,A. Khan,41
2990-IAJSV,Male,0,No,No,72,Yes,Yes,DSL,Yes,Yes,Yes,Yes,Yes,Yes,Two year,No,Bank transfer (automatic),92.0,6632.75,evt_000367,2026-01-15,0.033863840629606345,0,Low,Queued,S. Fatima,15
8619-IJNDK,Female,0,Yes,Yes,71,Yes,No,DSL,Yes,Yes,Yes,Yes,No,No,Two year,No,Credit card (automatic),64.05,4492.9,evt_000368,2026-01-15,0.009977566371699303,0,Low,Investigating,R. Ahmed,19
0742-LAFQK,Male,0,Yes,No,72,Yes,Yes,Fiber optic,Yes,Yes,Yes,No,No,Yes,Two year,Yes,Electronic check,99.15,7422.1,evt_000369,2026-01-15,0.19363279158652666,0,Low,Investigating,A. Khan,5
7239-HZZCX,Male,0,No,No,1,Yes,No,No,No internet service,No internet service,No internet service,No internet service,No internet service,No internet service,Month-to-month,No,Mailed check,19.75,19.75,evt_000370,2026-01-15,0.38805162658341075,0,Moderate,Investigating,S. Fatima,34
8821-XNHVZ,Female,0,Yes,Yes,1,Yes,No,Fiber optic,No,No,No,No,Yes,No,Month-to-month,Yes,Mailed check,80.05,80.05,evt_000371,2026-01-15,0.8165118590911958,1,Critical,Queued,R. Ahmed,35
3831-YCPUO,Female,0,Yes,Yes,72,Yes,No,Fiber optic,Yes,Yes,Yes,Yes,Yes,Yes,Two year,Yes,Credit card (automatic),109.5,7854.9,evt_000372,2026-01-15,0.08477263809250886,0,Low,New,M. Ali,36
3893-JRNFS,Male,0,No,No,68,No,No phone service,DSL,No,No,Yes,No,No,Yes,Month-to-month,Yes,Bank transfer (automatic),39.9,2796.35,evt_000373,2026-01-15,0.243405020000602,0,Low,Investigating,S. Fatima,36
8580-QVLOC,Female,1,Yes,Yes,72,Yes,Yes,DSL,Yes,Yes,Yes,Yes,Yes,Yes,Two year,No,Credit card (automatic),92.45,6440.25,evt_000374,2026-01-15,0.03011957157360926,0,Low,Resolved,A. Khan,7
8245-UMPYT,Female,1,No,No,16,Yes,Yes,Fiber optic,No,No,No,No,Yes,Yes,Month-to-month,Yes,Electronic check,96.4,1581.2,evt_000375,2026-01-15,0.9044678552417388,1,Critical,Queued,M. Ali,32
0230-UBYPQ,Male,1,Yes,No,63,No,No phone service,DSL,Yes,No,No,Yes,No,No,One year,No,Bank transfer (automatic),36.1,2298.9,evt_000376,2026-01-15,0.052233929838473775,0,Low,Queued,S. Fatima,37
3580-GICBM,Female,0,Yes,Yes,61,Yes,Yes,No,No internet service,No internet service,No internet service,No internet service,No internet service,No internet service,Two year,Yes,Mailed check,24.2,1445.2,evt_000377,2026-01-15,0.01842142914392698,0,Low,Queued,Unassigned,11
3292-PBZEJ,Male,1,No,No,11,Yes,Yes,Fiber optic,No,Yes,Yes,Yes,Yes,Yes,Month-to-month,Yes,Electronic check,111.4,1183.05,evt_000378,2026-01-15,0.8625997530935728,1,Critical,Investigating,Unassigned,23
0164-XAIRP,Female,0,No,No,24,Yes,No,No,No internet service,No internet service,No internet service,No internet service,No internet service,No internet service,Two year,Yes,Bank transfer (automatic),19.55,470.2,evt_000379,2026-01-15,0.07055508234992854,0,Low,Resolved,Unassigned,44
4090-KPJIP,Female,0,No,No,3,Yes,Yes,Fiber optic,No,No,No,No,No,No,Month-to-month,Yes,Electronic check,74.95,212.4,evt_000380,2026-01-15,0.8762903563733466,1,Critical,New,S. Fatima,21
3365-SAIGS,Female,0,No,No,17,Yes,No,Fiber optic,No,Yes,No,No,Yes,No,Month-to-month,Yes,Electronic check,83.55,1329.15,evt_000381,2026-01-15,0.8035582451716059,1,Critical,New,A. Khan,36
8160-HOWOX,Female,0,No,No,7,Yes,No,DSL,No,No,No,No,Yes,Yes,Month-to-month,Yes,Electronic check,66.85,458.1,evt_000382,2026-01-15,0.7802137629298851,1,Critical,Queued,M. Ali,26
5380-XPJNZ,Female,0,No,No,38,Yes,No,No,No internet service,No internet service,No internet service,No internet service,No internet service,No internet service,One year,No,Mailed check,20.05,678.2,evt_000383,2026-01-15,0.05900286658835281,0,Low,Queued,M. Ali,32
9107-UKCKY,Male,0,Yes,No,61,Yes,Yes,DSL,No,Yes,Yes,No,Yes,Yes,One year,Yes,Electronic check,79.8,4914.8,evt_000384,2026-01-15,0.28779265435423496,0,Moderate,Queued,A. Khan,30
3982-XWFZQ,Female,0,Yes,No,42,Yes,Yes,DSL,No,No,No,No,No,No,Month-to-month,Yes,Electronic check,50.25,2203.65,evt_000385,2026-01-15,0.4551990675911312,0,Moderate,New,A. Khan,31
6704-UTUKK,Male,0,Yes,No,29,No,No phone service,DSL,No,No,No,No,Yes,Yes,Month-to-month,Yes,Electronic check,45.9,1332.4,evt_000386,2026-01-15,0.733095905321178,1,High,New,S. Fatima,37
2924-KHUVI,Male,0,Yes,No,56,Yes,Yes,Fiber optic,Yes,No,No,No,Yes,Yes,One year,Yes,Electronic check,100.55,5514.95,evt_000387,2026-01-15,0.5015990332921748,1,High,Queued,M. Ali,43
2750-BJLSB,Female,0,No,No,47,Yes,No,Fiber optic,Yes,No,Yes,Yes,Yes,Yes,One year,Yes,Electronic check,103.7,4730.6,evt_000388,2026-01-15,0.3996264927747005,0,Moderate,Queued,M. Ali,15
8034-RYTVV,Female,0,No,No,55,Yes,Yes,Fiber optic,Yes,No,Yes,No,No,No,One year,Yes,Credit card (automatic),84.25,4589.85,evt_000389,2026-01-15,0.25039201179262477,0,Moderate,Queued,Unassigned,44
3594-UVONA,Female,0,No,No,35,Yes,Yes,DSL,Yes,No,Yes,Yes,Yes,Yes,One year,Yes,Credit card (automatic),85.95,3110.1,evt_000390,2026-01-22,0.23106328587305627,0,Low,Investigating,M. Ali,30
5167-ZFFMM,Male,0,No,No,1,Yes,Yes,Fiber optic,No,Yes,No,No,No,Yes,Month-to-month,Yes,Credit card (automatic),90.85,90.85,evt_000391,2026-01-22,0.8508506691912477,1,Critical,Queued,Unassigned,29
1816-FLZDK,Male,0,No,No,1,No,No phone service,DSL,No,No,No,Yes,No,No,Month-to-month,No,Mailed check,29.15,29.15,evt_000392,2026-01-22,0.629166076073345,1,High,Investigating,M. Ali,17
7157-SMCFK,Male,0,No,Yes,61,Yes,No,No,No internet service,No internet service,No internet service,No internet service,No internet service,No internet service,Two year,No,Mailed check,19.75,1124.2,evt_000393,2026-01-22,0.010104365674246588,0,Low,Queued,S. Fatima,21
0516-UXRMT,Female,0,No,No,62,Yes,Yes,Fiber optic,Yes,Yes,Yes,No,No,No,One year,Yes,Electronic check,92.05,5755.8,evt_000394,2026-01-22,0.26789759672047064,0,Moderate,Queued,M. Ali,31
8993-IZEUX,Male,0,No,No,7,Yes,No,Fiber optic,No,No,No,No,No,No,Month-to-month,No,Bank transfer (automatic),69.15,488.65,evt_000395,2026-01-22,0.7186855377469731,1,High,Queued,S. Fatima,18
6845-RGTYS,Female,0,Yes,No,47,Yes,Yes,Fiber optic,Yes,Yes,Yes,No,Yes,No,Month-to-month,Yes,Electronic check,98.75,4533.7,evt_000396,2026-01-22,0.6080726811420932,1,High,New,A. Khan,15
8212-DJRCH,Male,0,Yes,Yes,5,Yes,No,Fiber optic,Yes,No,Yes,No,No,Yes,Month-to-month,Yes,Mailed check,90.35,434.5,evt_000397,2026-01-22,0.7292440396275748,1,High,New,A. Khan,39
8593-WHYHV,Male,0,No,No,3,Yes,Yes,Fiber optic,No,No,No,No,No,Yes,Month-to-month,Yes,Electronic check,85.3,264.8,evt_000398,2026-01-22,0.9057903393282384,1,Critical,Queued,R. Ahmed,21
8573-JGCZW,Male,0,No,No,17,Yes,No,No,No internet service,No internet service,No internet service,No internet service,No internet service,No internet service,One year,Yes,Bank transfer (automatic),19.65,351.55,evt_000399,2026-01-22,0.17465073248271804,0,Low,Investigating,M. Ali,31
3672-YITQD,Male,1,Yes,No,36,Yes,Yes,Fiber optic,No,No,No,No,No,Yes,Month-to-month,Yes,Electronic check,84.1,3021.6,evt_000400,2026-01-22,0.8221260970080344,1,Critical,Investigating,A. Khan,3
5850-BDWCY,Female,0,No,No,6,Yes,No,No,No internet service,No internet service,No internet service,No internet service,No internet service,No internet service,Month-to-month,No,Mailed check,20.2,123.65,evt_000401,2026-01-22,0.32864756399315764,0,Moderate,New,Unassigned,5
6968-MHOMU,Male,0,Yes,No,58,No,No phone service,DSL,No,No,No,No,Yes,Yes,One year,Yes,Credit card (automatic),45.0,2689.35,evt_000402,2026-01-22,0.24473455490873974,0,Low,Queued,A. Khan,41
7623-TRNQN,Male,0,No,Yes,1,Yes,No,DSL,No,No,No,Yes,No,No,Month-to-month,Yes,Mailed check,49.9,49.9,evt_000403,2026-01-22,0.5390077612375129,1,High,New,R. Ahmed,8
8695-ARGXZ,Male,1,Yes,No,34,Yes,Yes,Fiber optic,No,No,No,No,No,No,Month-to-month,Yes,Electronic check,75.55,2425.4,evt_000404,2026-01-22,0.7697691120735196,1,Critical,Investigating,R. Ahmed,38
7134-MJPDY,Female,1,No,No,66,Yes,Yes,Fiber optic,No,No,Yes,Yes,Yes,Yes,One year,Yes,Credit card (automatic),102.85,6976.75,evt_000405,2026-01-22,0.4017793044775284,0,Moderate,Investigating,M. Ali,43
8873-TMKGR,Male,0,No,No,29,Yes,No,No,No internet service,No internet service,No internet service,No internet service,No internet service,No internet service,One year,No,Mailed check,19.1,529.5,evt_000406,2026-01-22,0.08900883680044956,0,Low,Queued,S. Fatima,24
7021-XSNYE,Male,0,Yes,Yes,7,No,No phone service,DSL,Yes,No,Yes,Yes,No,Yes,Two year,No,Credit card (automatic),49.65,305.55,evt_000407,2026-01-22,0.17009651634691939,0,Low,Queued,A. Khan,42
0263-FJTQO,Male,0,Yes,Yes,50,Yes,Yes,DSL,Yes,No,No,Yes,Yes,No,Two year,Yes,Credit card (automatic),70.5,3486.65,evt_000408,2026-01-22,0.054847841308134485,0,Low,New,Unassigned,21
7520-HQWJU,Female,0,Yes,Yes,66,Yes,Yes,DSL,Yes,Yes,Yes,No,No,No,Month-to-month,Yes,Bank transfer (automatic),67.45,4508.65,evt_000409,2026-01-22,0.1081095662750045,0,Low,Queued,M. Ali,45
4029-HPFVY,Male,0,No,No,3,Yes,No,Fiber optic,No,No,No,No,No,No,Month-to-month,Yes,Mailed check,70.3,220.4,evt_000410,2026-01-22,0.8104666369399505,1,Critical,Investigating,M. Ali,12
8378-LKJAF,Male,0,Yes,Yes,38,Yes,Yes,Fiber optic,No,No,Yes,No,Yes,Yes,Month-to-month,Yes,Credit card (automatic),101.15,3956.7,evt_000411,2026-01-22,0.7219312849595244,1,High,Investigating,M. Ali,21
3426-NIYYL,Male,0,No,No,15,Yes,Yes,DSL,No,No,No,No,No,No,Month-to-month,No,Electronic check,51.55,765.5,evt_000412,2026-01-22,0.6015371989681741,1,High,Queued,Unassigned,19
9351-HXDMR,Male,0,Yes,No,72,Yes,Yes,Fiber optic,Yes,No,Yes,Yes,Yes,Yes,Two year,Yes,Credit card (automatic),110.9,8240.85,evt_000413,2026-01-22,0.15455438813222167,0,Low,New,Unassigned,38
1310-QRITU,Female,0,No,No,18,Yes,Yes,DSL,No,No,No,No,No,No,Month-to-month,Yes,Electronic check,50.3,913.3,evt_000414,2026-01-22,0.6534038061454209,1,High,New,Unassigned,4
6910-HADCM,Female,0,No,No,1,Yes,No,Fiber optic,No,No,Yes,No,No,No,Month-to-month,No,Electronic check,76.35,76.35,evt_000415,2026-01-22,0.7984599174527824,1,Critical,New,R. Ahmed,40
0962-CQPWQ,Female,0,Yes,Yes,62,Yes,No,No,No internet service,No internet service,No internet service,No internet service,No internet service,No internet service,Two year,No,Bank transfer (automatic),20.3,1296.15,evt_000416,2026-01-22,0.009007035056381712,0,Low,New,R. Ahmed,3
5271-YNWVR,Male,0,Yes,Yes,68,Yes,Yes,Fiber optic,Yes,Yes,Yes,Yes,Yes,Yes,Two year,Yes,Electronic check,113.15,7856.0,evt_000417,2026-01-22,0.18053532542751968,0,Low,New,S. Fatima,16
1023-BQXZE,Male,0,No,No,57,Yes,No,DSL,Yes,No,Yes,No,Yes,Yes,Two year,Yes,Bank transfer (automatic),74.35,4317.35,evt_000418,2026-01-22,0.08250723717028657,0,Low,Resolved,Unassigned,29
1475-VWVDO,Male,0,No,No,7,Yes,No,Fiber optic,No,No,Yes,No,No,No,Month-to-month,Yes,Electronic check,74.9,490.55,evt_000419,2026-01-22,0.8325440314200638,1,Critical,Queued,S. Fatima,8
2202-CUYXZ,Male,0,No,No,1,Yes,No,Fiber optic,No,No,Yes,No,Yes,No,Month-to-month,Yes,Electronic check,84.85,84.85,evt_000420,2026-01-22,0.8812653253907615,1,Critical,New,M. Ali,24
6166-ILMNY,Female,0,No,No,2,Yes,No,Fiber optic,No,No,No,No,No,No,Month-to-month,No,Bank transfer (automatic),69.75,144.55,evt_000421,2026-01-22,0.7390835788981426,1,High,New,R. Ahmed,47
6164-HXUGH,Female,0,Yes,Yes,6,Yes,No,No,No internet service,No internet service,No internet service,No internet service,No internet service,No internet service,Month-to-month,No,Mailed check,19.85,119.3,evt_000422,2026-01-22,0.2885050926914209,0,Moderate,New,R. Ahmed,39
4301-VVZKA,Male,0,Yes,No,16,Yes,Yes,Fiber optic,No,No,No,No,No,No,Month-to-month,Yes,Electronic check,75.4,1189.4,evt_000423,2026-01-22,0.8338441171554116,1,Critical,Investigating,A. Khan,3
4016-BJKTZ,Female,0,No,No,25,Yes,Yes,Fiber optic,No,Yes,Yes,Yes,Yes,Yes,Two year,No,Electronic check,108.9,2809.05,evt_000424,2026-01-22,0.4096375243439095,0,Moderate,New,S. Fatima,29
2027-FECZV,Male,0,No,No,12,Yes,Yes,Fiber optic,No,Yes,Yes,No,Yes,Yes,Month-to-month,Yes,Electronic check,106.7,1253.9,evt_000425,2026-01-22,0.8815477559106188,1,Critical,Investigating,M. Ali,29
0909-SELIE,Male,0,Yes,No,61,Yes,Yes,DSL,Yes,Yes,Yes,Yes,No,Yes,Two year,Yes,Bank transfer (automatic),80.8,4860.85,evt_000426,2026-01-22,0.046020324537784194,0,Low,Investigating,Unassigned,5
5461-QKNTN,Male,1,Yes,No,43,Yes,Yes,Fiber optic,No,Yes,No,Yes,Yes,No,Month-to-month,Yes,Electronic check,94.3,3953.15,evt_000427,2026-01-22,0.6908168687789541,1,High,New,S. Fatima,31
6322-HRPFA,Male,0,Yes,Yes,49,Yes,No,DSL,Yes,Yes,No,Yes,No,No,Month-to-month,No,Credit card (automatic),59.6,2970.3,evt_000428,2026-01-22,0.08199019584687593,0,Low,Queued,Unassigned,25
1320-HTRDR,Female,0,No,No,3,Yes,Yes,Fiber optic,No,No,No,No,No,No,Month-to-month,Yes,Electronic check,75.5,220.6,evt_000429,2026-01-22,0.8751437196182491,1,Critical,Resolved,S. Fatima,33
7363-QTBIW,Female,0,Yes,No,9,Yes,No,Fiber optic,No,No,No,No,No,Yes,Month-to-month,Yes,Electronic check,79.75,769.1,evt_000430,2026-01-22,0.866373082101438,1,Critical,New,Unassigned,15
8840-DQLGN,Female,1,Yes,No,35,Yes,Yes,Fiber optic,Yes,Yes,No,Yes,Yes,No,Month-to-month,Yes,Bank transfer (automatic),100.5,3653.35,evt_000431,2026-01-22,0.5551363330182398,1,High,New,A. Khan,13
7401-JIXNM,Female,0,Yes,Yes,54,Yes,Yes,DSL,Yes,Yes,Yes,Yes,Yes,Yes,Two year,No,Credit card (automatic),91.3,4965.0,evt_000432,2026-01-22,0.04341222626516818,0,Low,Resolved,Unassigned,35
7529-ZDFXI,Male,1,Yes,No,57,Yes,Yes,Fiber optic,No,Yes,No,No,No,Yes,Month-to-month,Yes,Electronic check,89.85,4925.35,evt_000433,2026-01-22,0.6853458953084173,1,High,Resolved,S. Fatima,35
1452-KIOVK,Male,0,No,Yes,22,Yes,Yes,Fiber optic,No,Yes,No,No,Yes,No,Month-to-month,Yes,Credit card (automatic),89.1,1949.4,evt_000434,2026-01-22,0.7180125303304932,1,High,Queued,M. Ali,9
0778-NELLA,Male,0,No,No,9,No,No phone service,DSL,No,No,No,No,Yes,No,Month-to-month,Yes,Credit card (automatic),34.7,296.1,evt_000435,2026-01-22,0.7426531746865503,1,High,Queued,M. Ali,11
9629-NHXFW,Female,0,Yes,Yes,1,Yes,No,No,No internet service,No internet service,No internet service,No internet service,No internet service,No internet service,Month-to-month,Yes,Mailed check,19.4,19.4,evt_000436,2026-01-22,0.4153820808683268,0,Moderate,New,M. Ali,28
0719-SYFRB,Female,0,No,No,12,Yes,Yes,DSL,Yes,No,Yes,Yes,No,No,Month-to-month,Yes,Mailed check,61.65,713.75,evt_000437,2026-01-22,0.4417024369212103,0,Moderate,Investigating,S. Fatima,40
1100-DDVRV,Male,0,Yes,No,17,No,No phone service,DSL,No,Yes,No,No,Yes,Yes,Month-to-month,Yes,Mailed check,49.8,836.35,evt_000438,2026-01-22,0.7286876152306881,1,High,Queued,Unassigned,11
8024-XNAFQ,Female,1,No,No,72,Yes,Yes,Fiber optic,Yes,Yes,Yes,Yes,No,Yes,Two year,Yes,Bank transfer (automatic),107.4,7748.75,evt_000439,2026-01-22,0.10931222895266186,0,Low,New,Unassigned,12
3705-PSNGL,Male,0,No,No,45,Yes,No,No,No internet service,No internet service,No internet service,No internet service,No internet service,No internet service,One year,Yes,Electronic check,20.4,930.45,evt_000440,2026-01-22,0.08844999783092614,0,Low,Investigating,R. Ahmed,39
6527-PZFPV,Male,0,Yes,Yes,24,Yes,No,No,No internet service,No internet service,No internet service,No internet service,No internet service,No internet service,One year,Yes,Credit card (automatic),20.8,469.65,evt_000441,2026-01-22,0.11190051197157146,0,Low,Resolved,R. Ahmed,34
9819-FBNSV,Male,1,Yes,No,37,Yes,No,Fiber optic,No,No,No,No,No,No,Month-to-month,Yes,Bank transfer (automatic),72.25,2575.45,evt_000442,2026-01-22,0.6113158192179635,1,High,Investigating,S. Fatima,43
4079-VTGLK,Male,1,Yes,No,30,Yes,Yes,DSL,No,No,Yes,No,Yes,Yes,Two year,No,Electronic check,74.85,2181.75,evt_000443,2026-01-22,0.32079024278854434,0,Moderate,New,Unassigned,38
0841-NULXI,Male,0,No,No,1,No,No phone service,DSL,No,No,No,No,No,Yes,Month-to-month,Yes,Electronic check,35.55,35.55,evt_000444,2026-01-22,0.8588914677581477,1,Critical,New,Unassigned,45
0531-ZZJWQ,Male,1,Yes,No,55,Yes,Yes,Fiber optic,No,No,No,No,No,No,Month-to-month,Yes,Electronic check,74.0,4052.4,evt_000445,2026-01-22,0.6489685920165471,1,High,Resolved,M. Ali,10
7789-CRUVC,Female,1,Yes,No,61,Yes,Yes,Fiber optic,Yes,Yes,Yes,Yes,No,No,Month-to-month,Yes,Credit card (automatic),94.2,5895.45,evt_000446,2026-01-22,0.3211340844351277,0,Moderate,Resolved,Unassigned,14
8053-WWDRO,Female,0,Yes,No,6,Yes,No,No,No internet service,No internet service,No internet service,No internet service,No internet service,No internet service,Month-to-month,No,Bank transfer (automatic),19.5,146.3,evt_000447,2026-01-22,0.32170995138009256,0,Moderate,Queued,S. Fatima,12
5514-YQENT,Male,0,No,Yes,41,Yes,No,Fiber optic,Yes,Yes,Yes,Yes,Yes,Yes,Two year,Yes,Electronic check,111.15,4507.15,evt_000448,2026-01-22,0.22092120379557875,0,Low,Queued,Unassigned,4
9221-OTIVJ,Female,1,No,No,14,Yes,Yes,Fiber optic,No,Yes,Yes,No,Yes,Yes,Month-to-month,Yes,Electronic check,104.85,1531.4,evt_000449,2026-01-22,0.8946459252756961,1,Critical,Queued,Unassigned,37
9720-JJJOR,Male,0,Yes,Yes,41,Yes,No,DSL,Yes,Yes,Yes,No,No,No,One year,Yes,Bank transfer (automatic),60.3,2511.3,evt_000450,2026-01-22,0.09903837460523092,0,Low,New,Unassigned,32
7997-EASSD,Female,0,Yes,No,63,Yes,Yes,Fiber optic,No,No,No,Yes,No,No,One year,Yes,Credit card (automatic),81.2,4965.1,evt_000451,2026-01-22,0.21311235004793572,0,Low,New,A. Khan,5
6946-LMSQS,Male,1,Yes,No,25,Yes,Yes,Fiber optic,Yes,No,No,No,No,Yes,One year,Yes,Electronic check,89.05,2177.45,evt_000452,2026-01-22,0.6753213893706137,1,High,New,R. Ahmed,11
7159-NOKYQ,Male,0,Yes,No,67,Yes,Yes,Fiber optic,No,Yes,Yes,No,No,Yes,Two year,Yes,Electronic check,93.15,6368.2,evt_000453,2026-01-22,0.2746551043454087,0,Moderate,New,A. Khan,10
9917-KWRBE,Female,0,Yes,Yes,41,Yes,Yes,DSL,Yes,Yes,Yes,No,Yes,No,One year,Yes,Credit card (automatic),78.35,3211.2,evt_000454,2026-01-22,0.147312691850409,0,Low,Investigating,Unassigned,20
0013-MHZWF,Female,0,No,Yes,9,Yes,No,DSL,No,No,No,Yes,Yes,Yes,Month-to-month,Yes,Credit card (automatic),69.4,571.45,evt_000455,2026-01-22,0.5657652673206249,1,High,New,M. Ali,22
3865-ZFZIB,Male,0,No,No,19,Yes,No,No,No internet service,No internet service,No internet service,No internet service,No internet service,No internet service,Two year,No,Mailed check,19.65,358.15,evt_000456,2026-01-22,0.06873955855427244,0,Low,New,R. Ahmed,15
2480-EJWYP,Female,1,Yes,No,58,Yes,Yes,Fiber optic,No,Yes,No,No,Yes,Yes,One year,Yes,Bank transfer (automatic),97.8,5458.8,evt_000457,2026-01-22,0.48667957723639016,0,Moderate,Queued,Unassigned,44
7634-HLQJR,Female,0,Yes,Yes,47,Yes,No,No,No internet service,No internet service,No internet service,No internet service,No internet service,No internet service,Two year,No,Credit card (automatic),20.05,1016.7,evt_000458,2026-01-22,0.016812723892726943,0,Low,New,M. Ali,11
6481-ESCNL,Female,0,No,No,29,Yes,Yes,Fiber optic,No,No,Yes,No,Yes,Yes,Month-to-month,No,Bank transfer (automatic),100.55,2878.75,evt_000459,2026-01-22,0.7253125793474585,1,High,New,S. Fatima,27
5696-CEIQJ,Male,0,Yes,Yes,67,Yes,No,Fiber optic,No,Yes,Yes,Yes,Yes,Yes,Two year,No,Bank transfer (automatic),103.15,6895.5,evt_000460,2026-01-22,0.10010932155752052,0,Low,Queued,R. Ahmed,22
9103-TCIHJ,Female,0,No,No,15,Yes,Yes,DSL,Yes,No,No,No,No,No,Month-to-month,Yes,Mailed check,55.7,899.8,evt_000461,2026-01-22,0.502693256361844,1,High,New,S. Fatima,19
1767-CJKBA,Male,0,No,No,66,Yes,Yes,No,No internet service,No internet service,No internet service,No internet service,No internet service,No internet service,Two year,No,Mailed check,25.1,1697.7,evt_000462,2026-01-22,0.01367325833318479,0,Low,Queued,A. Khan,39
2798-NYLMZ,Male,0,Yes,No,71,Yes,Yes,Fiber optic,Yes,No,Yes,Yes,Yes,Yes,Two year,Yes,Credit card (automatic),108.55,7616.0,evt_000463,2026-01-22,0.15068017122257799,0,Low,Resolved,A. Khan,47
5650-YLIBA,Male,0,No,No,31,Yes,Yes,Fiber optic,No,Yes,No,No,No,No,Month-to-month,Yes,Electronic check,81.15,2640.55,evt_000464,2026-01-22,0.7358082851508871,1,High,New,S. Fatima,2
9945-PSVIP,Female,0,Yes,Yes,25,Yes,No,No,No internet service,No internet service,No internet service,No internet service,No internet service,No internet service,Two year,Yes,Mailed check,18.7,383.65,evt_000465,2026-01-22,0.060194978074659476,0,Low,Resolved,R. Ahmed,23
9537-VHDTA,Female,0,No,Yes,1,Yes,No,DSL,Yes,No,No,No,No,No,Month-to-month,No,Mailed check,51.2,51.2,evt_000466,2026-01-22,0.4250822846398911,0,Moderate,Resolved,R. Ahmed,7
3976-NLDEZ,Male,0,No,No,1,Yes,No,No,No internet service,No internet service,No internet service,No internet service,No internet service,No internet service,Month-to-month,No,Mailed check,20.6,20.6,evt_000467,2026-01-22,0.38362013973254944,0,Moderate,Investigating,A. Khan,21
1379-FRVEB,Male,0,No,Yes,15,Yes,Yes,Fiber optic,No,Yes,No,No,Yes,No,Month-to-month,Yes,Electronic check,91.0,1430.05,evt_000468,2026-01-22,0.8185108077923774,1,Critical,Queued,S. Fatima,30
3338-CVVEH,Male,0,No,No,12,Yes,Yes,Fiber optic,No,No,No,No,Yes,Yes,Month-to-month,No,Electronic check,94.55,1173.55,evt_000469,2026-01-22,0.8721471450440661,1,Critical,Queued,S. Fatima,20
0979-MOZQI,Male,0,Yes,No,62,No,No phone service,DSL,No,No,No,Yes,Yes,No,Two year,Yes,Bank transfer (automatic),39.0,2337.45,evt_000470,2026-01-22,0.06393374794322752,0,Low,Queued,M. Ali,16
6969-MVBAI,Female,1,No,No,9,Yes,Yes,Fiber optic,No,No,Yes,No,Yes,No,Month-to-month,Yes,Electronic check,90.1,816.8,evt_000471,2026-01-22,0.8928557312261854,1,Critical,Investigating,Unassigned,16
2195-VVRJF,Male,1,Yes,No,18,Yes,No,DSL,Yes,No,No,No,No,Yes,Month-to-month,Yes,Credit card (automatic),59.1,1011.05,evt_000472,2026-01-22,0.5339738352109156,1,High,New,M. Ali,15
6680-WKXRZ,Female,0,No,No,3,Yes,Yes,Fiber optic,No,No,No,No,No,No,Month-to-month,No,Bank transfer (automatic),74.4,215.8,evt_000473,2026-01-22,0.7737461823570215,1,Critical,Resolved,R. Ahmed,16
0839-JTCUD,Female,0,Yes,Yes,66,Yes,Yes,DSL,Yes,Yes,Yes,Yes,Yes,Yes,Two year,No,Credit card (automatic),89.9,5958.85,evt_000474,2026-01-22,0.03208797549964066,0,Low,Queued,Unassigned,19
0440-QEXBZ,Female,0,No,No,44,Yes,Yes,DSL,No,No,No,No,No,No,Month-to-month,Yes,Mailed check,50.15,2139.1,evt_000475,2026-01-22,0.3478384711575755,0,Moderate,Investigating,S. Fatima,33
4445-ZJNMU,Male,0,No,No,9,Yes,Yes,Fiber optic,No,Yes,No,No,Yes,Yes,Month-to-month,Yes,Credit card (automatic),99.3,918.75,evt_000476,2026-01-22,0.8566605329347765,1,Critical,New,R. Ahmed,6
4658-HCOHW,Female,0,Yes,Yes,21,Yes,No,Fiber optic,No,Yes,Yes,Yes,Yes,Yes,Month-to-month,Yes,Electronic check,102.8,2110.15,evt_000477,2026-01-22,0.7377119796394759,1,High,New,A. Khan,3
8713-IGZSO,Male,0,No,No,2,Yes,Yes,No,No internet service,No internet service,No internet service,No internet service,No internet service,No internet service,Month-to-month,No,Mailed check,24.85,62.0,evt_000478,2026-01-22,0.42970369711223616,0,Moderate,Queued,A. Khan,25
2432-TFSMK,Male,0,No,No,18,Yes,Yes,Fiber optic,No,No,Yes,No,Yes,No,One year,Yes,Credit card (automatic),89.6,1633.0,evt_000479,2026-01-22,0.6574758724775412,1,High,Queued,A. Khan,33
7998-WNZEM,Male,0,No,No,71,Yes,Yes,DSL,Yes,Yes,Yes,Yes,No,Yes,Two year,No,Bank transfer (automatic),80.6,5708.2,evt_000480,2026-01-22,0.02480241091063717,0,Low,Queued,Unassigned,13
2541-YGPKE,Male,0,Yes,Yes,42,Yes,No,DSL,Yes,No,No,Yes,No,Yes,One year,No,Credit card (automatic),63.7,2763.35,evt_000481,2026-01-22,0.08310850478135305,0,Low,New,Unassigned,11
5236-PERKL,Female,0,No,No,57,Yes,Yes,Fiber optic,Yes,Yes,Yes,No,Yes,Yes,Two year,Yes,Bank transfer (automatic),112.95,6465.0,evt_000482,2026-01-22,0.2191329919634963,0,Low,New,M. Ali,30
0134-XWXCE,Female,1,No,No,44,Yes,No,DSL,No,No,Yes,Yes,Yes,Yes,One year,No,Bank transfer (automatic),74.85,3268.05,evt_000483,2026-01-22,0.17914004497142424,0,Low,Queued,M. Ali,19
8033-ATFAS,Female,0,Yes,Yes,39,Yes,No,DSL,No,No,Yes,No,Yes,No,Month-to-month,Yes,Mailed check,59.85,2341.5,evt_000484,2026-01-22,0.3521623438764328,0,Moderate,New,M. Ali,35
1894-IGFSG,Female,0,No,No,22,Yes,No,Fiber optic,No,No,No,No,Yes,Yes,Month-to-month,No,Electronic check,89.25,1907.85,evt_000485,2026-01-22,0.7968399485691786,1,Critical,Resolved,R. Ahmed,8
6128-AQBMT,Male,1,Yes,No,41,No,No phone service,DSL,No,Yes,Yes,No,Yes,Yes,Month-to-month,Yes,Electronic check,53.95,2215.4,evt_000486,2026-01-22,0.652147065404431,1,High,New,R. Ahmed,7
3197-ARFOY,Female,1,No,No,19,Yes,No,Fiber optic,Yes,Yes,No,Yes,Yes,Yes,Month-to-month,Yes,Mailed check,105.0,2007.25,evt_000487,2026-01-22,0.6743957168039524,1,High,New,R. Ahmed,27
4667-OHGKG,Male,0,No,No,1,Yes,No,No,No internet service,No internet service,No internet service,No internet service,No internet service,No internet service,Month-to-month,Yes,Mailed check,19.3,19.3,evt_000488,2026-01-22,0.4743245559209817,0,Moderate,New,Unassigned,20
5696-JVVQY,Female,0,Yes,Yes,48,Yes,No,DSL,Yes,Yes,Yes,No,No,Yes,Two year,Yes,Credit card (automatic),70.1,3238.4,evt_000489,2026-01-22,0.05482122943067701,0,Low,Queued,M. Ali,35
0524-IAVZO,Female,0,Yes,No,30,Yes,Yes,Fiber optic,No,No,No,No,No,Yes,Month-to-month,Yes,Electronic check,85.0,2624.25,evt_000490,2026-01-22,0.8168582899635138,1,Critical,Queued,R. Ahmed,25
8345-MVDYC,Female,0,No,No,45,Yes,No,DSL,Yes,No,Yes,Yes,Yes,Yes,Two year,No,Bank transfer (automatic),81.65,3618.7,evt_000491,2026-01-22,0.05658937420062251,0,Low,Queued,R. Ahmed,18
4360-PNRQB,Male,0,No,No,18,Yes,Yes,Fiber optic,No,No,No,No,No,No,Month-to-month,Yes,Bank transfer (automatic),75.6,1395.05,evt_000492,2026-01-22,0.7582292363855655,1,Critical,Resolved,M. Ali,9
4903-UYAVB,Male,0,Yes,No,5,Yes,No,No,No internet service,No internet service,No internet service,No internet service,No internet service,No internet service,Month-to-month,No,Mailed check,19.35,126.05,evt_000493,2026-01-22,0.3567231780619823,0,Moderate,New,Unassigned,9
8735-SDUFN,Female,1,Yes,No,72,Yes,Yes,No,No internet service,No internet service,No internet service,No internet service,No internet service,No internet service,Two year,No,Bank transfer (automatic),24.3,1778.7,evt_000494,2026-01-22,0.01160380308658665,0,Low,Investigating,A. Khan,36
1568-BEKZM,Male,1,Yes,No,70,Yes,Yes,DSL,Yes,Yes,Yes,Yes,Yes,Yes,Two year,No,Credit card (automatic),90.05,6333.4,evt_000495,2026-01-22,0.04334282468253608,0,Low,New,Unassigned,12
9357-UJRUN,Male,0,Yes,No,24,Yes,Yes,DSL,Yes,No,No,Yes,No,No,One year,Yes,Electronic check,58.35,1346.9,evt_000496,2026-01-22,0.2782451462929538,0,Moderate,New,Unassigned,25
2800-QQUSO,Male,0,No,No,42,Yes,Yes,Fiber optic,No,No,No,Yes,Yes,Yes,Month-to-month,Yes,Electronic check,100.3,4222.95,evt_000497,2026-01-22,0.7547291105911001,1,Critical,Queued,Unassigned,39
1862-QRWPE,Female,0,Yes,Yes,48,Yes,No,No,No internet service,No internet service,No internet service,No internet service,No internet service,No internet service,Two year,No,Bank transfer (automatic),20.65,1057.0,evt_000498,2026-01-22,0.016023732916792835,0,Low,New,S. Fatima,43
7337-CINUD,Female,0,Yes,Yes,8,Yes,No,No,No internet service,No internet service,No internet service,No internet service,No internet service,No internet service,Two year,No,Bank transfer (automatic),19.5,159.35,evt_000499,2026-01-22,0.07962548311463033,0,Low,Queued,M. Ali,14
9313-CDOGY,Male,0,Yes,Yes,38,Yes,No,No,No internet service,No internet service,No internet service,No internet service,No internet service,No internet service,Month-to-month,No,Electronic check,19.6,717.3,evt_000500,2026-01-22,0.1338435787795882,0,Low,Investigating,Unassigned,7
9308-ANMVE,Male,0,No,Yes,47,Yes,No,DSL,Yes,Yes,No,No,No,No,Month-to-month,Yes,Electronic check,55.3,2654.05,evt_000501,2026-01-22,0.21340462142135108,0,Low,Investigating,Unassigned,37
2087-QAREY,Female,0,Yes,No,22,Yes,No,DSL,No,Yes,Yes,No,No,No,Month-to-month,Yes,Mailed check,54.7,1178.75,evt_000502,2026-01-22,0.44334245567840996,0,Moderate,Queued,S. Fatima,33
0327-WFZSY,Male,0,Yes,Yes,39,Yes,Yes,Fiber optic,No,No,Yes,No,Yes,Yes,One year,No,Electronic check,100.0,3835.55,evt_000503,2026-01-22,0.5639476393728613,1,High,Queued,Unassigned,17
0616-ATFGB,Male,1,Yes,No,1,No,No phone service,DSL,No,No,No,No,No,No,Month-to-month,No,Electronic check,25.05,25.05,evt_000504,2026-01-22,0.8015991564305499,1,Critical,New,M. Ali,29
7502-BNYGS,Female,0,Yes,No,46,Yes,No,DSL,No,Yes,No,No,Yes,Yes,Month-to-month,Yes,Credit card (automatic),69.1,3168.0,evt_000505,2026-01-22,0.3899346101900878,0,Moderate,New,R. Ahmed,10
5196-SGOAK,Female,0,No,No,1,Yes,No,Fiber optic,No,Yes,No,No,No,No,Month-to-month,Yes,Electronic check,75.7,75.7,evt_000506,2026-01-22,0.8358125147092492,1,Critical,New,Unassigned,34
5419-CONWX,Female,1,No,No,4,Yes,No,Fiber optic,No,Yes,Yes,No,Yes,Yes,Month-to-month,Yes,Credit card (automatic),99.8,442.85,evt_000507,2026-01-22,0.853538594309431,1,Critical,Queued,M. Ali,35
4587-VVTOX,Female,0,Yes,No,6,Yes,Yes,Fiber optic,No,Yes,Yes,No,Yes,Yes,Month-to-month,Yes,Electronic check,105.3,545.2,evt_000508,2026-01-22,0.8951096836779191,1,Critical,Resolved,S. Fatima,15
4524-QCSSM,Male,0,No,No,26,No,No phone service,DSL,Yes,Yes,No,No,No,Yes,Month-to-month,Yes,Bank transfer (automatic),44.65,1156.55,evt_000509,2026-01-22,0.48220657275784884,0,Moderate,New,Unassigned,23
3090-QFUVD,Female,0,No,No,1,Yes,No,No,No internet service,No internet service,No internet service,No internet service,No internet service,No internet service,Month-to-month,No,Credit card (automatic),20.3,20.3,evt_000510,2026-01-22,0.3587156712820753,0,Moderate,Queued,Unassigned,17
1063-DHQJF,Male,0,Yes,Yes,69,Yes,No,Fiber optic,No,Yes,No,Yes,Yes,No,Two year,Yes,Mailed check,92.15,6480.9,evt_000511,2026-01-22,0.09531378049547264,0,Low,Investigating,Unassigned,3
7925-PNRGI,Female,0,Yes,Yes,45,Yes,Yes,DSL,Yes,Yes,Yes,Yes,Yes,No,Month-to-month,No,Mailed check,81.3,3541.1,evt_000512,2026-01-22,0.14649054436507425,0,Low,Investigating,S. Fatima,7
5889-JTMUL,Female,1,Yes,No,50,Yes,Yes,Fiber optic,No,Yes,Yes,No,Yes,No,Month-to-month,Yes,Electronic check,95.05,4888.7,evt_000513,2026-01-22,0.7177315410777788,1,High,Queued,Unassigned,46
4256-ZWTZI,Female,0,No,Yes,5,Yes,No,DSL,No,No,No,Yes,No,No,Month-to-month,Yes,Mailed check,51.0,286.8,evt_000514,2026-01-22,0.48901026456674634,0,Moderate,Queued,A. Khan,22
9909-DFRJA,Female,0,No,No,26,Yes,No,Fiber optic,Yes,No,Yes,Yes,No,Yes,One year,Yes,Bank transfer (automatic),95.85,2475.35,evt_000515,2026-01-22,0.3628482996077513,0,Moderate,Investigating,S. Fatima,8
9968-FFVVH,Male,0,No,No,63,Yes,Yes,DSL,Yes,Yes,Yes,Yes,No,No,One year,No,Bank transfer (automatic),68.8,4111.35,evt_000516,2026-01-22,0.04055676685416171,0,Low,Investigating,S. Fatima,4
5816-SCGFC,Female,1,No,No,7,Yes,No,DSL,No,Yes,No,No,No,No,Month-to-month,Yes,Mailed check,51.3,419.35,evt_000517,2026-01-22,0.6165677805724405,1,High,New,Unassigned,18
9313-QOLTZ,Male,0,No,No,26,Yes,No,No,No internet service,No internet service,No internet service,No internet service,No internet service,No internet service,Month-to-month,No,Mailed check,20.9,518.3,evt_000518,2026-01-22,0.1792153651211246,0,Low,Resolved,Unassigned,47
3069-SSVSN,Female,0,No,No,1,No,No phone service,DSL,No,No,No,No,No,No,One year,No,Mailed check,25.85,25.85,evt_000519,2026-01-22,0.5285727640975721,1,High,New,Unassigned,19
6198-PNNSZ,Female,0,Yes,No,56,Yes,Yes,Fiber optic,Yes,Yes,Yes,No,Yes,Yes,One year,No,Bank transfer (automatic),109.8,6109.65,evt_000520,2026-01-29,0.29685596640843975,0,Moderate,Investigating,R. Ahmed,47
8361-LTMKD,Male,1,Yes,No,4,Yes,Yes,Fiber optic,No,No,No,No,No,No,Month-to-month,Yes,Mailed check,74.4,306.6,evt_000521,2026-01-29,0.8631612580943154,1,Critical,New,S. Fatima,24
2236-HILPA,Male,0,Yes,Yes,62,Yes,No,No,No internet service,No internet service,No internet service,No internet service,No internet service,No internet service,Two year,No,Credit card (automatic),20.65,1218.45,evt_000522,2026-01-29,0.009150544895961383,0,Low,New,S. Fatima,37
2770-NSVDG,Male,0,Yes,No,24,No,No phone service,DSL,No,No,Yes,No,No,No,Month-to-month,No,Electronic check,29.1,688.0,evt_000523,2026-01-29,0.568519210295988,1,High,New,S. Fatima,38
5537-UXXVS,Female,0,Yes,No,20,Yes,No,No,No internet service,No internet service,No internet service,No internet service,No internet service,No internet service,Month-to-month,No,Bank transfer (automatic),19.25,375.25,evt_000524,2026-01-29,0.20859705433720258,0,Low,Queued,A. Khan,3
6898-MDLZW,Male,0,No,No,12,Yes,No,DSL,No,Yes,No,Yes,No,No,Month-to-month,Yes,Mailed check,53.75,648.65,evt_000525,2026-01-29,0.46245250858459824,0,Moderate,New,S. Fatima,2
1697-NVVGY,Male,1,Yes,No,19,Yes,No,DSL,Yes,No,Yes,No,Yes,No,Month-to-month,No,Bank transfer (automatic),66.4,1286.05,evt_000526,2026-01-29,0.41169091048481743,0,Moderate,New,Unassigned,44
3646-ITDGM,Female,0,No,No,56,Yes,No,No,No internet service,No internet service,No internet service,No internet service,No internet service,No internet service,Two year,No,Bank transfer (automatic),19.7,1051.9,evt_000527,2026-01-29,0.01381768646590052,0,Low,Queued,Unassigned,44
4396-KLSEH,Male,0,No,No,4,Yes,No,No,No internet service,No internet service,No internet service,No internet service,No internet service,No internet service,Month-to-month,Yes,Electronic check,19.85,63.0,evt_000528,2026-01-29,0.5212889776604018,1,High,New,Unassigned,8
6474-FVJLC,Male,0,No,No,2,Yes,Yes,Fiber optic,No,No,No,No,No,Yes,Month-to-month,Yes,Electronic check,86.0,165.45,evt_000529,2026-01-29,0.9066261457970266,1,Critical,Investigating,S. Fatima,31
0040-HALCW,Male,0,Yes,Yes,54,Yes,No,No,No internet service,No internet service,No internet service,No internet service,No internet service,No internet service,Two year,No,Credit card (automatic),20.4,1090.6,evt_000530,2026-01-29,0.012872395300978579,0,Low,Resolved,S. Fatima,44
2971-SGAFL,Female,0,No,No,13,Yes,Yes,DSL,Yes,No,Yes,No,Yes,Yes,Month-to-month,Yes,Electronic check,78.75,995.35,evt_000531,2026-01-29,0.7117350801435258,1,High,Queued,A. Khan,45
6664-FPDAC,Female,1,No,No,56,Yes,Yes,Fiber optic,No,Yes,Yes,Yes,Yes,Yes,One year,Yes,Electronic check,111.95,6418.9,evt_000532,2026-01-29,0.5221290640395836,1,High,New,S. Fatima,15
8028-PNXHQ,Male,0,Yes,Yes,62,Yes,Yes,No,No internet service,No internet service,No internet service,No internet service,No internet service,No internet service,Two year,Yes,Bank transfer (automatic),24.25,1424.6,evt_000533,2026-01-29,0.017039777638732146,0,Low,New,S. Fatima,39
9367-TCUYN,Female,0,No,No,12,Yes,No,No,No internet service,No internet service,No internet service,No internet service,No internet service,No internet service,Month-to-month,No,Mailed check,20.1,223.6,evt_000534,2026-01-29,0.27570463423708663,0,Moderate,Resolved,M. Ali,31
6559-RAKOZ,Male,0,Yes,Yes,49,Yes,Yes,Fiber optic,No,No,No,Yes,Yes,Yes,One year,Yes,Electronic check,97.95,4917.9,evt_000535,2026-01-29,0.5234658032110431,1,High,New,A. Khan,44
9142-XMYJH,Female,0,No,No,29,Yes,No,No,No internet service,No internet service,No internet service,No internet service,No internet service,No internet service,Month-to-month,No,Credit card (automatic),19.35,601.6,evt_000536,2026-01-29,0.15178638384128376,0,Low,New,R. Ahmed,8
3563-SVYLG,Male,0,Yes,Yes,68,Yes,No,DSL,Yes,Yes,Yes,Yes,No,No,Two year,No,Credit card (automatic),62.65,4375.8,evt_000537,2026-01-29,0.011990170709813277,0,Low,Resolved,S. Fatima,29
1444-VVSGW,Male,0,Yes,No,70,Yes,Yes,Fiber optic,Yes,Yes,Yes,Yes,Yes,Yes,One year,No,Credit card (automatic),115.65,7968.85,evt_000538,2026-01-29,0.1860249531235701,0,Low,Resolved,S. Fatima,3
3454-JFUBC,Male,1,No,No,68,Yes,No,No,No internet service,No internet service,No internet service,No internet service,No internet service,No internet service,Two year,Yes,Credit card (automatic),20.0,1396.0,evt_000539,2026-01-29,0.014728228937888681,0,Low,New,M. Ali,18
0301-FIDRB,Female,0,Yes,Yes,72,No,No phone service,DSL,Yes,Yes,Yes,Yes,Yes,Yes,Two year,Yes,Bank transfer (automatic),63.8,4684.3,evt_000540,2026-01-29,0.03574810154599334,0,Low,Queued,S. Fatima,2
4018-PPNDW,Female,0,Yes,Yes,61,Yes,Yes,No,No internet service,No internet service,No internet service,No internet service,No internet service,No internet service,Two year,Yes,Mailed check,24.1,1551.6,evt_000541,2026-01-29,0.018860277791479533,0,Low,Queued,S. Fatima,22
3339-EAQNV,Male,1,Yes,No,72,Yes,Yes,Fiber optic,No,Yes,No,No,Yes,Yes,One year,Yes,Credit card (automatic),97.25,7133.1,evt_000542,2026-01-29,0.42586003721559457,0,Moderate,Investigating,S. Fatima,39
4229-CZMLL,Male,0,No,No,6,Yes,Yes,Fiber optic,No,No,No,No,No,No,Month-to-month,Yes,Electronic check,74.9,469.8,evt_000543,2026-01-29,0.8716870466918027,1,Critical,New,R. Ahmed,32
6598-RFFVI,Male,0,No,No,2,Yes,No,No,No internet service,No internet service,No internet service,No internet service,No internet service,No internet service,One year,No,Credit card (automatic),19.3,28.3,evt_000544,2026-01-29,0.21916507604250765,0,Low,New,A. Khan,16
9822-WMWVG,Female,0,No,No,41,Yes,Yes,Fiber optic,Yes,Yes,Yes,Yes,Yes,No,Month-to-month,Yes,Electronic check,106.5,4282.4,evt_000545,2026-01-29,0.5517819922468971,1,High,Queued,Unassigned,21
0373-AIVNJ,Male,0,No,No,9,No,No phone service,DSL,Yes,Yes,Yes,No,No,No,One year,No,Mailed check,39.55,373.0,evt_000546,2026-01-29,0.31982831834303155,0,Moderate,New,A. Khan,18
9067-SQTNS,Male,0,Yes,Yes,44,Yes,No,No,No internet service,No internet service,No internet service,No internet service,No internet service,No internet service,One year,No,Bank transfer (automatic),20.6,926.0,evt_000547,2026-01-29,0.038101057371581815,0,Low,Queued,S. Fatima,35
0447-BEMNG,Female,0,Yes,No,48,No,No phone service,DSL,Yes,No,Yes,No,No,Yes,Month-to-month,Yes,Bank transfer (automatic),45.3,2145.0,evt_000548,2026-01-29,0.30875470763622465,0,Moderate,New,M. Ali,14
5343-SGUBI,Female,0,No,No,52,Yes,Yes,Fiber optic,No,Yes,No,No,No,No,One year,Yes,Mailed check,80.2,4297.6,evt_000549,2026-01-29,0.3419589156127508,0,Moderate,Resolved,S. Fatima,6
6332-FBZRI,Male,0,Yes,Yes,67,Yes,Yes,DSL,Yes,Yes,Yes,Yes,No,No,One year,Yes,Credit card (automatic),69.35,4653.25,evt_000550,2026-01-29,0.0430191599771906,0,Low,Investigating,M. Ali,25
5324-KTGCG,Male,0,Yes,No,71,Yes,No,No,No internet service,No internet service,No internet service,No internet service,No internet service,No internet service,One year,No,Electronic check,20.85,1539.75,evt_000551,2026-01-29,0.02340536799889441,0,Low,Queued,Unassigned,40
0258-NOKBL,Male,0,No,No,3,Yes,No,Fiber optic,No,Yes,Yes,No,No,Yes,Month-to-month,No,Electronic check,90.4,268.45,evt_000552,2026-01-29,0.8150012884830315,1,Critical,Investigating,S. Fatima,23
6366-XIVKZ,Female,0,Yes,Yes,13,Yes,No,DSL,Yes,No,Yes,No,No,Yes,Month-to-month,Yes,Mailed check,63.15,816.8,evt_000553,2026-01-29,0.48423066414073324,0,Moderate,New,R. Ahmed,11
1809-DMJHQ,Female,0,No,Yes,5,Yes,No,DSL,No,No,No,No,No,No,Month-to-month,No,Mailed check,46.0,221.7,evt_000554,2026-01-29,0.4937270154896616,0,Moderate,Queued,M. Ali,4
2860-RANUS,Female,1,No,No,20,Yes,Yes,Fiber optic,No,No,No,No,No,Yes,Month-to-month,Yes,Credit card (automatic),85.8,1727.5,evt_000555,2026-01-29,0.8175401937739236,1,Critical,New,A. Khan,45
1741-WTPON,Male,0,Yes,Yes,56,Yes,Yes,Fiber optic,Yes,Yes,Yes,Yes,Yes,Yes,Two year,No,Mailed check,115.85,6567.9,evt_000556,2026-01-29,0.1235781996141211,0,Low,Investigating,S. Fatima,36
3694-GLTJM,Female,0,No,No,5,Yes,No,No,No internet service,No internet service,No internet service,No internet service,No internet service,No internet service,Month-to-month,Yes,Credit card (automatic),19.65,92.05,evt_000557,2026-01-29,0.40327612129657103,0,Moderate,Investigating,S. Fatima,9
2984-RGEYA,Female,0,Yes,Yes,69,Yes,No,No,No internet service,No internet service,No internet service,No internet service,No internet service,No internet service,Two year,No,Bank transfer (automatic),19.75,1375.4,evt_000558,2026-01-29,0.006744836631418694,0,Low,Resolved,S. Fatima,5
3331-HQDTW,Female,0,No,No,34,Yes,Yes,Fiber optic,Yes,Yes,Yes,No,Yes,Yes,Month-to-month,Yes,Mailed check,109.8,3587.25,evt_000559,2026-01-29,0.6750221051166164,1,High,Investigating,Unassigned,7
7912-SYRQT,Female,0,No,No,7,Yes,Yes,Fiber optic,No,No,No,No,No,No,Month-to-month,Yes,Bank transfer (automatic),75.1,552.95,evt_000560,2026-01-29,0.8089219755799185,1,Critical,Resolved,Unassigned,19
7279-BUYWN,Female,1,No,No,41,Yes,Yes,Fiber optic,Yes,Yes,Yes,No,Yes,Yes,Month-to-month,Yes,Electronic check,113.2,4689.5,evt_000561,2026-01-29,0.7420185989906921,1,High,New,Unassigned,39
3858-VOBET,Male,0,No,No,23,Yes,Yes,Fiber optic,No,No,No,No,No,No,Month-to-month,Yes,Electronic check,74.95,1710.45,evt_000562,2026-01-29,0.8008637380583231,1,Critical,Resolved,M. Ali,9
0899-LIIBW,Male,0,Yes,No,34,Yes,Yes,Fiber optic,No,No,Yes,No,Yes,Yes,Month-to-month,No,Electronic check,100.85,3527.3,evt_000563,2026-01-29,0.7902387663670061,1,Critical,Queued,Unassigned,39
5609-IMCGG,Female,0,No,No,15,Yes,Yes,Fiber optic,Yes,No,Yes,No,No,No,Month-to-month,Yes,Credit card (automatic),84.35,1302.65,evt_000564,2026-01-29,0.6826899300157346,1,High,Queued,R. Ahmed,2
3750-YHRYO,Male,0,Yes,Yes,7,Yes,No,No,No internet service,No internet service,No internet service,No internet service,No internet service,No internet service,One year,No,Mailed check,20.65,150.0,evt_000565,2026-01-29,0.1641625319595365,0,Low,Queued,R. Ahmed,35
5228-EXCET,Male,0,No,No,13,Yes,No,Fiber optic,No,No,No,No,No,Yes,Month-to-month,Yes,Electronic check,80.85,1008.7,evt_000566,2026-01-29,0.8499863721033079,1,Critical,New,Unassigned,14
8915-NNTRC,Male,0,Yes,Yes,72,Yes,Yes,Fiber optic,Yes,Yes,No,Yes,Yes,Yes,Two year,Yes,Credit card (automatic),107.7,7919.8,evt_000567,2026-01-29,0.11777415077697208,0,Low,New,R. Ahmed,46
5334-AFQJB,Male,1,No,No,72,Yes,Yes,No,No internet service,No internet service,No internet service,No internet service,No internet service,No internet service,Two year,Yes,Credit card (automatic),25.1,1789.9,evt_000568,2026-01-29,0.016368886086927117,0,Low,New,Unassigned,23
1319-YLZJG,Male,0,Yes,No,12,Yes,No,Fiber optic,Yes,Yes,Yes,No,No,No,Month-to-month,Yes,Electronic check,84.6,959.9,evt_000569,2026-01-29,0.7130512277508474,1,High,New,Unassigned,14
6877-LGWXO,Male,1,Yes,No,18,Yes,No,Fiber optic,No,No,No,No,No,Yes,Month-to-month,No,Electronic check,78.55,1422.65,evt_000570,2026-01-29,0.8151799677985577,1,Critical,Queued,A. Khan,13
2812-REYAT,Female,0,Yes,No,49,Yes,No,No,No internet service,No internet service,No internet service,No internet service,No internet service,No internet service,One year,Yes,Bank transfer (automatic),20.05,923.1,evt_000571,2026-01-29,0.05064307385578017,0,Low,Resolved,R. Ahmed,40
2446-ZKVAF,Male,0,Yes,No,18,Yes,Yes,DSL,No,Yes,No,No,No,No,Month-to-month,No,Credit card (automatic),56.8,1074.65,evt_000572,2026-01-29,0.44644164603337533,0,Moderate,Queued,S. Fatima,20
9732-KPKBW,Male,0,No,No,1,Yes,No,DSL,Yes,No,No,Yes,No,No,Month-to-month,Yes,Electronic check,53.95,53.95,evt_000573,2026-01-29,0.5743514971191448,1,High,Queued,Unassigned,18
1187-WILMM,Male,0,Yes,Yes,63,Yes,Yes,DSL,Yes,Yes,Yes,Yes,Yes,Yes,Two year,Yes,Credit card (automatic),89.4,5597.65,evt_000574,2026-01-29,0.04983162023546262,0,Low,Queued,Unassigned,35
8098-TDCBU,Female,0,Yes,No,42,Yes,Yes,No,No internet service,No internet service,No internet service,No internet service,No internet service,No internet service,Two year,No,Electronic check,25.25,1108.2,evt_000575,2026-01-29,0.04739735479102601,0,Low,Queued,A. Khan,26
1143-NMNQJ,Female,0,No,No,2,Yes,Yes,Fiber optic,No,No,No,No,No,Yes,Month-to-month,Yes,Electronic check,85.7,169.8,evt_000576,2026-01-29,0.9037089881891459,1,Critical,New,A. Khan,32
2987-BJXIK,Female,0,No,No,70,Yes,Yes,DSL,Yes,Yes,Yes,No,Yes,Yes,Two year,No,Mailed check,84.7,5991.05,evt_000577,2026-01-29,0.05038235192112025,0,Low,Investigating,A. Khan,22
4648-YPBTM,Male,0,No,No,53,Yes,Yes,DSL,No,Yes,Yes,Yes,No,Yes,Two year,Yes,Bank transfer (automatic),73.9,3958.25,evt_000578,2026-01-29,0.08270564964982463,0,Low,New,S. Fatima,4
0376-YMCJC,Male,0,No,No,23,Yes,Yes,Fiber optic,No,No,No,Yes,Yes,No,Month-to-month,Yes,Electronic check,90.6,1943.2,evt_000579,2026-01-29,0.7787243995606921,1,Critical,Investigating,A. Khan,2
0823-HSCDJ,Male,1,No,No,52,No,No phone service,DSL,No,Yes,No,No,Yes,Yes,Month-to-month,Yes,Electronic check,49.15,2550.9,evt_000580,2026-01-29,0.5574586580581129,1,High,Investigating,Unassigned,3
9374-YOLBJ,Female,0,Yes,Yes,1,Yes,No,No,No internet service,No internet service,No internet service,No internet service,No internet service,No internet service,Month-to-month,No,Electronic check,19.25,19.25,evt_000581,2026-01-29,0.41268205037142947,0,Moderate,Queued,R. Ahmed,28
5062-CJJKH,Male,0,Yes,Yes,25,Yes,No,DSL,No,Yes,Yes,No,No,No,One year,No,Mailed check,53.65,1355.45,evt_000582,2026-01-29,0.17812298173038693,0,Low,Investigating,Unassigned,25
3957-SQXML,Female,0,Yes,Yes,34,Yes,Yes,No,No internet service,No internet service,No internet service,No internet service,No internet service,No internet service,Two year,No,Credit card (automatic),24.95,894.3,evt_000583,2026-01-29,0.036068951956322155,0,Low,New,M. Ali,36
6096-EGVTU,Female,0,Yes,Yes,64,Yes,Yes,No,No internet service,No internet service,No internet service,No internet service,No internet service,No internet service,One year,No,Mailed check,24.9,1595.5,evt_000584,2026-01-29,0.022973444354418726,0,Low,Resolved,S. Fatima,43
6777-TGHTM,Female,0,No,No,53,Yes,Yes,Fiber optic,Yes,No,Yes,No,Yes,Yes,One year,Yes,Credit card (automatic),106.95,5785.5,evt_000585,2026-01-29,0.4131335869986889,0,Moderate,Investigating,A. Khan,10
2398-YPMUR,Female,1,Yes,No,13,Yes,No,Fiber optic,No,No,No,No,No,No,Month-to-month,Yes,Electronic check,70.15,916.75,evt_000586,2026-01-29,0.8339320452261711,1,Critical,Investigating,Unassigned,46
1436-ZMJAN,Female,0,Yes,No,10,Yes,No,DSL,No,No,Yes,No,Yes,Yes,Month-to-month,Yes,Credit card (automatic),67.8,653.15,evt_000587,2026-01-29,0.6939259563030427,1,High,Queued,A. Khan,44
9385-NXKDA,Female,0,Yes,No,72,Yes,Yes,DSL,Yes,Yes,Yes,No,Yes,Yes,Two year,Yes,Credit card (automatic),82.65,5919.35,evt_000588,2026-01-29,0.06251048876759395,0,Low,Investigating,A. Khan,30
5445-PZWGX,Male,0,No,No,62,Yes,Yes,Fiber optic,Yes,Yes,No,Yes,No,Yes,One year,No,Electronic check,102.0,6529.25,evt_000589,2026-01-29,0.2310837649581844,0,Low,Resolved,M. Ali,26
3902-MIVLE,Male,0,Yes,Yes,63,Yes,Yes,DSL,Yes,No,Yes,Yes,No,Yes,Two year,No,Mailed check,75.7,4676.7,evt_000590,2026-01-29,0.02990821041441798,0,Low,Queued,Unassigned,10
9114-AAFQH,Female,0,Yes,No,48,Yes,No,DSL,No,Yes,Yes,No,No,Yes,One year,Yes,Electronic check,65.65,3094.65,evt_000591,2026-01-29,0.2377809623971935,0,Low,Investigating,A. Khan,10
9611-CTWIH,Female,0,No,No,3,Yes,No,Fiber optic,No,No,No,No,Yes,Yes,Month-to-month,Yes,Electronic check,89.45,240.45,evt_000592,2026-01-29,0.9031107939750381,1,Critical,Investigating,R. Ahmed,2
6654-QGBZZ,Female,0,No,No,1,Yes,No,No,No internet service,No internet service,No internet service,No internet service,No internet service,No internet service,Month-to-month,No,Mailed check,19.9,19.9,evt_000593,2026-01-29,0.37745891544106874,0,Moderate,Queued,Unassigned,31
2388-LAESQ,Female,1,Yes,No,72,Yes,Yes,Fiber optic,Yes,Yes,Yes,Yes,Yes,Yes,Two year,Yes,Bank transfer (automatic),114.85,8317.95,evt_000594,2026-01-29,0.15469425754097385,0,Low,Resolved,Unassigned,21
2604-IJPDU,Female,0,Yes,No,20,Yes,No,Fiber optic,Yes,Yes,No,Yes,Yes,No,Month-to-month,Yes,Electronic check,96.55,1901.65,evt_000595,2026-01-29,0.6329319016131136,1,High,New,M. Ali,10
4160-AMJTL,Female,1,No,No,8,Yes,No,No,No internet service,No internet service,No internet service,No internet service,No internet service,No internet service,Month-to-month,No,Electronic check,19.65,164.3,evt_000596,2026-01-29,0.4280579475355463,0,Moderate,Queued,A. Khan,8
6158-HDPXZ,Male,0,No,No,1,No,No phone service,DSL,No,No,No,No,No,No,Month-to-month,No,Mailed check,25.35,25.35,evt_000597,2026-01-29,0.7060394982976984,1,High,New,S. Fatima,4
5468-BPMMO,Male,0,Yes,No,46,Yes,No,No,No internet service,No internet service,No internet service,No internet service,No internet service,No internet service,Month-to-month,No,Electronic check,19.6,851.2,evt_000598,2026-01-29,0.1200109567130465,0,Low,New,M. Ali,31
1833-TCXKK,Male,0,Yes,No,45,Yes,Yes,Fiber optic,No,Yes,Yes,No,Yes,Yes,Month-to-month,Yes,Bank transfer (automatic),107.75,4882.8,evt_000599,2026-01-29,0.698020276659695,1,High,Investigating,R. Ahmed,33
5803-NQJZO,Male,0,Yes,No,72,Yes,Yes,DSL,Yes,Yes,Yes,Yes,No,No,Two year,Yes,Bank transfer (automatic),67.8,4804.65,evt_000600,2026-01-29,0.023197587641415926,0,Low,New,M. Ali,31
8280-MQRQN,Female,0,No,No,1,Yes,No,DSL,No,No,Yes,No,No,No,Month-to-month,Yes,Mailed check,50.45,50.45,evt_000601,2026-01-29,0.6529496288862895,1,High,New,S. Fatima,7
7139-JZFVG,Male,0,Yes,Yes,60,Yes,No,DSL,Yes,Yes,Yes,No,No,No,Two year,No,Bank transfer (automatic),60.5,3694.45,evt_000602,2026-01-29,0.020397546708060005,0,Low,New,A. Khan,3
2230-XTUWL,Female,0,Yes,Yes,48,Yes,No,No,No internet service,No internet service,No internet service,No internet service,No internet service,No internet service,Two year,No,Mailed check,19.55,883.35,evt_000603,2026-01-29,0.016977290159586714,0,Low,Queued,R. Ahmed,6
0257-KXZGU,Female,0,Yes,Yes,32,Yes,Yes,DSL,No,Yes,Yes,No,No,No,Month-to-month,No,Bank transfer (automatic),62.45,2045.55,evt_000604,2026-01-29,0.27236580023584905,0,Moderate,Investigating,M. Ali,36
7572-KPVKK,Male,0,No,Yes,62,Yes,Yes,Fiber optic,No,No,Yes,Yes,Yes,Yes,Two year,Yes,Electronic check,104.05,6590.5,evt_000605,2026-01-29,0.2789404608562603,0,Moderate,Resolved,R. Ahmed,36
2169-RRLFW,Female,0,Yes,No,71,Yes,Yes,No,No internet service,No internet service,No internet service,No internet service,No internet service,No internet service,Two year,No,Credit card (automatic),25.6,1888.25,evt_000606,2026-01-29,0.010206854736588595,0,Low,New,A. Khan,15
0377-JBKKT,Male,0,Yes,Yes,22,Yes,No,DSL,Yes,Yes,No,Yes,No,No,Month-to-month,Yes,Mailed check,57.95,1271.8,evt_000607,2026-01-29,0.25391562667562206,0,Moderate,Queued,Unassigned,4
8390-FESFV,Female,0,No,No,62,Yes,Yes,DSL,No,Yes,Yes,Yes,Yes,Yes,Two year,No,Bank transfer (automatic),84.5,5193.2,evt_000608,2026-01-29,0.05985431244857036,0,Low,Queued,R. Ahmed,16
4342-HENTK,Female,1,No,No,2,Yes,No,Fiber optic,No,No,No,No,No,No,Month-to-month,Yes,Electronic check,70.65,142.35,evt_000609,2026-01-29,0.873125411246163,1,Critical,Queued,M. Ali,39
4884-ZTHVF,Female,1,No,No,8,Yes,No,Fiber optic,No,Yes,No,No,Yes,No,Month-to-month,Yes,Electronic check,87.1,713.6,evt_000610,2026-01-29,0.8559778900938445,1,Critical,Queued,A. Khan,8
0628-CNQRM,Male,0,Yes,Yes,22,Yes,No,DSL,Yes,No,Yes,Yes,Yes,No,One year,Yes,Bank transfer (automatic),67.5,1544.05,evt_000611,2026-01-29,0.18595616220944972,0,Low,New,M. Ali,38
2958-NHPPS,Male,0,No,No,23,Yes,No,No,No internet service,No internet service,No internet service,No internet service,No internet service,No internet service,Month-to-month,No,Electronic check,20.85,473.9,evt_000612,2026-01-29,0.256518444899755,0,Moderate,Queued,A. Khan,23
6692-UDPJC,Female,0,Yes,Yes,14,Yes,Yes,Fiber optic,No,No,No,Yes,Yes,No,Month-to-month,Yes,Electronic check,91.65,1301.0,evt_000613,2026-01-29,0.782128701172459,1,Critical,Queued,M. Ali,8
9674-EHPPG,Male,0,Yes,No,46,No,No phone service,DSL,Yes,No,Yes,Yes,No,No,Two year,No,Credit card (automatic),40.4,1842.7,evt_000614,2026-01-29,0.04239846624335711,0,Low,Queued,Unassigned,44
6568-POCUI,Female,0,Yes,No,45,Yes,No,Fiber optic,No,No,No,Yes,Yes,Yes,Two year,Yes,Credit card (automatic),95.2,4285.8,evt_000615,2026-01-29,0.262526977077101,0,Moderate,Queued,R. Ahmed,25
6661-HBGWL,Female,1,No,No,42,Yes,Yes,Fiber optic,No,Yes,Yes,No,Yes,Yes,Month-to-month,Yes,Bank transfer (automatic),104.75,4323.45,evt_000616,2026-01-29,0.7378020397500654,1,High,Investigating,A. Khan,32
2335-GSODA,Male,0,No,Yes,23,No,No phone service,DSL,Yes,No,Yes,Yes,No,No,Two year,No,Mailed check,40.1,857.75,evt_000617,2026-01-29,0.0816179451735655,0,Low,Investigating,R. Ahmed,6
9013-AQORL,Female,0,No,Yes,48,No,No phone service,DSL,No,Yes,Yes,No,No,Yes,Month-to-month,No,Credit card (automatic),45.55,2108.35,evt_000618,2026-01-29,0.24228317817164322,0,Low,New,M. Ali,19
7410-YTJIK,Female,0,No,No,7,Yes,Yes,Fiber optic,No,No,No,No,No,No,Month-to-month,No,Mailed check,75.45,480.75,evt_000619,2026-01-29,0.7590608911372669,1,Critical,Investigating,Unassigned,31
0048-LUMLS,Male,0,Yes,Yes,37,Yes,No,Fiber optic,No,No,No,No,Yes,Yes,One year,No,Credit card (automatic),91.2,3247.55,evt_000620,2026-01-29,0.41307796791576384,0,Moderate,Investigating,A. Khan,31
9054-FOWNV,Male,0,Yes,Yes,22,Yes,Yes,Fiber optic,No,No,Yes,No,Yes,No,Month-to-month,Yes,Electronic check,88.75,1885.15,evt_000621,2026-01-29,0.8106032836871624,1,Critical,New,Unassigned,4
2865-TCHJW,Female,1,No,No,4,Yes,Yes,Fiber optic,No,No,Yes,No,Yes,No,Month-to-month,Yes,Electronic check,89.2,346.2,evt_000622,2026-01-29,0.9065714839163558,1,Critical,Queued,Unassigned,29
6345-FZOQH,Male,0,Yes,No,69,Yes,No,No,No internet service,No internet service,No internet service,No internet service,No internet service,No internet service,Two year,No,Mailed check,19.9,1363.45,evt_000623,2026-01-29,0.009255335788112936,0,Low,New,A. Khan,45
9715-WZCLW,Male,0,Yes,Yes,71,Yes,Yes,Fiber optic,Yes,No,No,No,Yes,Yes,Two year,Yes,Electronic check,97.2,6910.3,evt_000624,2026-01-29,0.22744269991317906,0,Low,Investigating,A. Khan,38
9633-DENPU,Female,0,Yes,No,47,Yes,No,DSL,No,Yes,No,No,Yes,No,Month-to-month,Yes,Bank transfer (automatic),58.6,2723.4,evt_000625,2026-01-29,0.30316353971702753,0,Moderate,New,S. Fatima,11
7130-VTEWQ,Female,1,No,No,8,Yes,Yes,Fiber optic,No,No,No,No,No,No,Month-to-month,Yes,Electronic check,75.75,606.25,evt_000626,2026-01-29,0.8764327904132052,1,Critical,Investigating,Unassigned,43
4877-TSOFF,Female,0,Yes,Yes,55,Yes,Yes,DSL,Yes,Yes,No,Yes,No,Yes,One year,Yes,Bank transfer (automatic),75.75,4264.25,evt_000627,2026-01-29,0.08440584870215699,0,Low,New,S. Fatima,33
2254-DLXRI,Female,0,No,No,1,Yes,Yes,Fiber optic,No,Yes,No,No,No,No,Month-to-month,Yes,Mailed check,79.15,79.15,evt_000628,2026-01-29,0.8243154924989518,1,Critical,Queued,R. Ahmed,4
0870-VEMYL,Female,0,No,No,5,Yes,No,DSL,Yes,No,No,Yes,No,No,Month-to-month,No,Credit card (automatic),53.85,259.8,evt_000629,2026-01-29,0.34901043761864853,0,Moderate,Resolved,Unassigned,7
8541-QVFKM,Female,0,No,No,8,Yes,Yes,Fiber optic,No,No,No,No,No,No,Month-to-month,Yes,Electronic check,73.5,632.2,evt_000630,2026-01-29,0.8638127864740028,1,Critical,New,Unassigned,44
6608-QQLVK,Male,0,No,No,1,Yes,No,DSL,No,No,Yes,No,No,No,Month-to-month,Yes,Electronic check,50.5,50.5,evt_000631,2026-01-29,0.7312267702164092,1,High,Investigating,S. Fatima,11
4737-HOBAX,Male,0,Yes,No,63,Yes,Yes,DSL,No,No,Yes,Yes,Yes,Yes,Two year,No,Credit card (automatic),79.8,5034.05,evt_000632,2026-01-29,0.06812055116005566,0,Low,Resolved,S. Fatima,6
0178-CIIKR,Female,0,No,No,3,Yes,No,No,No internet service,No internet service,No internet service,No internet service,No internet service,No internet service,Month-to-month,No,Mailed check,19.95,58.0,evt_000633,2026-01-29,0.35776606368160996,0,Moderate,Investigating,Unassigned,22
4873-ILOLJ,Male,0,No,No,24,Yes,No,Fiber optic,No,No,No,No,Yes,Yes,Month-to-month,Yes,Electronic check,90.35,2238.5,evt_000634,2026-01-29,0.8459040407122167,1,Critical,New,M. Ali,26
9867-NNXLC,Female,0,No,No,22,Yes,No,No,No internet service,No internet service,No internet service,No internet service,No internet service,No internet service,Month-to-month,Yes,Mailed check,20.05,470.2,evt_000635,2026-01-29,0.26336738899991585,0,Moderate,Investigating,Unassigned,28
2720-FVBQP,Female,0,Yes,Yes,6,Yes,Yes,DSL,No,No,No,No,No,No,Month-to-month,Yes,Credit card (automatic),48.95,273.25,evt_000636,2026-01-29,0.6191890461384051,1,High,New,A. Khan,32
2878-DHMIN,Male,0,Yes,Yes,35,Yes,No,No,No internet service,No internet service,No internet service,No internet service,No internet service,No internet service,One year,No,Electronic check,19.9,666.0,evt_000637,2026-01-29,0.07894945161018281,0,Low,New,M. Ali,47
2227-JRSJX,Female,0,No,No,21,Yes,No,Fiber optic,No,Yes,No,Yes,Yes,Yes,Month-to-month,Yes,Bank transfer (automatic),99.15,1956.4,evt_000638,2026-01-29,0.6960672501391173,1,High,Investigating,Unassigned,36
7198-GLXTC,Male,0,No,No,2,Yes,No,Fiber optic,No,No,No,No,Yes,No,Month-to-month,No,Electronic check,79.0,143.65,evt_000639,2026-01-29,0.8462976533722831,1,Critical,Investigating,M. Ali,3
9820-RMCQV,Female,0,No,No,11,Yes,No,DSL,Yes,No,No,No,No,No,Month-to-month,No,Credit card (automatic),48.55,501.0,evt_000640,2026-01-29,0.3854209073602735,0,Moderate,Queued,A. Khan,6
7879-CGSFV,Male,0,No,No,55,Yes,No,Fiber optic,Yes,Yes,No,No,Yes,Yes,One year,Yes,Mailed check,100.9,5552.05,evt_000641,2026-01-29,0.3381157265657745,0,Moderate,New,M. Ali,2
2514-GINMM,Male,0,No,No,1,Yes,No,Fiber optic,No,No,No,No,Yes,No,Month-to-month,Yes,Electronic check,79.5,79.5,evt_000642,2026-01-29,0.8879675802079918,1,Critical,Investigating,S. Fatima,20
3585-ISXZP,Female,0,No,No,8,Yes,Yes,Fiber optic,No,No,No,No,Yes,Yes,Month-to-month,No,Bank transfer (automatic),95.65,778.1,evt_000643,2026-01-29,0.8260313521905254,1,Critical,Investigating,Unassigned,18
6766-HFKLA,Female,0,Yes,No,56,Yes,Yes,Fiber optic,No,No,Yes,Yes,Yes,Yes,Two year,No,Bank transfer (automatic),103.2,5744.35,evt_000644,2026-01-29,0.20085365807538755,0,Low,Queued,A. Khan,44
7251-LJBQN,Female,1,No,No,40,Yes,Yes,Fiber optic,No,No,Yes,Yes,Yes,Yes,One year,Yes,Credit card (automatic),103.75,4188.4,evt_000645,2026-01-29,0.5497806645463557,1,High,Resolved,A. Khan,18
7273-TEFQD,Male,1,No,No,3,No,No phone service,DSL,No,No,Yes,No,No,Yes,Month-to-month,Yes,Electronic check,41.15,132.2,evt_000646,2026-01-29,0.8616632961685255,1,Critical,New,S. Fatima,3
9572-WUKSB,Male,0,Yes,No,3,No,No phone service,DSL,No,No,No,Yes,No,No,Month-to-month,Yes,Electronic check,29.9,92.25,evt_000647,2026-01-29,0.754503000370477,1,Critical,New,Unassigned,42
7817-BOQPW,Female,0,No,No,2,Yes,Yes,Fiber optic,No,No,No,No,No,No,Month-to-month,Yes,Electronic check,75.55,166.3,evt_000648,2026-01-29,0.8787568002726988,1,Critical,Queued,M. Ali,13
6234-PFPXL,Male,0,Yes,No,22,Yes,Yes,Fiber optic,Yes,No,No,Yes,Yes,No,Month-to-month,No,Credit card (automatic),95.9,2234.95,evt_000649,2026-01-29,0.5527343122811154,1,High,Resolved,Unassigned,43
9644-UMGQA,Male,0,Yes,Yes,6,Yes,No,DSL,Yes,No,No,No,No,No,Month-to-month,Yes,Electronic check,49.15,295.65,evt_000650,2026-02-05,0.5734382842358834,1,High,New,Unassigned,37
7729-XBTWX,Male,0,Yes,Yes,66,Yes,No,No,No internet service,No internet service,No internet service,No internet service,No internet service,No internet service,Two year,Yes,Mailed check,19.75,1344.5,evt_000651,2026-02-05,0.012042669939750361,0,Low,New,M. Ali,42
6821-BUXUX,Female,0,No,No,13,Yes,Yes,Fiber optic,Yes,Yes,No,No,Yes,No,Month-to-month,Yes,Electronic check,96.65,1244.5,evt_000652,2026-02-05,0.7852844478798618,1,Critical,New,Unassigned,39
8380-PEFPE,Male,0,No,Yes,1,Yes,No,Fiber optic,No,No,No,No,No,No,Month-to-month,Yes,Electronic check,71.65,71.65,evt_000653,2026-02-05,0.8318949719751711,1,Critical,Investigating,R. Ahmed,8
4706-AXVKM,Female,1,No,No,11,Yes,Yes,Fiber optic,No,No,No,No,No,Yes,Month-to-month,Yes,Credit card (automatic),84.8,906.85,evt_000654,2026-02-05,0.8538864720773799,1,Critical,New,S. Fatima,30
5025-GOOKI,Female,0,No,No,20,Yes,No,No,No internet service,No internet service,No internet service,No internet service,No internet service,No internet service,Month-to-month,Yes,Credit card (automatic),18.9,347.65,evt_000655,2026-02-05,0.267281175488956,0,Moderate,Queued,S. Fatima,20
6734-FQAJX,Male,1,No,No,67,Yes,No,Fiber optic,Yes,Yes,No,Yes,Yes,Yes,Two year,Yes,Electronic check,105.05,7171.7,evt_000656,2026-02-05,0.1915919130570294,0,Low,Resolved,Unassigned,30
4402-FTBXC,Male,0,No,No,54,Yes,No,Fiber optic,Yes,No,Yes,No,Yes,No,Month-to-month,No,Mailed check,89.8,4667.0,evt_000657,2026-02-05,0.36104744368687747,0,Moderate,New,Unassigned,36
4537-CIBHB,Female,0,Yes,Yes,9,Yes,No,No,No internet service,No internet service,No internet service,No internet service,No internet service,No internet service,One year,No,Mailed check,20.25,172.35,evt_000658,2026-02-05,0.14841705193512972,0,Low,Queued,Unassigned,25
2108-YKQTY,Female,0,No,No,4,Yes,No,DSL,No,Yes,No,No,No,No,Month-to-month,No,Credit card (automatic),50.7,151.3,evt_000659,2026-02-05,0.4972418251713727,0,Moderate,Queued,Unassigned,16
3948-KXDUF,Male,0,No,No,66,Yes,Yes,DSL,Yes,Yes,Yes,Yes,No,No,Two year,No,Bank transfer (automatic),68.75,4447.55,evt_000660,2026-02-05,0.019434779166925105,0,Low,Investigating,S. Fatima,44
3948-FVVRP,Male,0,Yes,Yes,9,Yes,No,DSL,No,Yes,No,Yes,No,No,Month-to-month,No,Mailed check,54.8,452.8,evt_000661,2026-02-05,0.3509669755648377,0,Moderate,New,Unassigned,32
1096-ADRUX,Female,0,Yes,Yes,66,Yes,Yes,Fiber optic,No,No,No,No,No,No,One year,Yes,Bank transfer (automatic),74.25,4859.25,evt_000662,2026-02-05,0.22129673965206864,0,Low,New,Unassigned,42
8582-KRHPJ,Male,0,No,No,50,No,No phone service,DSL,Yes,Yes,No,No,No,No,Month-to-month,Yes,Mailed check,35.0,1782.4,evt_000663,2026-02-05,0.22460843925209728,0,Low,New,M. Ali,12
4526-EXKKN,Male,0,No,No,40,Yes,Yes,No,No internet service,No internet service,No internet service,No internet service,No internet service,No internet service,Two year,Yes,Mailed check,24.6,973.95,evt_000664,2026-02-05,0.05293156332761921,0,Low,Investigating,A. Khan,40
5975-BAICR,Male,0,Yes,Yes,36,Yes,No,DSL,Yes,No,Yes,No,No,Yes,One year,Yes,Credit card (automatic),63.7,2188.5,evt_000665,2026-02-05,0.17003154669779685,0,Low,Investigating,S. Fatima,16
4724-WXVWF,Male,0,No,No,48,Yes,Yes,Fiber optic,Yes,No,No,Yes,No,Yes,Month-to-month,Yes,Electronic check,95.4,4445.3,evt_000666,2026-02-05,0.5656988208633613,1,High,New,Unassigned,23
2346-LOCWC,Female,0,Yes,Yes,58,Yes,No,No,No internet service,No internet service,No internet service,No internet service,No internet service,No internet service,Two year,No,Credit card (automatic),20.5,1191.4,evt_000667,2026-02-05,0.010501606414708464,0,Low,New,M. Ali,41
6685-GBWJZ,Male,0,Yes,No,63,Yes,No,DSL,Yes,Yes,No,Yes,Yes,No,One year,No,Credit card (automatic),70.8,4448.8,evt_000668,2026-02-05,0.0444802169237873,0,Low,Resolved,Unassigned,18
8914-RBTSB,Male,0,Yes,No,31,Yes,Yes,Fiber optic,No,Yes,Yes,No,Yes,No,Month-to-month,No,Electronic check,93.8,3019.5,evt_000669,2026-02-05,0.7268395161765977,1,High,New,A. Khan,13
5692-FPTAH,Female,0,No,No,1,Yes,No,DSL,No,No,No,No,No,No,Month-to-month,Yes,Mailed check,45.4,45.4,evt_000670,2026-02-05,0.6662136420005748,1,High,New,M. Ali,44
1559-DTODC,Male,0,No,No,19,No,No phone service,DSL,No,No,No,No,No,No,Month-to-month,Yes,Bank transfer (automatic),25.15,468.35,evt_000671,2026-02-05,0.6038541372788294,1,High,Queued,R. Ahmed,46
1400-MMYXY,Male,1,Yes,No,3,Yes,Yes,Fiber optic,No,Yes,Yes,No,Yes,Yes,Month-to-month,Yes,Electronic check,105.9,334.65,evt_000672,2026-02-05,0.9193318908845597,1,Critical,New,A. Khan,16
0265-PSUAE,Female,0,Yes,Yes,16,Yes,No,Fiber optic,Yes,No,Yes,No,Yes,Yes,Month-to-month,No,Bank transfer (automatic),100.7,1522.7,evt_000673,2026-02-05,0.6123132378667587,1,High,New,Unassigned,16
7398-LXGYX,Male,0,Yes,No,44,Yes,Yes,Fiber optic,Yes,No,Yes,No,No,No,Month-to-month,Yes,Credit card (automatic),84.8,3626.35,evt_000674,2026-02-05,0.49144542727079404,0,Moderate,Queued,A. Khan,12
2609-IAICY,Female,0,No,No,1,Yes,Yes,Fiber optic,No,No,No,No,No,No,Month-to-month,Yes,Electronic check,77.15,77.15,evt_000675,2026-02-05,0.8778949416190911,1,Critical,New,Unassigned,3
9079-YEXQJ,Female,0,No,No,54,Yes,Yes,Fiber optic,No,Yes,Yes,Yes,Yes,Yes,Month-to-month,No,Electronic check,111.1,6014.85,evt_000676,2026-02-05,0.5782568110033236,1,High,Queued,M. Ali,27
9944-AEXBM,Male,0,No,No,32,Yes,Yes,Fiber optic,No,No,No,No,No,Yes,Month-to-month,Yes,Bank transfer (automatic),85.65,2664.3,evt_000677,2026-02-05,0.7355067527496273,1,High,Investigating,Unassigned,13
9372-TXXPS,Female,0,Yes,No,60,Yes,No,DSL,Yes,Yes,No,Yes,No,No,Two year,No,Bank transfer (automatic),59.85,3483.45,evt_000678,2026-02-05,0.01721342330919596,0,Low,Queued,R. Ahmed,41
5949-HGVJL,Female,0,Yes,No,26,Yes,No,DSL,No,Yes,No,Yes,Yes,Yes,Month-to-month,Yes,Electronic check,73.05,1959.5,evt_000679,2026-02-05,0.5665384809702764,1,High,New,A. Khan,9
9483-GCPWE,Male,0,No,Yes,9,Yes,No,No,No internet service,No internet service,No internet service,No internet service,No internet service,No internet service,One year,No,Mailed check,20.1,190.25,evt_000680,2026-02-05,0.15230666359457873,0,Low,Investigating,A. Khan,31
6075-QMNRR,Female,0,No,No,52,Yes,No,DSL,Yes,No,No,No,No,No,Month-to-month,Yes,Bank transfer (automatic),49.75,2535.55,evt_000681,2026-02-05,0.16712338419822548,0,Low,New,A. Khan,25
5893-PYOLZ,Male,0,No,No,56,Yes,No,DSL,No,Yes,Yes,Yes,Yes,Yes,Two year,Yes,Credit card (automatic),81.8,4534.45,evt_000682,2026-02-05,0.076206734716593,0,Low,Investigating,R. Ahmed,30
4693-VWVBO,Female,0,No,No,3,Yes,No,No,No internet service,No internet service,No internet service,No internet service,No internet service,No internet service,Month-to-month,No,Electronic check,19.55,61.05,evt_000683,2026-02-05,0.4385178477953128,0,Moderate,New,Unassigned,7
1678-FYZOW,Female,0,No,No,3,Yes,No,Fiber optic,No,No,No,No,Yes,No,Month-to-month,Yes,Electronic check,79.4,244.65,evt_000684,2026-02-05,0.8779554083718403,1,Critical,Investigating,S. Fatima,23
4003-FUSHP,Male,0,No,No,19,Yes,No,DSL,No,No,No,Yes,Yes,No,Month-to-month,Yes,Credit card (automatic),61.55,1093.2,evt_000685,2026-02-05,0.46514787492059506,0,Moderate,New,S. Fatima,30
2277-VWCNI,Female,1,No,No,4,Yes,Yes,DSL,No,No,No,No,No,No,Month-to-month,No,Mailed check,48.75,179.85,evt_000686,2026-02-05,0.657928843409732,1,High,New,R. Ahmed,17
8785-CJSHH,Female,0,Yes,No,60,Yes,Yes,Fiber optic,No,Yes,No,No,Yes,Yes,Month-to-month,Yes,Electronic check,99.8,5985.75,evt_000687,2026-02-05,0.7024967043108709,1,High,Queued,S. Fatima,42
2892-GESUL,Female,0,Yes,Yes,18,Yes,No,No,No internet service,No internet service,No internet service,No internet service,No internet service,No internet service,Two year,No,Mailed check,19.35,309.25,evt_000688,2026-02-05,0.05729069759992413,0,Low,New,R. Ahmed,26
0599-XNYDO,Female,0,Yes,No,20,Yes,No,Fiber optic,No,No,No,No,No,No,Month-to-month,Yes,Bank transfer (automatic),69.8,1540.35,evt_000689,2026-02-05,0.7034735508154317,1,High,New,S. Fatima,18
3125-RAHBV,Male,0,No,No,22,Yes,No,No,No internet service,No internet service,No internet service,No internet service,No internet service,No internet service,One year,No,Credit card (automatic),20.3,467.15,evt_000690,2026-02-05,0.10744978584886732,0,Low,Investigating,Unassigned,3
9814-AOUDH,Male,0,No,No,53,Yes,No,No,No internet service,No internet service,No internet service,No internet service,No internet service,No internet service,Two year,No,Credit card (automatic),19.5,1050.5,evt_000691,2026-02-05,0.01651230801972573,0,Low,Investigating,Unassigned,9
2845-HSJCY,Female,0,Yes,Yes,14,Yes,Yes,Fiber optic,No,No,Yes,No,No,Yes,Month-to-month,Yes,Electronic check,87.25,1258.6,evt_000692,2026-02-05,0.8501555853700457,1,Critical,New,M. Ali,23
2805-AUFQN,Female,0,No,No,25,Yes,No,No,No internet service,No internet service,No internet service,No internet service,No internet service,No internet service,Two year,No,Credit card (automatic),19.8,475.2,evt_000693,2026-02-05,0.04865323452769597,0,Low,Resolved,A. Khan,20
2796-UUZZO,Male,0,Yes,Yes,63,Yes,No,Fiber optic,No,Yes,Yes,No,No,No,Month-to-month,Yes,Credit card (automatic),80.3,4896.35,evt_000694,2026-02-05,0.30491623635152326,0,Moderate,Investigating,A. Khan,42
4359-INNWN,Female,0,No,No,17,Yes,No,No,No internet service,No internet service,No internet service,No internet service,No internet service,No internet service,One year,No,Credit card (automatic),20.05,337.9,evt_000695,2026-02-05,0.12444821149801087,0,Low,Investigating,R. Ahmed,38
1960-UOTYM,Male,0,Yes,Yes,52,Yes,No,DSL,Yes,Yes,Yes,No,Yes,Yes,Two year,No,Electronic check,79.2,4016.3,evt_000696,2026-02-05,0.07285094990603419,0,Low,Investigating,M. Ali,9
1112-CUNAO,Female,1,No,No,15,Yes,Yes,Fiber optic,No,Yes,No,No,No,Yes,Month-to-month,No,Electronic check,89.85,1424.95,evt_000697,2026-02-05,0.829124212720689,1,Critical,Investigating,Unassigned,29
9364-YKUVW,Male,0,No,No,15,Yes,No,No,No internet service,No internet service,No internet service,No internet service,No internet service,No internet service,Month-to-month,Yes,Mailed check,19.8,309.4,evt_000698,2026-02-05,0.33305206221506184,0,Moderate,Queued,R. Ahmed,22
3027-YNWZU,Female,0,Yes,No,64,Yes,Yes,No,No internet service,No internet service,No internet service,No internet service,No internet service,No internet service,Two year,No,Credit card (automatic),25.0,1584.8,evt_000699,2026-02-05,0.013343884465261533,0,Low,Queued,S. Fatima,6
7029-RPUAV,Male,1,Yes,No,17,Yes,Yes,Fiber optic,No,No,Yes,No,Yes,Yes,Month-to-month,Yes,Credit card (automatic),100.45,1622.45,evt_000700,2026-02-05,0.8620178966268935,1,Critical,Resolved,Unassigned,32
6769-DYBQN,Male,1,No,No,46,Yes,No,Fiber optic,Yes,No,No,No,No,Yes,Month-to-month,No,Electronic check,85.0,3969.4,evt_000701,2026-02-05,0.5633400423061238,1,High,New,M. Ali,26
2041-JIJCI,Female,0,No,No,5,Yes,Yes,DSL,No,Yes,No,No,No,Yes,Month-to-month,Yes,Electronic check,64.0,370.25,evt_000702,2026-02-05,0.7758383853518541,1,Critical,New,Unassigned,6
5924-SNGKP,Female,0,No,Yes,41,Yes,No,No,No internet service,No internet service,No internet service,No internet service,No internet service,No internet service,One year,Yes,Credit card (automatic),20.25,865.0,evt_000703,2026-02-05,0.056519952598906055,0,Low,New,A. Khan,23
0733-VUNUW,Male,0,No,No,24,Yes,Yes,DSL,Yes,No,No,No,No,No,Month-to-month,Yes,Bank transfer (automatic),55.65,1400.55,evt_000704,2026-02-05,0.4193728572176568,0,Moderate,Resolved,R. Ahmed,35
4927-WWOOZ,Male,0,Yes,No,2,Yes,Yes,Fiber optic,No,No,Yes,No,Yes,No,Month-to-month,Yes,Electronic check,91.45,171.45,evt_000705,2026-02-05,0.8975933932558693,1,Critical,Queued,Unassigned,17
9758-MFWGD,Female,1,Yes,Yes,48,No,No phone service,DSL,No,Yes,No,No,No,No,One year,No,Bank transfer (automatic),29.9,1388.75,evt_000706,2026-02-05,0.11948800995564045,0,Low,Investigating,Unassigned,18
9610-WCESF,Male,0,No,No,67,No,No phone service,DSL,Yes,No,No,Yes,Yes,No,Two year,No,Electronic check,43.9,3097.2,evt_000707,2026-02-05,0.041579623164606457,0,Low,Investigating,Unassigned,7
4905-JEFDW,Male,0,No,No,11,No,No phone service,DSL,No,No,Yes,No,Yes,No,One year,Yes,Electronic check,41.6,470.6,evt_000708,2026-02-05,0.6442399722801626,1,High,Resolved,S. Fatima,11
9544-PYPSJ,Female,1,Yes,Yes,62,Yes,Yes,Fiber optic,No,Yes,Yes,No,No,Yes,Month-to-month,Yes,Credit card (automatic),96.1,6019.35,evt_000709,2026-02-05,0.5079915240914028,1,High,New,Unassigned,47
9537-JALFH,Male,0,Yes,Yes,69,Yes,No,No,No internet service,No internet service,No internet service,No internet service,No internet service,No internet service,Two year,No,Bank transfer (automatic),19.9,1356.7,evt_000710,2026-02-05,0.006979118030233297,0,Low,Investigating,R. Ahmed,30
2985-FMWYF,Female,0,No,No,23,Yes,Yes,Fiber optic,No,No,No,No,Yes,Yes,Month-to-month,Yes,Electronic check,93.5,2341.55,evt_000711,2026-02-05,0.8787763846079724,1,Critical,Resolved,R. Ahmed,10
6993-YCOBK,Male,0,Yes,Yes,60,Yes,Yes,Fiber optic,Yes,No,Yes,Yes,Yes,Yes,Two year,Yes,Electronic check,110.6,6586.85,evt_000712,2026-02-05,0.21488273609816114,0,Low,New,A. Khan,24
3913-FCUUW,Female,0,Yes,Yes,72,Yes,Yes,DSL,Yes,Yes,Yes,Yes,No,No,Two year,Yes,Bank transfer (automatic),70.45,5165.7,evt_000713,2026-02-05,0.018341809732839474,0,Low,Investigating,M. Ali,10
9402-ROUMJ,Female,0,Yes,Yes,67,Yes,Yes,Fiber optic,Yes,No,Yes,Yes,No,Yes,One year,Yes,Bank transfer (automatic),100.25,6689.0,evt_000714,2026-02-05,0.17581247863052962,0,Low,New,R. Ahmed,22
5701-GUXDC,Female,0,Yes,No,26,No,No phone service,DSL,Yes,No,Yes,No,No,No,One year,No,Credit card (automatic),35.4,978.6,evt_000715,2026-02-05,0.2048350023183252,0,Low,Queued,A. Khan,8
4277-BWBML,Male,0,Yes,Yes,72,Yes,No,No,No internet service,No internet service,No internet service,No internet service,No internet service,No internet service,Two year,No,Bank transfer (automatic),19.95,1322.85,evt_000716,2026-02-05,0.00604187201985076,0,Low,Queued,Unassigned,30
4701-AHWMW,Male,0,Yes,No,55,No,No phone service,DSL,No,No,Yes,Yes,Yes,Yes,Month-to-month,Yes,Bank transfer (automatic),54.55,2978.3,evt_000717,2026-02-05,0.3444580040092022,0,Moderate,New,Unassigned,28
7996-BPXHY,Female,0,Yes,Yes,13,Yes,Yes,No,No internet service,No internet service,No internet service,No internet service,No internet service,No internet service,Two year,Yes,Bank transfer (automatic),25.0,332.5,evt_000718,2026-02-05,0.10937890805059781,0,Low,New,Unassigned,31
0379-DJQHR,Male,0,Yes,Yes,67,Yes,No,DSL,Yes,Yes,Yes,No,Yes,Yes,Two year,No,Credit card (automatic),81.35,5398.6,evt_000719,2026-02-05,0.032471666511973106,0,Low,New,A. Khan,22
2616-FLVQC,Male,0,No,No,64,Yes,No,No,No internet service,No internet service,No internet service,No internet service,No internet service,No internet service,Two year,No,Mailed check,19.55,1240.15,evt_000720,2026-02-05,0.01120341831303675,0,Low,New,Unassigned,15
3973-SKMLN,Male,0,No,No,71,Yes,No,No,No internet service,No internet service,No internet service,No internet service,No internet service,No internet service,Two year,Yes,Credit card (automatic),19.9,1355.1,evt_000721,2026-02-05,0.010841887760085664,0,Low,Queued,A. Khan,13
2159-TURXX,Male,0,No,No,5,Yes,No,No,No internet service,No internet service,No internet service,No internet service,No internet service,No internet service,Month-to-month,No,Credit card (automatic),20.05,95.55,evt_000722,2026-02-05,0.33152897826314504,0,Moderate,New,S. Fatima,11
3677-IYRBF,Female,1,No,No,2,No,No phone service,DSL,No,No,Yes,No,No,No,Month-to-month,Yes,Electronic check,30.4,78.65,evt_000723,2026-02-05,0.8289212871318127,1,Critical,New,Unassigned,21
4012-YCFAI,Male,0,Yes,No,60,Yes,No,DSL,Yes,Yes,No,Yes,No,No,Two year,Yes,Mailed check,61.35,3766.2,evt_000724,2026-02-05,0.027493538619085055,0,Low,Investigating,A. Khan,22
5442-BHQNG,Female,0,No,No,2,Yes,No,Fiber optic,No,No,No,No,No,No,Month-to-month,No,Electronic check,70.35,139.25,evt_000725,2026-02-05,0.8061318269534667,1,Critical,Investigating,A. Khan,32
7056-IMHCC,Male,1,Yes,No,53,Yes,Yes,Fiber optic,No,Yes,No,No,Yes,Yes,Month-to-month,Yes,Electronic check,101.9,5549.4,evt_000726,2026-02-05,0.7776114246957803,1,Critical,Queued,A. Khan,4
9330-DHBFL,Female,0,Yes,Yes,23,Yes,No,DSL,Yes,Yes,Yes,Yes,No,No,One year,Yes,Mailed check,66.25,1533.8,evt_000727,2026-02-05,0.12422374728331999,0,Low,Resolved,S. Fatima,14
2911-WDXMV,Male,0,No,Yes,18,Yes,Yes,Fiber optic,No,No,Yes,No,No,No,Month-to-month,Yes,Credit card (automatic),80.55,1406.65,evt_000728,2026-02-05,0.7052133103263875,1,High,New,Unassigned,41
2203-GHNWN,Female,0,Yes,No,24,Yes,Yes,Fiber optic,No,No,Yes,No,No,No,Month-to-month,Yes,Mailed check,79.65,1928.7,evt_000729,2026-02-05,0.7283899167671993,1,High,Investigating,A. Khan,44
7677-SJJJK,Male,0,Yes,Yes,8,Yes,No,No,No internet service,No internet service,No internet service,No internet service,No internet service,No internet service,One year,No,Credit card (automatic),19.9,153.95,evt_000730,2026-02-05,0.1508929823540272,0,Low,New,A. Khan,44
2263-SFSQZ,Male,0,Yes,Yes,51,Yes,Yes,No,No internet service,No internet service,No internet service,No internet service,No internet service,No internet service,Two year,Yes,Mailed check,24.95,1222.25,evt_000731,2026-02-05,0.028213720259481732,0,Low,Investigating,R. Ahmed,16
3567-PQTSO,Male,0,Yes,Yes,53,Yes,Yes,Fiber optic,No,Yes,Yes,No,Yes,Yes,One year,Yes,Electronic check,105.25,5576.3,evt_000732,2026-02-05,0.5362701706234432,1,High,Resolved,M. Ali,8
8086-OVPWV,Male,0,No,No,2,Yes,No,Fiber optic,No,No,No,No,No,Yes,Month-to-month,Yes,Electronic check,80.2,181.1,evt_000733,2026-02-05,0.8891762999154954,1,Critical,Investigating,Unassigned,11
1830-IPXVJ,Female,0,Yes,Yes,61,Yes,No,No,No internet service,No internet service,No internet service,No internet service,No internet service,No internet service,Two year,No,Credit card (automatic),19.75,1311.6,evt_000734,2026-02-05,0.009550760443973655,0,Low,Queued,Unassigned,8
1853-UDXBW,Male,0,Yes,Yes,1,Yes,No,Fiber optic,No,No,No,No,No,No,Month-to-month,Yes,Electronic check,70.0,70.0,evt_000735,2026-02-05,0.8393639323525064,1,Critical,Queued,Unassigned,45
1541-ETJZO,Male,0,No,No,1,Yes,Yes,DSL,No,No,Yes,Yes,No,No,Month-to-month,No,Mailed check,62.05,62.05,evt_000736,2026-02-05,0.5335288184730025,1,High,New,Unassigned,42
2057-ZBLPD,Female,0,Yes,No,21,Yes,Yes,Fiber optic,No,No,No,No,No,Yes,Month-to-month,Yes,Electronic check,86.5,1808.7,evt_000737,2026-02-05,0.8463659635268348,1,Critical,Investigating,S. Fatima,39
2187-PKZAY,Male,0,No,No,12,Yes,No,Fiber optic,No,No,No,No,No,Yes,Month-to-month,Yes,Bank transfer (automatic),79.95,1043.4,evt_000738,2026-02-05,0.8036111065073818,1,Critical,Investigating,Unassigned,35
7036-TYDEC,Female,0,No,No,69,Yes,Yes,Fiber optic,No,No,Yes,Yes,Yes,Yes,Two year,No,Electronic check,104.0,7028.5,evt_000739,2026-02-05,0.20587446068903525,0,Low,Resolved,M. Ali,17
5103-MHMHY,Female,0,No,Yes,1,Yes,No,DSL,No,No,No,No,No,No,Month-to-month,No,Mailed check,45.95,45.95,evt_000740,2026-02-05,0.5306811107164731,1,High,Queued,A. Khan,23
0661-KBKPA,Male,0,Yes,Yes,53,Yes,Yes,DSL,No,No,Yes,Yes,Yes,Yes,One year,Yes,Mailed check,78.75,3942.45,evt_000741,2026-02-05,0.18733704135675952,0,Low,New,R. Ahmed,40
8930-XOTDP,Female,0,Yes,Yes,18,Yes,No,DSL,No,No,No,No,Yes,No,Month-to-month,No,Mailed check,55.95,1082.8,evt_000742,2026-02-05,0.4463289685463834,0,Moderate,Queued,A. Khan,39
2545-EBUPK,Female,1,No,No,2,Yes,Yes,Fiber optic,No,No,No,No,No,Yes,Month-to-month,Yes,Electronic check,84.05,186.05,evt_000743,2026-02-05,0.9202771624087576,1,Critical,New,Unassigned,25
4619-EVPHY,Female,1,Yes,No,20,Yes,No,Fiber optic,No,No,No,No,Yes,Yes,One year,Yes,Bank transfer (automatic),91.0,1859.5,evt_000744,2026-02-05,0.6962920587528437,1,High,New,R. Ahmed,40
9779-DPNEJ,Female,0,Yes,Yes,22,Yes,No,Fiber optic,No,No,No,No,No,Yes,Month-to-month,Yes,Electronic check,80.15,1790.65,evt_000745,2026-02-05,0.7793554665409879,1,Critical,New,Unassigned,17
0056-EPFBG,Male,0,Yes,Yes,20,No,No phone service,DSL,Yes,No,Yes,Yes,No,No,Two year,Yes,Credit card (automatic),39.4,825.4,evt_000746,2026-02-05,0.12074253376145014,0,Low,Investigating,M. Ali,21
4717-GHADL,Female,0,No,No,50,Yes,Yes,DSL,No,Yes,No,Yes,Yes,Yes,Two year,Yes,Mailed check,79.6,4024.2,evt_000747,2026-02-05,0.12181384719572749,0,Low,New,S. Fatima,40
4726-DLWQN,Male,1,No,No,50,Yes,Yes,DSL,Yes,Yes,No,No,Yes,No,Month-to-month,Yes,Bank transfer (automatic),70.35,3454.6,evt_000748,2026-02-05,0.2938442804343656,0,Moderate,New,Unassigned,19
9588-YRFHY,Male,0,No,No,49,Yes,No,No,No internet service,No internet service,No internet service,No internet service,No internet service,No internet service,Two year,Yes,Credit card (automatic),19.9,1022.6,evt_000749,2026-02-05,0.027226726078426203,0,Low,New,M. Ali,36
3966-HRMZA,Female,1,No,No,3,Yes,No,Fiber optic,No,No,Yes,No,No,No,Month-to-month,No,Mailed check,75.05,202.9,evt_000750,2026-02-05,0.7647105176666165,1,Critical,Investigating,R. Ahmed,22
1989-PRJHP,Male,1,Yes,No,27,Yes,Yes,Fiber optic,No,No,No,No,No,No,Month-to-month,Yes,Electronic check,75.5,1893.95,evt_000751,2026-02-05,0.8052314504967063,1,Critical,Investigating,R. Ahmed,15
3325-FUYCG,Male,0,Yes,Yes,28,Yes,Yes,Fiber optic,Yes,Yes,No,No,Yes,Yes,One year,No,Electronic check,106.1,2847.4,evt_000752,2026-02-05,0.5016464330251184,1,High,New,Unassigned,12
6497-TILVL,Female,0,Yes,Yes,7,Yes,No,DSL,Yes,No,No,No,No,No,Month-to-month,No,Mailed check,50.7,350.35,evt_000753,2026-02-05,0.3808878193824511,0,Moderate,New,Unassigned,29
2632-TACXW,Female,0,Yes,No,62,Yes,Yes,No,No internet service,No internet service,No internet service,No internet service,No internet service,No internet service,Two year,No,Bank transfer (automatic),23.65,1416.75,evt_000754,2026-02-05,0.014566707549562921,0,Low,Queued,A. Khan,24
6258-NGCNG,Male,0,No,No,7,Yes,Yes,No,No internet service,No internet service,No internet service,No internet service,No internet service,No internet service,Month-to-month,No,Mailed check,23.5,173.0,evt_000755,2026-02-05,0.3872473928919088,0,Moderate,New,S. Fatima,18
3312-ZWLGF,Male,1,Yes,No,29,Yes,Yes,Fiber optic,No,No,No,Yes,No,No,Month-to-month,Yes,Electronic check,79.3,2414.55,evt_000756,2026-02-05,0.7476395161606101,1,High,Queued,R. Ahmed,36
1131-ALZWV,Female,0,No,No,24,Yes,Yes,No,No internet service,No internet service,No internet service,No internet service,No internet service,No internet service,One year,No,Bank transfer (automatic),24.6,605.25,evt_000757,2026-02-05,0.11998616822642187,0,Low,Queued,A. Khan,2
8626-PTQGE,Male,0,No,No,69,No,No phone service,DSL,Yes,Yes,No,Yes,Yes,Yes,Two year,Yes,Bank transfer (automatic),60.05,4176.7,evt_000758,2026-02-05,0.0477165308341003,0,Low,Resolved,S. Fatima,6
0562-FGDCR,Female,0,Yes,Yes,72,Yes,Yes,DSL,Yes,Yes,No,Yes,Yes,No,Two year,No,Mailed check,74.55,5430.65,evt_000759,2026-02-05,0.019619192616954016,0,Low,New,M. Ali,46
5671-RQRLP,Female,1,Yes,No,70,Yes,Yes,Fiber optic,No,No,No,No,No,No,Two year,Yes,Credit card (automatic),75.65,5411.4,evt_000760,2026-02-05,0.15831216659826974,0,Low,Investigating,A. Khan,32
1936-CZAKF,Male,0,Yes,No,49,No,No phone service,DSL,No,Yes,No,No,Yes,Yes,Two year,No,Credit card (automatic),49.65,2409.9,evt_000761,2026-02-05,0.1231009402810308,0,Low,New,S. Fatima,27
5144-TVGLP,Male,1,No,No,38,Yes,Yes,Fiber optic,No,No,No,No,Yes,Yes,Month-to-month,No,Electronic check,94.75,3653.0,evt_000762,2026-02-05,0.8024423746443504,1,Critical,Resolved,A. Khan,2
9480-BQJEI,Male,0,No,No,62,Yes,Yes,Fiber optic,Yes,Yes,No,No,No,Yes,One year,Yes,Bank transfer (automatic),92.3,5731.45,evt_000763,2026-02-05,0.28059581399773054,0,Moderate,Resolved,R. Ahmed,29
9473-CBZOP,Female,0,No,No,28,Yes,Yes,DSL,Yes,No,Yes,No,No,No,One year,No,Mailed check,59.0,1654.45,evt_000764,2026-02-05,0.1820781835623054,0,Low,Investigating,A. Khan,22
7531-GQHME,Male,0,No,No,12,Yes,No,No,No internet service,No internet service,No internet service,No internet service,No internet service,No internet service,Month-to-month,No,Credit card (automatic),20.05,265.45,evt_000765,2026-02-05,0.2716133614650352,0,Moderate,Queued,Unassigned,29
0164-APGRB,Female,0,No,No,72,Yes,Yes,Fiber optic,Yes,Yes,Yes,Yes,Yes,Yes,Two year,Yes,Electronic check,114.9,8496.7,evt_000766,2026-02-05,0.19005934790370171,0,Low,New,M. Ali,3
5052-PNLOS,Male,0,No,No,3,Yes,Yes,Fiber optic,No,Yes,Yes,No,Yes,Yes,Month-to-month,Yes,Bank transfer (automatic),105.35,323.25,evt_000767,2026-02-05,0.8652751554138544,1,Critical,Investigating,Unassigned,27
6682-QJDGB,Male,0,No,Yes,40,Yes,No,DSL,Yes,Yes,No,No,No,No,Month-to-month,Yes,Mailed check,55.25,2139.2,evt_000768,2026-02-05,0.19510010726967814,0,Low,Investigating,A. Khan,28
9058-CBREO,Female,1,No,No,1,Yes,Yes,DSL,No,No,No,No,No,No,Month-to-month,No,Mailed check,50.55,50.55,evt_000769,2026-02-05,0.6736560757193519,1,High,New,S. Fatima,15
3320-VEOYC,Male,1,No,No,14,Yes,Yes,Fiber optic,No,No,No,No,Yes,Yes,Month-to-month,Yes,Electronic check,95.6,1273.3,evt_000770,2026-02-05,0.9117827695562106,1,Critical,Queued,M. Ali,4
9070-BCKQP,Female,0,Yes,No,72,Yes,Yes,Fiber optic,Yes,No,Yes,Yes,Yes,Yes,Two year,Yes,Credit card (automatic),110.15,7881.2,evt_000771,2026-02-05,0.1421205645200733,0,Low,Queued,M. Ali,46
6899-PPEEA,Female,1,No,No,37,Yes,Yes,Fiber optic,No,No,No,No,Yes,Yes,Month-to-month,Yes,Electronic check,96.55,3580.3,evt_000772,2026-02-05,0.8447190861740017,1,Critical,Investigating,S. Fatima,34
3594-IVHJZ,Female,0,No,No,2,Yes,No,No,No internet service,No internet service,No internet service,No internet service,No internet service,No internet service,Month-to-month,Yes,Mailed check,20.45,42.45,evt_000773,2026-02-05,0.44748544455008377,0,Moderate,Investigating,Unassigned,30
4237-CLSMM,Male,0,Yes,No,2,Yes,No,No,No internet service,No internet service,No internet service,No internet service,No internet service,No internet service,Month-to-month,No,Mailed check,20.0,38.0,evt_000774,2026-02-05,0.38108429119244674,0,Moderate,Queued,Unassigned,37
3680-CTHUH,Male,0,No,No,60,Yes,Yes,Fiber optic,Yes,Yes,Yes,Yes,Yes,Yes,One year,Yes,Credit card (automatic),116.6,7049.5,evt_000775,2026-02-05,0.2883395136945029,0,Moderate,Queued,M. Ali,32
0057-QBUQH,Female,0,No,Yes,43,Yes,Yes,No,No internet service,No internet service,No internet service,No internet service,No internet service,No internet service,Two year,Yes,Electronic check,25.1,1070.15,evt_000776,2026-02-05,0.050241278592851345,0,Low,New,A. Khan,8
7764-BDPEE,Male,0,No,Yes,3,Yes,No,No,No internet service,No internet service,No internet service,No internet service,No internet service,No internet service,Month-to-month,No,Mailed check,20.85,60.65,evt_000777,2026-02-05,0.31511977691356235,0,Moderate,New,Unassigned,22
7167-PCEYD,Male,0,No,No,67,Yes,No,No,No internet service,No internet service,No internet service,No internet service,No internet service,No internet service,Two year,Yes,Mailed check,19.8,1311.3,evt_000778,2026-02-05,0.013849462825221367,0,Low,New,R. Ahmed,42
5181-OABFK,Female,0,Yes,Yes,56,Yes,No,DSL,Yes,Yes,Yes,No,No,No,Two year,Yes,Credit card (automatic),61.3,3346.8,evt_000779,2026-02-05,0.029931823478848957,0,Low,Investigating,M. Ali,15
0679-IDSTG,Female,1,Yes,Yes,1,Yes,No,Fiber optic,No,No,No,No,No,No,Month-to-month,Yes,Electronic check,69.25,69.25,evt_000780,2026-02-12,0.8575987657256284,1,Critical,Queued,Unassigned,46
3063-QFSZL,Female,0,No,No,1,Yes,No,DSL,No,No,No,No,No,Yes,Month-to-month,Yes,Electronic check,55.4,55.4,evt_000781,2026-02-12,0.7828886623419568,1,Critical,Queued,S. Fatima,4
2070-FNEXE,Female,1,No,No,7,Yes,No,Fiber optic,Yes,No,No,No,No,No,Month-to-month,No,Bank transfer (automatic),76.45,503.6,evt_000782,2026-02-12,0.6445285550338771,1,High,New,R. Ahmed,17
2788-CJQAQ,Male,0,No,No,13,Yes,No,No,No internet service,No internet service,No internet service,No internet service,No internet service,No internet service,One year,No,Mailed check,19.45,270.2,evt_000783,2026-02-12,0.16038865728877366,0,Low,New,M. Ali,18
1545-JFUML,Male,0,Yes,No,71,Yes,Yes,Fiber optic,Yes,Yes,Yes,No,Yes,No,Two year,Yes,Electronic check,99.0,6994.6,evt_000784,2026-02-12,0.17980374822195622,0,Low,Queued,S. Fatima,30
1264-FUHCX,Female,0,Yes,No,49,No,No phone service,DSL,No,Yes,No,Yes,Yes,Yes,One year,Yes,Credit card (automatic),56.3,2780.6,evt_000785,2026-02-12,0.21286974124215569,0,Low,New,M. Ali,10
3400-ESFUW,Male,0,Yes,Yes,55,Yes,No,DSL,Yes,Yes,No,Yes,No,No,Two year,No,Bank transfer (automatic),57.55,3046.4,evt_000786,2026-02-12,0.017527520413956506,0,Low,New,Unassigned,12
2178-PMGCJ,Male,0,No,No,22,Yes,No,Fiber optic,No,No,No,No,No,No,Month-to-month,Yes,Mailed check,69.7,1490.4,evt_000787,2026-02-12,0.7022043091070708,1,High,Investigating,A. Khan,32
7216-KAOID,Male,0,Yes,Yes,41,Yes,No,No,No internet service,No internet service,No internet service,No internet service,No internet service,No internet service,One year,No,Bank transfer (automatic),19.5,798.2,evt_000788,2026-02-12,0.04338556601727576,0,Low,New,Unassigned,15
2988-PLAHS,Female,0,No,No,3,Yes,No,DSL,No,No,Yes,No,Yes,Yes,One year,Yes,Electronic check,69.95,220.45,evt_000789,2026-02-12,0.6626278530494413,1,High,New,Unassigned,42
3729-OWRVL,Male,1,No,No,65,Yes,Yes,Fiber optic,Yes,No,Yes,Yes,Yes,Yes,Two year,Yes,Electronic check,110.35,7246.15,evt_000790,2026-02-12,0.2647220370848856,0,Moderate,Queued,Unassigned,42
9878-TNQGW,Male,0,No,No,2,Yes,No,Fiber optic,No,No,No,No,No,Yes,Month-to-month,Yes,Electronic check,80.95,171.15,evt_000791,2026-02-12,0.8873210929615916,1,Critical,Investigating,A. Khan,15
6814-ZPWFQ,Male,1,No,No,51,Yes,Yes,No,No internet service,No internet service,No internet service,No internet service,No internet service,No internet service,One year,No,Bank transfer (automatic),25.0,1260.7,evt_000792,2026-02-12,0.052509754581621715,0,Low,New,M. Ali,27
2969-WGHQO,Female,0,Yes,Yes,7,Yes,No,DSL,Yes,Yes,Yes,No,Yes,No,One year,No,Electronic check,69.45,477.05,evt_000793,2026-02-12,0.30384816192258246,0,Moderate,Investigating,S. Fatima,17
8338-QIUNR,Male,0,Yes,Yes,72,Yes,Yes,DSL,Yes,No,Yes,Yes,No,No,Two year,Yes,Credit card (automatic),66.5,4811.6,evt_000794,2026-02-12,0.020416505846959886,0,Low,Resolved,R. Ahmed,17
2954-PIBKO,Female,0,Yes,Yes,69,Yes,Yes,DSL,Yes,No,Yes,Yes,No,No,Two year,Yes,Credit card (automatic),64.15,4254.1,evt_000795,2026-02-12,0.02110137744157068,0,Low,Queued,Unassigned,32
0727-BNRLG,Male,0,No,No,69,Yes,Yes,Fiber optic,No,Yes,Yes,Yes,Yes,No,Two year,Yes,Credit card (automatic),97.65,6743.55,evt_000796,2026-02-12,0.13936373669329885,0,Low,Queued,S. Fatima,15
6890-PFRQX,Male,0,No,No,18,Yes,Yes,DSL,Yes,No,Yes,No,Yes,No,Month-to-month,No,Mailed check,69.5,1199.4,evt_000797,2026-02-12,0.4525658826407533,0,Moderate,Investigating,Unassigned,8
9512-UIBFX,Male,0,Yes,Yes,18,Yes,No,Fiber optic,No,No,Yes,No,Yes,Yes,Month-to-month,No,Mailed check,95.15,1779.95,evt_000798,2026-02-12,0.7235712566532946,1,High,Queued,A. Khan,13
8869-TORSS,Female,0,No,No,48,Yes,No,DSL,Yes,No,Yes,Yes,No,No,One year,Yes,Credit card (automatic),60.35,2896.4,evt_000799,2026-02-12,0.07529768301806036,0,Low,New,S. Fatima,44
0310-VQXAM,Male,0,No,No,9,Yes,No,No,No internet service,No internet service,No internet service,No internet service,No internet service,No internet service,Month-to-month,No,Mailed check,19.85,178.8,evt_000800,2026-02-12,0.3119904889437269,0,Moderate,Queued,A. Khan,13
1236-WFCDV,Male,1,No,No,14,Yes,No,Fiber optic,No,No,No,No,Yes,Yes,Month-to-month,No,Credit card (automatic),90.45,1266.1,evt_000801,2026-02-12,0.7994287428084643,1,Critical,New,Unassigned,18
7629-WIXZF,Female,0,No,No,7,Yes,No,DSL,Yes,No,No,No,No,Yes,One year,Yes,Electronic check,59.1,369.25,evt_000802,2026-02-12,0.4929540755688286,0,Moderate,New,A. Khan,30
3094-JOJAI,Male,0,No,No,18,Yes,Yes,Fiber optic,No,No,No,No,No,No,Month-to-month,No,Mailed check,74.15,1387.0,evt_000803,2026-02-12,0.7110746006896721,1,High,New,M. Ali,6
2834-JKOOW,Female,0,No,No,15,No,No phone service,DSL,Yes,Yes,Yes,Yes,No,No,One year,No,Mailed check,45.9,693.45,evt_000804,2026-02-12,0.19627312816906883,0,Low,New,Unassigned,14
8457-XIGKN,Male,0,No,No,20,Yes,No,No,No internet service,No internet service,No internet service,No internet service,No internet service,No internet service,Month-to-month,Yes,Credit card (automatic),19.6,356.15,evt_000805,2026-02-12,0.2727474344644588,0,Moderate,New,S. Fatima,10
8393-DLHGA,Male,0,No,Yes,25,Yes,No,Fiber optic,No,Yes,No,No,Yes,Yes,Month-to-month,Yes,Electronic check,95.9,2448.75,evt_000806,2026-02-12,0.7873786324031211,1,Critical,Queued,A. Khan,44
9700-ISPUP,Female,0,Yes,Yes,10,Yes,No,DSL,No,Yes,No,Yes,No,Yes,Month-to-month,Yes,Electronic check,65.5,616.9,evt_000807,2026-02-12,0.5617428518330999,1,High,Resolved,A. Khan,44
3519-ZKXGG,Female,0,Yes,No,3,Yes,Yes,Fiber optic,No,No,No,No,No,No,Month-to-month,Yes,Electronic check,75.85,256.6,evt_000808,2026-02-12,0.8770625129717287,1,Critical,New,S. Fatima,36
2369-FEVNO,Male,0,No,No,1,Yes,No,No,No internet service,No internet service,No internet service,No internet service,No internet service,No internet service,Month-to-month,Yes,Mailed check,19.9,19.9,evt_000809,2026-02-12,0.47103423531739175,0,Moderate,Queued,M. Ali,13
5201-USSQZ,Female,0,Yes,No,26,Yes,No,Fiber optic,No,No,No,Yes,No,Yes,Month-to-month,No,Credit card (automatic),85.9,2196.45,evt_000810,2026-02-12,0.5599040043959908,1,High,Queued,M. Ali,30
6119-SPUDB,Male,0,No,No,46,No,No phone service,DSL,Yes,No,Yes,Yes,No,No,Two year,No,Mailed check,38.25,1755.35,evt_000811,2026-02-12,0.04592474234220218,0,Low,New,R. Ahmed,32
8166-ORCHU,Male,1,Yes,No,33,Yes,No,Fiber optic,Yes,Yes,No,Yes,No,Yes,One year,Yes,Electronic check,93.55,3055.5,evt_000812,2026-02-12,0.4514797182782799,0,Moderate,New,M. Ali,41
2325-ZUSFD,Female,0,Yes,Yes,57,Yes,No,DSL,Yes,No,No,No,Yes,Yes,One year,Yes,Bank transfer (automatic),70.1,3913.3,evt_000813,2026-02-12,0.11966020225506716,0,Low,New,R. Ahmed,9
6705-LXORM,Female,1,Yes,No,5,Yes,No,Fiber optic,No,No,No,No,No,No,Month-to-month,No,Electronic check,70.05,302.6,evt_000814,2026-02-12,0.8195264833109325,1,Critical,New,S. Fatima,35
8623-ULFNQ,Female,1,No,No,26,Yes,Yes,DSL,No,No,No,Yes,No,Yes,Month-to-month,Yes,Electronic check,66.05,1652.4,evt_000815,2026-02-12,0.6120676708978835,1,High,New,M. Ali,10
2525-GVKQU,Female,0,No,No,60,Yes,No,No,No internet service,No internet service,No internet service,No internet service,No internet service,No internet service,Two year,No,Mailed check,20.6,1093.0,evt_000816,2026-02-12,0.012219704715649407,0,Low,New,A. Khan,28
2972-YDYUW,Female,0,No,No,57,Yes,Yes,Fiber optic,No,Yes,No,Yes,No,Yes,One year,No,Electronic check,94.7,5468.95,evt_000817,2026-02-12,0.31848622331896614,0,Moderate,Queued,M. Ali,42
8266-VBFQL,Male,0,No,No,4,Yes,No,Fiber optic,No,No,Yes,Yes,No,Yes,Month-to-month,Yes,Electronic check,90.4,356.65,evt_000818,2026-02-12,0.8303922916893883,1,Critical,New,A. Khan,4
7375-WMVMT,Male,1,Yes,No,71,Yes,No,Fiber optic,No,Yes,Yes,Yes,No,Yes,Two year,Yes,Credit card (automatic),95.5,6707.15,evt_000819,2026-02-12,0.12382624408981016,0,Low,New,M. Ali,8
0637-YLETY,Female,0,No,No,16,Yes,Yes,Fiber optic,No,Yes,Yes,No,No,Yes,Month-to-month,Yes,Credit card (automatic),95.6,1555.65,evt_000820,2026-02-12,0.779099449922192,1,Critical,New,Unassigned,39
9254-RBFON,Female,0,Yes,Yes,17,Yes,No,Fiber optic,No,No,Yes,Yes,Yes,Yes,One year,No,Bank transfer (automatic),98.6,1704.95,evt_000821,2026-02-12,0.4579316042896932,0,Moderate,Queued,Unassigned,2
8173-RXAYP,Female,0,Yes,Yes,24,Yes,No,No,No internet service,No internet service,No internet service,No internet service,No internet service,No internet service,Two year,No,Mailed check,19.7,452.55,evt_000822,2026-02-12,0.04507506406540583,0,Low,New,S. Fatima,33
3313-QKNKB,Male,0,Yes,No,59,Yes,Yes,Fiber optic,No,No,No,No,No,Yes,One year,No,Electronic check,85.55,5084.65,evt_000823,2026-02-12,0.41347932548734867,0,Moderate,Queued,R. Ahmed,25
1729-VLAZJ,Female,0,No,Yes,10,No,No phone service,DSL,Yes,Yes,No,Yes,No,No,One year,No,Mailed check,40.25,411.45,evt_000824,2026-02-12,0.20120154796987855,0,Low,New,R. Ahmed,17
7250-EQKIY,Female,0,Yes,Yes,1,Yes,No,DSL,No,No,Yes,No,No,No,Month-to-month,No,Mailed check,50.45,50.45,evt_000825,2026-02-12,0.5234787290332015,1,High,New,Unassigned,41
0082-OQIQY,Male,0,No,No,29,Yes,No,Fiber optic,No,No,No,Yes,Yes,Yes,Month-to-month,Yes,Electronic check,94.2,2607.6,evt_000826,2026-02-12,0.768587239295832,1,Critical,Resolved,M. Ali,41
1395-OFUWC,Male,0,Yes,Yes,43,No,No phone service,DSL,No,Yes,No,No,No,No,Month-to-month,No,Credit card (automatic),29.3,1224.05,evt_000827,2026-02-12,0.23018542189515678,0,Low,New,M. Ali,16
6372-RFVNS,Female,0,Yes,No,1,Yes,No,Fiber optic,No,No,No,No,Yes,No,Month-to-month,No,Electronic check,78.8,78.8,evt_000828,2026-02-12,0.8480356320238257,1,Critical,New,M. Ali,2
6077-BDPXA,Female,0,No,No,3,Yes,No,Fiber optic,No,No,No,No,No,No,Month-to-month,Yes,Electronic check,70.15,194.2,evt_000829,2026-02-12,0.8504156267133702,1,Critical,New,A. Khan,7
8782-NUUOL,Male,0,No,No,60,Yes,No,DSL,Yes,No,Yes,Yes,Yes,Yes,One year,No,Mailed check,79.0,4801.1,evt_000830,2026-02-12,0.08341128440025807,0,Low,Resolved,M. Ali,6
9330-VOFSZ,Female,0,Yes,No,60,Yes,Yes,Fiber optic,No,Yes,Yes,Yes,Yes,Yes,Two year,Yes,Credit card (automatic),110.8,6640.7,evt_000831,2026-02-12,0.22051871539838105,0,Low,Queued,Unassigned,47
3442-ZHHCC,Male,0,No,No,68,Yes,Yes,DSL,Yes,Yes,Yes,No,No,Yes,One year,Yes,Credit card (automatic),76.9,5023.0,evt_000832,2026-02-12,0.0913269707567726,0,Low,Queued,Unassigned,29
8587-XYZSF,Male,0,No,No,67,Yes,No,DSL,No,No,No,Yes,No,No,Two year,No,Bank transfer (automatic),50.55,3260.1,evt_000833,2026-02-12,0.021527508334482033,0,Low,Resolved,A. Khan,33
9950-MTGYX,Male,0,Yes,Yes,28,Yes,No,No,No internet service,No internet service,No internet service,No internet service,No internet service,No internet service,Two year,Yes,Credit card (automatic),20.3,487.95,evt_000834,2026-02-12,0.05070742590259641,0,Low,New,S. Fatima,12
6614-YOLAC,Female,0,Yes,Yes,71,No,No phone service,DSL,Yes,Yes,No,Yes,Yes,Yes,Two year,No,Mailed check,58.65,4145.25,evt_000835,2026-02-12,0.02738353742145118,0,Low,Resolved,S. Fatima,41
1036-GUDCL,Male,0,Yes,Yes,60,Yes,No,DSL,Yes,Yes,No,Yes,Yes,Yes,Month-to-month,Yes,Credit card (automatic),79.05,4663.4,evt_000836,2026-02-12,0.14836102112395905,0,Low,New,S. Fatima,35
0201-MIBOL,Female,1,No,No,66,Yes,Yes,Fiber optic,Yes,No,No,No,Yes,Yes,Two year,Yes,Bank transfer (automatic),102.4,6471.85,evt_000837,2026-02-12,0.2180589549715111,0,Low,Queued,R. Ahmed,36
2665-NPTGL,Female,1,Yes,No,26,Yes,Yes,Fiber optic,No,No,Yes,No,Yes,Yes,Month-to-month,Yes,Bank transfer (automatic),98.1,2510.7,evt_000838,2026-02-12,0.8341191602785811,1,Critical,Queued,A. Khan,23
1024-GUALD,Female,0,Yes,No,1,No,No phone service,DSL,No,No,No,No,No,No,Month-to-month,Yes,Electronic check,24.8,24.8,evt_000839,2026-02-12,0.8228936018632123,1,Critical,New,Unassigned,34
2511-MORQY,Male,0,Yes,Yes,50,Yes,Yes,DSL,No,No,Yes,No,No,No,One year,No,Bank transfer (automatic),54.9,2614.1,evt_000840,2026-02-12,0.10576900516563277,0,Low,Resolved,Unassigned,27
2866-IKBTM,Female,0,No,No,1,Yes,No,No,No internet service,No internet service,No internet service,No internet service,No internet service,No internet service,Month-to-month,No,Mailed check,19.55,19.55,evt_000841,2026-02-12,0.37927009183371574,0,Moderate,New,R. Ahmed,19
2885-HIJDH,Male,0,Yes,Yes,69,Yes,Yes,DSL,Yes,No,Yes,Yes,Yes,Yes,Two year,No,Bank transfer (automatic),86.9,6194.1,evt_000842,2026-02-12,0.03451692000309286,0,Low,Resolved,R. Ahmed,29
8909-BOLNL,Male,0,No,No,3,Yes,No,No,No internet service,No internet service,No internet service,No internet service,No internet service,No internet service,One year,No,Mailed check,21.2,52.05,evt_000843,2026-02-12,0.21724719374735685,0,Low,New,S. Fatima,16
5482-NUPNA,Female,0,No,No,4,Yes,No,DSL,Yes,Yes,No,Yes,No,No,Month-to-month,Yes,Mailed check,60.4,272.15,evt_000844,2026-02-12,0.4108655659743888,0,Moderate,Queued,M. Ali,45
8620-RJPZN,Female,0,No,No,1,Yes,No,No,No internet service,No internet service,No internet service,No internet service,No internet service,No internet service,Month-to-month,No,Electronic check,20.7,20.7,evt_000845,2026-02-12,0.4527510402503478,0,Moderate,Resolved,A. Khan,34
0471-ARVMX,Female,1,Yes,No,62,Yes,Yes,Fiber optic,Yes,No,Yes,No,Yes,Yes,One year,Yes,Electronic check,104.85,6312.9,evt_000846,2026-02-12,0.49436393759970376,0,Moderate,New,R. Ahmed,35
2737-YNGYW,Female,0,No,No,2,Yes,No,Fiber optic,No,No,No,No,No,Yes,Month-to-month,No,Electronic check,80.55,184.1,evt_000847,2026-02-12,0.8443348177428287,1,Critical,Resolved,A. Khan,34
5519-TEEUH,Male,0,No,Yes,33,Yes,No,No,No internet service,No internet service,No internet service,No internet service,No internet service,No internet service,One year,Yes,Mailed check,20.15,682.15,evt_000848,2026-02-12,0.0853955227878068,0,Low,Queued,Unassigned,22
0559-CKHUS,Female,0,Yes,No,29,Yes,No,No,No internet service,No internet service,No internet service,No internet service,No internet service,No internet service,Two year,Yes,Mailed check,19.55,521.8,evt_000849,2026-02-12,0.06249119752481636,0,Low,Investigating,S. Fatima,45
9327-QSDED,Male,0,No,No,8,Yes,No,DSL,No,No,No,No,No,No,Month-to-month,No,Mailed check,43.55,335.4,evt_000850,2026-02-12,0.5424748730427937,1,High,New,S. Fatima,11
6242-SGYTS,Male,0,Yes,Yes,62,Yes,Yes,Fiber optic,Yes,Yes,No,No,Yes,No,One year,Yes,Credit card (automatic),94.95,5791.85,evt_000851,2026-02-12,0.2248173995667527,0,Low,Queued,M. Ali,28
6034-YMTOB,Female,0,No,No,5,Yes,No,Fiber optic,No,No,No,Yes,No,No,Month-to-month,Yes,Mailed check,75.65,399.45,evt_000852,2026-02-12,0.7259060209293527,1,High,Investigating,Unassigned,5
5318-YKDPV,Male,0,Yes,Yes,43,Yes,No,DSL,Yes,No,Yes,Yes,Yes,Yes,Two year,Yes,Credit card (automatic),79.15,3566.6,evt_000853,2026-02-12,0.0765476750955649,0,Low,Queued,A. Khan,15
8219-VYBVI,Male,0,No,Yes,39,Yes,Yes,No,No internet service,No internet service,No internet service,No internet service,No internet service,No internet service,Two year,No,Mailed check,25.0,1004.35,evt_000854,2026-02-12,0.0323749921933989,0,Low,New,A. Khan,28
9163-GHAYE,Female,0,No,No,15,Yes,No,DSL,No,Yes,No,No,No,No,Month-to-month,No,Electronic check,48.85,736.8,evt_000855,2026-02-12,0.5118148231804263,1,High,New,A. Khan,24
5480-HPRRX,Female,1,No,No,3,No,No phone service,DSL,No,No,No,No,No,No,Month-to-month,No,Electronic check,25.3,77.75,evt_000856,2026-02-12,0.7773895128764953,1,Critical,Investigating,R. Ahmed,45
5351-QESIO,Male,0,No,Yes,1,No,No phone service,DSL,No,No,No,No,No,No,Month-to-month,No,Mailed check,24.2,24.2,evt_000857,2026-02-12,0.6655695546896945,1,High,New,Unassigned,30
6967-PEJLL,Male,0,Yes,Yes,37,No,No phone service,DSL,Yes,No,Yes,Yes,No,No,One year,Yes,Electronic check,40.2,1525.35,evt_000858,2026-02-12,0.175580858160564,0,Low,Investigating,M. Ali,20
4378-MYPGO,Male,0,Yes,Yes,68,Yes,No,Fiber optic,Yes,Yes,Yes,No,Yes,Yes,Two year,Yes,Bank transfer (automatic),105.25,7173.15,evt_000859,2026-02-12,0.12630199202511433,0,Low,Resolved,Unassigned,21
2034-GDRCN,Female,0,No,No,2,Yes,No,Fiber optic,No,No,No,No,Yes,Yes,Month-to-month,Yes,Electronic check,90.4,168.2,evt_000860,2026-02-12,0.9039672742056212,1,Critical,New,M. Ali,30
4973-RLZVI,Female,0,No,No,30,Yes,No,DSL,Yes,Yes,Yes,Yes,Yes,No,One year,No,Credit card (automatic),74.65,2308.6,evt_000861,2026-02-12,0.11008042604272993,0,Low,New,R. Ahmed,38
1095-WGNGG,Female,0,Yes,No,61,Yes,Yes,Fiber optic,No,Yes,No,No,Yes,Yes,Two year,Yes,Bank transfer (automatic),101.05,5971.25,evt_000862,2026-02-12,0.26601258086304663,0,Moderate,Investigating,A. Khan,14
5628-FCGYG,Male,0,No,No,21,Yes,Yes,Fiber optic,No,No,No,No,No,Yes,Month-to-month,Yes,Electronic check,84.1,1737.45,evt_000863,2026-02-12,0.8542771085971815,1,Critical,New,S. Fatima,28
9389-ACWBI,Female,0,Yes,Yes,5,Yes,No,Fiber optic,No,No,No,No,No,No,Month-to-month,No,Credit card (automatic),69.95,320.4,evt_000864,2026-02-12,0.6766652303156544,1,High,Queued,R. Ahmed,28
4955-VCWBI,Female,0,Yes,Yes,43,Yes,No,No,No internet service,No internet service,No internet service,No internet service,No internet service,No internet service,One year,No,Mailed check,20.0,817.95,evt_000865,2026-02-12,0.04056628720219978,0,Low,Investigating,S. Fatima,2
1047-RNXZV,Male,0,No,No,43,Yes,No,No,No internet service,No internet service,No internet service,No internet service,No internet service,No internet service,Two year,No,Mailed check,19.55,876.15,evt_000866,2026-02-12,0.026728440543141694,0,Low,Queued,M. Ali,43
0330-IVZHA,Female,0,Yes,No,5,Yes,No,Fiber optic,No,No,No,No,No,No,Month-to-month,No,Electronic check,69.95,330.15,evt_000867,2026-02-12,0.7947792572938688,1,Critical,New,Unassigned,28
1622-HSHSF,Female,0,No,No,1,Yes,No,No,No internet service,No internet service,No internet service,No internet service,No internet service,No internet service,Month-to-month,Yes,Mailed check,19.55,19.55,evt_000868,2026-02-12,0.46261224810798235,0,Moderate,Investigating,Unassigned,13
0295-PPHDO,Male,0,No,No,1,Yes,Yes,Fiber optic,No,No,No,No,Yes,Yes,Month-to-month,Yes,Electronic check,95.45,95.45,evt_000869,2026-02-12,0.9258816274902445,1,Critical,Queued,S. Fatima,31
3372-KWFBM,Male,1,No,No,16,Yes,Yes,Fiber optic,No,No,No,No,Yes,No,Month-to-month,Yes,Electronic check,86.6,1281.0,evt_000870,2026-02-12,0.8768055319157595,1,Critical,New,R. Ahmed,33
5266-PFRQK,Male,0,Yes,Yes,52,Yes,No,No,No internet service,No internet service,No internet service,No internet service,No internet service,No internet service,One year,Yes,Credit card (automatic),20.85,1071.6,evt_000871,2026-02-12,0.038082646858292234,0,Low,Queued,Unassigned,44
4581-LNWUM,Female,0,No,No,13,No,No phone service,DSL,No,No,Yes,No,Yes,Yes,Month-to-month,No,Electronic check,49.15,649.4,evt_000872,2026-02-12,0.7648301475224635,1,Critical,Resolved,M. Ali,3
6270-OMFIW,Male,0,Yes,No,60,Yes,No,Fiber optic,No,Yes,No,No,Yes,Yes,One year,Yes,Electronic check,94.4,5610.25,evt_000873,2026-02-12,0.4779654646937155,0,Moderate,Queued,Unassigned,21
7560-QJAVJ,Female,0,No,No,70,Yes,No,DSL,Yes,No,Yes,Yes,Yes,Yes,Two year,No,Bank transfer (automatic),79.6,5589.45,evt_000874,2026-02-12,0.029097750527281138,0,Low,Queued,M. Ali,10
6646-QVXLR,Male,1,Yes,No,62,Yes,Yes,Fiber optic,No,Yes,Yes,No,Yes,Yes,One year,Yes,Electronic check,103.75,6383.35,evt_000875,2026-02-12,0.5775584717344697,1,High,New,Unassigned,28
4468-YDOVK,Male,0,No,Yes,5,Yes,No,DSL,No,No,No,Yes,No,No,Month-to-month,Yes,Bank transfer (automatic),48.65,235.2,evt_000876,2026-02-12,0.49233055072315857,0,Moderate,New,A. Khan,25
5382-SOYZL,Male,0,No,No,22,Yes,Yes,Fiber optic,No,No,No,No,Yes,Yes,Month-to-month,Yes,Electronic check,95.1,2162.6,evt_000877,2026-02-12,0.8803757875641578,1,Critical,New,M. Ali,23
0608-JDVEC,Male,0,Yes,No,50,Yes,No,No,No internet service,No internet service,No internet service,No internet service,No internet service,No internet service,Two year,No,Electronic check,19.8,1013.2,evt_000878,2026-02-12,0.02803377286813753,0,Low,New,S. Fatima,47
3766-EJLFL,Female,0,Yes,Yes,68,Yes,Yes,Fiber optic,Yes,No,Yes,Yes,Yes,Yes,Two year,Yes,Bank transfer (automatic),109.05,7508.55,evt_000879,2026-02-12,0.13259767754082327,0,Low,Resolved,S. Fatima,26
3006-XIMLN,Female,0,No,Yes,2,Yes,Yes,Fiber optic,No,No,No,No,Yes,Yes,Month-to-month,Yes,Bank transfer (automatic),94.2,193.8,evt_000880,2026-02-12,0.8669366792900474,1,Critical,New,Unassigned,20
0420-TXVSG,Male,0,Yes,No,66,Yes,Yes,DSL,Yes,Yes,Yes,No,No,No,Two year,Yes,Credit card (automatic),66.1,4428.45,evt_000881,2026-02-12,0.03757335168211885,0,Low,Investigating,Unassigned,5
7663-RGWBC,Male,0,No,No,1,Yes,No,DSL,No,No,No,No,No,No,Month-to-month,Yes,Mailed check,44.15,44.15,evt_000882,2026-02-12,0.6813860797448259,1,High,New,A. Khan,15
5533-RJFTJ,Male,0,No,No,49,No,No phone service,DSL,No,No,Yes,No,No,No,Month-to-month,Yes,Bank transfer (automatic),30.2,1453.1,evt_000883,2026-02-12,0.3082665370062352,0,Moderate,New,M. Ali,43
7061-OVMIM,Female,0,Yes,Yes,30,Yes,No,No,No internet service,No internet service,No internet service,No internet service,No internet service,No internet service,One year,No,Bank transfer (automatic),19.55,608.5,evt_000884,2026-02-12,0.06464728829130786,0,Low,New,M. Ali,22
4830-FAXFM,Male,0,No,Yes,19,Yes,Yes,No,No internet service,No internet service,No internet service,No internet service,No internet service,No internet service,Month-to-month,Yes,Credit card (automatic),24.1,439.2,evt_000885,2026-02-12,0.2873049909916893,0,Moderate,New,S. Fatima,43
3179-GBRWV,Male,1,Yes,No,21,Yes,No,DSL,Yes,Yes,No,No,No,Yes,Month-to-month,Yes,Bank transfer (automatic),64.95,1339.8,evt_000886,2026-02-12,0.47100090326644567,0,Moderate,Investigating,S. Fatima,26
3836-FZSDJ,Male,1,Yes,No,71,Yes,Yes,No,No internet service,No internet service,No internet service,No internet service,No internet service,No internet service,Two year,No,Bank transfer (automatic),24.85,1901.0,evt_000887,2026-02-12,0.012809230420472285,0,Low,Resolved,Unassigned,27
4489-SNOJF,Female,0,Yes,Yes,35,Yes,Yes,DSL,Yes,No,Yes,Yes,Yes,No,Month-to-month,No,Electronic check,72.25,2568.55,evt_000888,2026-02-12,0.2848377688702065,0,Moderate,Investigating,Unassigned,21
3865-ZYKAD,Male,1,Yes,No,69,Yes,Yes,Fiber optic,Yes,Yes,No,No,No,No,Month-to-month,Yes,Credit card (automatic),84.9,5785.65,evt_000889,2026-02-12,0.3370055471234228,0,Moderate,New,A. Khan,27
9640-ZSLDC,Female,0,Yes,Yes,53,Yes,No,DSL,No,No,Yes,No,No,Yes,One year,No,Credit card (automatic),60.6,3297.0,evt_000890,2026-02-12,0.10510099787846107,0,Low,Investigating,S. Fatima,5
3733-UOCWF,Male,1,Yes,No,61,Yes,Yes,Fiber optic,No,Yes,No,Yes,No,No,One year,Yes,Bank transfer (automatic),85.55,5251.75,evt_000891,2026-02-12,0.2503556563983458,0,Moderate,New,R. Ahmed,4
9508-ILZDG,Female,1,No,No,34,Yes,Yes,Fiber optic,No,Yes,No,Yes,Yes,No,Month-to-month,Yes,Electronic check,96.35,3190.25,evt_000892,2026-02-12,0.7219292169815232,1,High,Resolved,S. Fatima,23
9741-YLNTD,Male,0,No,No,6,Yes,Yes,Fiber optic,No,No,No,Yes,No,Yes,Month-to-month,Yes,Bank transfer (automatic),87.95,522.35,evt_000893,2026-02-12,0.8111919491660072,1,Critical,Queued,A. Khan,29
0983-TATYJ,Female,0,Yes,No,33,Yes,No,DSL,No,No,No,Yes,No,No,One year,Yes,Mailed check,51.45,1758.9,evt_000894,2026-02-12,0.18088219457948715,0,Low,New,S. Fatima,27
3891-PUQOD,Female,0,No,Yes,1,Yes,No,DSL,No,No,Yes,No,No,Yes,Month-to-month,No,Electronic check,59.2,59.2,evt_000895,2026-02-12,0.6670500235205604,1,High,New,S. Fatima,21
4419-UJMUS,Male,0,Yes,Yes,69,Yes,Yes,Fiber optic,No,No,No,Yes,Yes,Yes,Two year,Yes,Electronic check,99.35,6856.45,evt_000896,2026-02-12,0.2414362339909981,0,Low,New,M. Ali,15
0816-TSPHQ,Male,0,No,No,2,Yes,No,No,No internet service,No internet service,No internet service,No internet service,No internet service,No internet service,Month-to-month,No,Mailed check,20.75,44.2,evt_000897,2026-02-12,0.37322221674400907,0,Moderate,New,Unassigned,34
4829-AUOAX,Female,0,No,No,46,Yes,Yes,Fiber optic,No,No,No,No,Yes,Yes,Month-to-month,No,Bank transfer (automatic),96.05,4399.5,evt_000898,2026-02-12,0.6348386616337811,1,High,Resolved,M. Ali,29
9972-VAFJJ,Female,1,Yes,No,53,Yes,No,Fiber optic,No,Yes,Yes,Yes,Yes,No,One year,Yes,Electronic check,94.0,4871.45,evt_000899,2026-02-12,0.3822276969277856,0,Moderate,Investigating,R. Ahmed,4
2040-OBMLJ,Male,0,No,No,31,Yes,Yes,Fiber optic,No,No,No,Yes,No,No,One year,No,Credit card (automatic),81.7,2548.65,evt_000900,2026-02-12,0.33881481476321373,0,Moderate,Resolved,S. Fatima,22
7180-PISOG,Male,0,Yes,Yes,1,Yes,Yes,Fiber optic,No,No,No,No,No,No,Month-to-month,Yes,Electronic check,74.5,74.5,evt_000901,2026-02-12,0.8672957816826359,1,Critical,New,Unassigned,34
8083-YTZES,Male,0,No,No,4,Yes,Yes,Fiber optic,No,No,No,No,No,No,Month-to-month,Yes,Electronic check,74.35,265.35,evt_000902,2026-02-12,0.878441159600775,1,Critical,Queued,A. Khan,38
6292-TOSSS,Male,0,No,No,50,Yes,Yes,No,No internet service,No internet service,No internet service,No internet service,No internet service,No internet service,Two year,No,Bank transfer (automatic),24.9,1195.25,evt_000903,2026-02-12,0.02376470176183697,0,Low,New,A. Khan,15
6061-GWWAV,Male,0,No,Yes,41,Yes,No,DSL,Yes,Yes,Yes,No,Yes,No,One year,No,Mailed check,70.2,2894.55,evt_000904,2026-02-12,0.09885840802231567,0,Low,Queued,M. Ali,44
6402-EJMWF,Male,0,No,No,4,Yes,No,DSL,No,No,No,No,No,Yes,Month-to-month,Yes,Mailed check,55.3,238.5,evt_000905,2026-02-12,0.7105997919155576,1,High,New,S. Fatima,31
9507-EXLTT,Female,0,Yes,No,1,Yes,No,Fiber optic,No,No,No,No,Yes,No,Month-to-month,Yes,Bank transfer (automatic),79.35,79.35,evt_000906,2026-02-12,0.8391242921362753,1,Critical,New,M. Ali,22
1092-GANHU,Male,0,No,No,17,Yes,No,Fiber optic,No,No,Yes,No,No,No,Month-to-month,Yes,Electronic check,76.65,1313.55,evt_000907,2026-02-12,0.7818095117774841,1,Critical,Queued,Unassigned,30
5857-XRECV,Female,0,No,Yes,2,Yes,No,No,No internet service,No internet service,No internet service,No internet service,No internet service,No internet service,One year,No,Bank transfer (automatic),20.5,38.25,evt_000908,2026-02-12,0.17536304231203045,0,Low,New,M. Ali,42
3540-RZJYU,Female,0,No,No,15,Yes,No,Fiber optic,Yes,No,No,No,Yes,No,Month-to-month,No,Electronic check,86.2,1270.2,evt_000909,2026-02-12,0.6966605322678039,1,High,Queued,A. Khan,12
9844-FELAJ,Female,1,Yes,Yes,70,Yes,Yes,Fiber optic,No,Yes,Yes,Yes,Yes,Yes,One year,Yes,Electronic check,107.9,7475.85,evt_000910,2026-02-19,0.39166042996051265,0,Moderate,Queued,S. Fatima,8
2696-ECXKC,Female,0,Yes,Yes,55,Yes,Yes,Fiber optic,Yes,No,No,No,Yes,Yes,One year,No,Mailed check,100.9,5448.6,evt_000911,2026-02-19,0.29001698917116114,0,Moderate,New,Unassigned,22
6051-PTVNS,Female,0,Yes,Yes,55,Yes,No,No,No internet service,No internet service,No internet service,No internet service,No internet service,No internet service,One year,No,Credit card (automatic),19.15,998.1,evt_000912,2026-02-19,0.02347809810139778,0,Low,Resolved,Unassigned,5
2522-WLNSF,Female,1,Yes,No,34,Yes,No,DSL,No,No,Yes,Yes,Yes,No,One year,No,Bank transfer (automatic),64.2,2106.3,evt_000913,2026-02-19,0.17779599470189017,0,Low,Queued,Unassigned,40
5198-EFNBM,Male,1,Yes,No,57,Yes,No,Fiber optic,No,Yes,Yes,No,Yes,No,One year,Yes,Electronic check,90.65,5199.8,evt_000914,2026-02-19,0.4462498480308026,0,Moderate,Investigating,R. Ahmed,46
9752-ZNQUT,Female,0,No,No,1,Yes,No,DSL,No,Yes,No,No,No,No,Month-to-month,Yes,Electronic check,48.6,48.6,evt_000915,2026-02-19,0.7098593539273654,1,High,Queued,Unassigned,29
2587-EKXTS,Male,0,No,No,44,Yes,Yes,Fiber optic,Yes,Yes,Yes,No,Yes,Yes,Month-to-month,Yes,Electronic check,111.5,4915.15,evt_000916,2026-02-19,0.7063674306119492,1,High,Investigating,R. Ahmed,47
8714-EUHJO,Female,0,Yes,Yes,31,Yes,Yes,Fiber optic,No,Yes,No,No,No,Yes,Month-to-month,Yes,Electronic check,91.15,2995.45,evt_000917,2026-02-19,0.754207337832859,1,Critical,Investigating,M. Ali,5
4779-ZGICK,Male,0,Yes,Yes,48,Yes,Yes,No,No internet service,No internet service,No internet service,No internet service,No internet service,No internet service,Two year,No,Mailed check,23.55,1173.35,evt_000918,2026-02-19,0.02356960651203005,0,Low,Investigating,R. Ahmed,31
5133-POWUA,Male,0,No,No,1,Yes,No,DSL,No,No,No,No,No,No,Month-to-month,Yes,Mailed check,45.8,45.8,evt_000919,2026-02-19,0.6734535769328346,1,High,Queued,Unassigned,22
3642-BYHDO,Female,0,Yes,Yes,71,Yes,No,No,No internet service,No internet service,No internet service,No internet service,No internet service,No internet service,Two year,No,Bank transfer (automatic),19.9,1389.35,evt_000920,2026-02-19,0.0061563395870858975,0,Low,New,M. Ali,14
3396-DKDEL,Female,0,Yes,Yes,70,Yes,Yes,Fiber optic,Yes,Yes,Yes,Yes,Yes,Yes,Two year,Yes,Credit card (automatic),115.15,8250.0,evt_000921,2026-02-19,0.11819316659630832,0,Low,New,R. Ahmed,16
1015-OWJKI,Male,0,No,No,1,Yes,No,No,No internet service,No internet service,No internet service,No internet service,No internet service,No internet service,Month-to-month,No,Mailed check,19.05,19.05,evt_000922,2026-02-19,0.39171507679045625,0,Moderate,Queued,S. Fatima,27
7279-NMVJC,Female,0,No,No,17,Yes,No,No,No internet service,No internet service,No internet service,No internet service,No internet service,No internet service,One year,No,Bank transfer (automatic),19.9,323.15,evt_000923,2026-02-19,0.12469128316426603,0,Low,New,S. Fatima,31
6776-TLWOI,Male,0,No,No,3,Yes,No,No,No internet service,No internet service,No internet service,No internet service,No internet service,No internet service,Month-to-month,No,Mailed check,19.85,64.55,evt_000924,2026-02-19,0.3681935423750867,0,Moderate,New,A. Khan,9
3639-XJHKQ,Female,0,No,Yes,19,Yes,No,DSL,Yes,Yes,Yes,No,No,No,Month-to-month,Yes,Electronic check,60.6,1297.8,evt_000925,2026-02-19,0.39903829206917096,0,Moderate,New,R. Ahmed,30
2386-OWURY,Female,0,No,No,58,Yes,No,Fiber optic,No,No,No,Yes,Yes,Yes,Month-to-month,Yes,Electronic check,95.3,5817.7,evt_000926,2026-02-19,0.6143741002119122,1,High,Queued,Unassigned,44
8709-KRDVL,Female,0,No,No,33,Yes,Yes,Fiber optic,No,Yes,No,No,Yes,Yes,Month-to-month,Yes,Electronic check,100.0,3320.6,evt_000927,2026-02-19,0.8213366462172792,1,Critical,New,A. Khan,2
4223-BKEOR,Female,0,No,Yes,21,Yes,No,DSL,Yes,No,Yes,No,No,Yes,One year,No,Mailed check,64.85,1336.8,evt_000928,2026-02-19,0.19305699458734998,0,Low,Queued,S. Fatima,42
6854-EXGSF,Female,0,No,No,8,Yes,Yes,DSL,Yes,Yes,Yes,No,No,No,Month-to-month,Yes,Bank transfer (automatic),65.5,573.15,evt_000929,2026-02-19,0.49350423845105307,0,Moderate,Investigating,A. Khan,29
1452-XRSJV,Female,0,Yes,Yes,39,Yes,No,DSL,Yes,No,No,No,No,No,Month-to-month,No,Credit card (automatic),51.05,2066.0,evt_000930,2026-02-19,0.1575082015391815,0,Low,Investigating,A. Khan,17
5501-TVMGM,Male,0,No,No,1,Yes,No,DSL,No,No,No,No,No,Yes,Month-to-month,Yes,Electronic check,55.25,55.25,evt_000931,2026-02-19,0.7904133131906499,1,Critical,New,Unassigned,35
0074-HDKDG,Male,0,Yes,Yes,25,Yes,No,DSL,Yes,Yes,Yes,No,No,No,One year,Yes,Bank transfer (automatic),61.6,1611.0,evt_000932,2026-02-19,0.15580946705721022,0,Low,Queued,S. Fatima,30
2984-TBYKU,Male,0,Yes,Yes,72,Yes,Yes,Fiber optic,Yes,Yes,Yes,Yes,No,Yes,Two year,Yes,Credit card (automatic),104.9,7732.65,evt_000933,2026-02-19,0.08563042643033074,0,Low,Queued,M. Ali,37
2091-MJTFX,Female,0,Yes,Yes,30,No,No phone service,DSL,No,No,No,Yes,Yes,Yes,Month-to-month,No,Credit card (automatic),51.2,1561.5,evt_000934,2026-02-19,0.4090330702546721,0,Moderate,Queued,M. Ali,5
5159-YFPKQ,Female,0,No,No,2,Yes,No,Fiber optic,No,No,Yes,No,No,No,Month-to-month,Yes,Electronic check,75.8,160.75,evt_000935,2026-02-19,0.8459639233161964,1,Critical,Queued,Unassigned,4
7952-OBOYL,Male,0,No,No,3,Yes,No,Fiber optic,No,No,Yes,Yes,Yes,No,Month-to-month,Yes,Mailed check,89.85,244.45,evt_000936,2026-02-19,0.7759667136526163,1,Critical,New,M. Ali,31
4892-VLANZ,Male,0,No,No,1,Yes,No,No,No internet service,No internet service,No internet service,No internet service,No internet service,No internet service,Month-to-month,No,Mailed check,19.8,19.8,evt_000937,2026-02-19,0.38779042974369243,0,Moderate,Resolved,Unassigned,15
6892-XPFPU,Male,1,Yes,No,24,Yes,Yes,Fiber optic,No,Yes,Yes,No,Yes,Yes,Month-to-month,Yes,Electronic check,104.25,2433.9,evt_000938,2026-02-19,0.8743136803450977,1,Critical,New,M. Ali,12
5161-XEUVX,Male,0,Yes,No,37,Yes,Yes,Fiber optic,No,No,Yes,Yes,Yes,No,Two year,No,Mailed check,94.3,3460.95,evt_000939,2026-02-19,0.23979390227493494,0,Low,Investigating,A. Khan,21
5236-XMZJY,Female,0,No,No,42,Yes,No,DSL,Yes,Yes,Yes,No,No,No,Month-to-month,No,Bank transfer (automatic),59.65,2536.55,evt_000940,2026-02-19,0.15265662007486364,0,Low,Queued,R. Ahmed,35
5446-DKWYW,Female,1,Yes,Yes,61,Yes,Yes,DSL,No,No,Yes,No,Yes,No,One year,Yes,Electronic check,65.2,3965.05,evt_000941,2026-02-19,0.2153825194085249,0,Low,New,A. Khan,10
0174-QRVVY,Male,0,Yes,Yes,71,Yes,Yes,No,No internet service,No internet service,No internet service,No internet service,No internet service,No internet service,Two year,No,Credit card (automatic),25.35,1847.55,evt_000942,2026-02-19,0.008586102344666747,0,Low,Investigating,R. Ahmed,46
4312-KFRXN,Male,0,Yes,No,72,Yes,Yes,No,No internet service,No internet service,No internet service,No internet service,No internet service,No internet service,Two year,No,Mailed check,25.4,1710.9,evt_000943,2026-02-19,0.010574755013695073,0,Low,New,M. Ali,21
5469-NUJUR,Male,0,No,No,19,Yes,No,No,No internet service,No internet service,No internet service,No internet service,No internet service,No internet service,Two year,Yes,Mailed check,19.95,373.5,evt_000944,2026-02-19,0.09390007458652548,0,Low,Investigating,Unassigned,8
3605-JISKB,Male,1,Yes,No,55,Yes,Yes,DSL,Yes,Yes,No,No,No,No,One year,No,Credit card (automatic),60.0,3316.1,evt_000945,2026-02-19,0.08547613568051739,0,Low,Queued,Unassigned,5
1194-SPVSP,Male,0,No,No,1,Yes,No,No,No internet service,No internet service,No internet service,No internet service,No internet service,No internet service,Month-to-month,No,Bank transfer (automatic),19.65,19.65,evt_000946,2026-02-19,0.37210710482763465,0,Moderate,New,Unassigned,41
9931-KGHOA,Female,0,Yes,No,46,Yes,Yes,DSL,Yes,No,No,No,No,No,Month-to-month,No,Bank transfer (automatic),55.0,2473.95,evt_000947,2026-02-19,0.18799686134484184,0,Low,New,A. Khan,7
9767-FFLEM,Male,0,No,No,38,Yes,No,Fiber optic,No,No,No,No,No,No,Month-to-month,Yes,Credit card (automatic),69.5,2625.25,evt_000948,2026-02-19,0.5723327365461585,1,High,Investigating,Unassigned,21
7649-PHJVR,Male,0,No,No,11,Yes,No,No,No internet service,No internet service,No internet service,No internet service,No internet service,No internet service,One year,No,Mailed check,19.5,226.8,evt_000949,2026-02-19,0.17165846700900525,0,Low,New,Unassigned,32
8622-ZLFKO,Female,0,Yes,No,6,Yes,Yes,Fiber optic,No,Yes,No,No,No,Yes,Month-to-month,Yes,Electronic check,90.75,512.25,evt_000950,2026-02-19,0.8784604171149089,1,Critical,Resolved,M. Ali,25
5373-SFODM,Male,1,Yes,No,36,Yes,Yes,Fiber optic,No,No,No,No,No,Yes,Month-to-month,Yes,Credit card (automatic),85.25,3132.75,evt_000951,2026-02-19,0.7554404522665724,1,Critical,Investigating,M. Ali,14
5828-AVIPD,Male,0,Yes,Yes,19,Yes,Yes,Fiber optic,No,No,No,Yes,Yes,Yes,One year,Yes,Electronic check,100.95,1875.55,evt_000952,2026-02-19,0.6848158078653976,1,High,Investigating,Unassigned,6
8161-QYMTT,Male,0,No,No,7,Yes,Yes,Fiber optic,No,No,No,No,Yes,Yes,Month-to-month,Yes,Electronic check,94.1,701.3,evt_000953,2026-02-19,0.9171917734867122,1,Critical,New,A. Khan,34
3722-WPXTK,Male,0,No,No,1,Yes,No,Fiber optic,No,No,No,No,Yes,Yes,Month-to-month,Yes,Electronic check,88.35,88.35,evt_000954,2026-02-19,0.9136099997367336,1,Critical,Investigating,R. Ahmed,24
1051-GEJLJ,Female,0,No,No,2,Yes,No,No,No internet service,No internet service,No internet service,No internet service,No internet service,No internet service,Month-to-month,No,Mailed check,19.5,27.55,evt_000955,2026-02-19,0.3692104188973903,0,Moderate,Resolved,Unassigned,4
0365-TRTPY,Female,0,No,No,37,Yes,Yes,Fiber optic,Yes,Yes,Yes,No,No,No,Month-to-month,No,Bank transfer (automatic),91.2,3382.3,evt_000956,2026-02-19,0.4106569391148433,0,Moderate,New,A. Khan,10
6874-SGLHU,Male,0,No,No,30,Yes,No,Fiber optic,No,Yes,No,No,Yes,Yes,One year,Yes,Bank transfer (automatic),97.0,3021.3,evt_000957,2026-02-19,0.5693417228974387,1,High,New,R. Ahmed,27
2001-MCUUW,Male,0,No,No,46,Yes,Yes,Fiber optic,No,Yes,Yes,Yes,Yes,Yes,Two year,No,Electronic check,108.65,4903.2,evt_000958,2026-02-19,0.29949338711073403,0,Moderate,New,R. Ahmed,9
0052-YNYOT,Female,0,No,No,67,Yes,No,No,No internet service,No internet service,No internet service,No internet service,No internet service,No internet service,One year,No,Electronic check,20.55,1343.4,evt_000959,2026-02-19,0.02554542921487671,0,Low,New,M. Ali,20
4075-JFPGR,Female,0,Yes,No,51,Yes,No,Fiber optic,Yes,Yes,Yes,No,Yes,No,One year,Yes,Electronic check,93.5,4619.55,evt_000960,2026-02-19,0.34491019232328823,0,Moderate,Investigating,Unassigned,7
6168-YBYNP,Male,0,No,No,59,Yes,Yes,Fiber optic,No,Yes,Yes,Yes,Yes,Yes,Month-to-month,Yes,Electronic check,111.35,6519.75,evt_000961,2026-02-19,0.6385794200828412,1,High,Queued,A. Khan,38
7470-MCQTK,Female,0,Yes,No,13,No,No phone service,DSL,No,No,Yes,No,Yes,Yes,Month-to-month,Yes,Bank transfer (automatic),48.75,633.4,evt_000962,2026-02-19,0.7590702644976554,1,Critical,Queued,S. Fatima,30
5032-MIYKT,Female,0,No,No,1,Yes,No,Fiber optic,No,No,No,No,No,No,Month-to-month,Yes,Mailed check,70.7,70.7,evt_000963,2026-02-19,0.8120530261176843,1,Critical,New,Unassigned,38
9838-BFCQT,Male,0,Yes,Yes,72,Yes,Yes,No,No internet service,No internet service,No internet service,No internet service,No internet service,No internet service,Two year,No,Mailed check,26.1,1851.45,evt_000964,2026-02-19,0.008673646907375997,0,Low,New,M. Ali,4
6630-UJZMY,Female,1,Yes,No,4,Yes,Yes,Fiber optic,No,No,No,No,Yes,No,Month-to-month,Yes,Electronic check,83.25,308.05,evt_000965,2026-02-19,0.9139501334856597,1,Critical,New,Unassigned,19
8985-OOPOS,Female,0,No,No,1,Yes,No,DSL,No,No,Yes,Yes,Yes,Yes,One year,No,Credit card (automatic),74.1,74.1,evt_000966,2026-02-19,0.4103207531028658,0,Moderate,Investigating,A. Khan,14
4700-UBQMV,Male,0,Yes,Yes,21,Yes,Yes,DSL,Yes,No,No,No,Yes,Yes,One year,Yes,Bank transfer (automatic),75.9,1549.75,evt_000967,2026-02-19,0.35472082774889313,0,Moderate,Queued,S. Fatima,30
9710-ZUSHQ,Female,1,No,No,37,Yes,Yes,Fiber optic,Yes,Yes,No,No,Yes,Yes,Month-to-month,Yes,Bank transfer (automatic),106.75,4056.75,evt_000968,2026-02-19,0.6905685714397121,1,High,New,A. Khan,39
1927-QEWMY,Female,0,Yes,No,72,Yes,No,No,No internet service,No internet service,No internet service,No internet service,No internet service,No internet service,Two year,No,Credit card (automatic),20.5,1502.25,evt_000969,2026-02-19,0.00732849642049097,0,Low,Investigating,R. Ahmed,12
7233-IOQNP,Female,0,Yes,No,43,No,No phone service,DSL,Yes,No,No,Yes,No,No,Month-to-month,No,Bank transfer (automatic),34.0,1505.35,evt_000970,2026-02-19,0.16808077523267187,0,Low,New,Unassigned,37
3658-KIBGF,Female,0,No,No,1,Yes,No,DSL,Yes,Yes,No,No,No,No,Month-to-month,Yes,Electronic check,54.9,54.9,evt_000971,2026-02-19,0.609872610442155,1,High,New,Unassigned,28
2995-UPRYS,Female,1,Yes,No,40,Yes,No,Fiber optic,No,Yes,No,Yes,Yes,Yes,One year,Yes,Credit card (automatic),99.2,4062.2,evt_000972,2026-02-19,0.46602868170166095,0,Moderate,New,Unassigned,39
9979-RGMZT,Female,0,No,No,7,Yes,No,Fiber optic,No,Yes,No,No,Yes,Yes,One year,Yes,Mailed check,94.05,633.45,evt_000973,2026-02-19,0.7182238930074516,1,High,Resolved,R. Ahmed,5
8433-WPJTV,Female,1,Yes,Yes,65,Yes,Yes,Fiber optic,No,No,Yes,Yes,Yes,Yes,One year,Yes,Bank transfer (automatic),103.9,6767.1,evt_000974,2026-02-19,0.3516312929419776,0,Moderate,Investigating,Unassigned,47
3930-ZGWVE,Male,0,No,No,1,Yes,No,No,No internet service,No internet service,No internet service,No internet service,No internet service,No internet service,Month-to-month,No,Mailed check,19.75,19.75,evt_000975,2026-02-19,0.38805162658341075,0,Moderate,Queued,S. Fatima,21
0431-APWVY,Female,0,Yes,Yes,28,Yes,No,Fiber optic,No,No,No,No,Yes,Yes,One year,Yes,Bank transfer (automatic),90.1,2598.95,evt_000976,2026-02-19,0.5634082786512152,1,High,New,Unassigned,14
2257-BOVXD,Male,0,Yes,No,14,Yes,Yes,DSL,No,No,No,Yes,Yes,No,Month-to-month,Yes,Credit card (automatic),66.6,979.5,evt_000977,2026-02-19,0.573056345920892,1,High,New,R. Ahmed,10
0655-RBDUG,Male,0,No,No,7,Yes,Yes,Fiber optic,No,No,Yes,No,Yes,Yes,Month-to-month,Yes,Bank transfer (automatic),98.05,713.0,evt_000978,2026-02-19,0.8779577429266104,1,Critical,Queued,Unassigned,47
6227-HWPWX,Female,0,No,Yes,15,Yes,No,Fiber optic,No,No,No,No,No,No,Month-to-month,No,Bank transfer (automatic),69.0,994.8,evt_000979,2026-02-19,0.6045234867375496,1,High,New,M. Ali,42
6797-LNAQX,Male,0,Yes,Yes,70,Yes,Yes,Fiber optic,No,Yes,No,No,Yes,Yes,Two year,No,Bank transfer (automatic),98.3,6859.5,evt_000980,2026-02-19,0.1547160878229037,0,Low,Resolved,S. Fatima,8
4713-LZDRV,Female,1,No,No,2,Yes,No,Fiber optic,No,No,No,No,No,Yes,Month-to-month,Yes,Electronic check,79.6,195.05,evt_000981,2026-02-19,0.9023855521777975,1,Critical,Investigating,Unassigned,22
5766-ZJYBB,Male,0,No,No,1,Yes,No,No,No internet service,No internet service,No internet service,No internet service,No internet service,No internet service,Month-to-month,No,Mailed check,19.4,19.4,evt_000982,2026-02-19,0.3898817984688071,0,Moderate,Queued,M. Ali,35
3717-FDJFU,Male,0,No,Yes,5,Yes,No,No,No internet service,No internet service,No internet service,No internet service,No internet service,No internet service,Two year,No,Mailed check,20.45,106.9,evt_000983,2026-02-19,0.09545088224809495,0,Low,Investigating,M. Ali,29
3096-WPXBT,Female,0,Yes,Yes,61,Yes,Yes,Fiber optic,Yes,Yes,Yes,No,No,Yes,One year,Yes,Credit card (automatic),100.7,6018.65,evt_000984,2026-02-19,0.2296611257994739,0,Low,Resolved,Unassigned,10
9143-CANJF,Female,0,Yes,Yes,24,Yes,No,DSL,Yes,No,No,Yes,No,No,Month-to-month,No,Electronic check,55.15,1319.85,evt_000985,2026-02-19,0.24996191288676534,0,Low,Queued,S. Fatima,18
1139-WUOAH,Male,0,No,No,57,No,No phone service,DSL,No,No,Yes,Yes,Yes,Yes,Two year,No,Credit card (automatic),53.35,3090.05,evt_000986,2026-02-19,0.07960880790362532,0,Low,Queued,M. Ali,18
4672-FOTSD,Male,0,No,No,12,Yes,Yes,DSL,Yes,Yes,No,Yes,No,No,Month-to-month,Yes,Electronic check,67.25,832.3,evt_000987,2026-02-19,0.48229601847549436,0,Moderate,Resolved,M. Ali,15
0668-OGMHD,Female,0,Yes,No,21,No,No phone service,DSL,Yes,No,No,No,No,No,Month-to-month,No,Electronic check,28.5,629.35,evt_000988,2026-02-19,0.5028423875336605,1,High,New,S. Fatima,46
8779-YIQQA,Male,0,Yes,Yes,21,Yes,No,No,No internet service,No internet service,No internet service,No internet service,No internet service,No internet service,One year,No,Mailed check,19.8,350.1,evt_000989,2026-02-19,0.09906697843486068,0,Low,Resolved,R. Ahmed,11
4522-AKYLR,Female,1,No,No,13,Yes,No,DSL,No,Yes,Yes,No,No,No,Month-to-month,Yes,Electronic check,54.8,731.3,evt_000990,2026-02-19,0.6381386167959177,1,High,New,Unassigned,34
2309-OSFEU,Male,0,No,No,10,No,No phone service,DSL,No,No,No,No,No,Yes,Month-to-month,Yes,Mailed check,33.9,298.45,evt_000991,2026-02-19,0.7607523295476686,1,Critical,Queued,Unassigned,43
3896-RCYYE,Female,0,No,No,67,No,No phone service,DSL,No,No,Yes,Yes,Yes,Yes,Month-to-month,Yes,Credit card (automatic),53.4,3579.15,evt_000992,2026-02-19,0.2488008915512663,0,Low,Investigating,R. Ahmed,38
0963-ZBDRN,Male,0,No,No,32,Yes,No,Fiber optic,No,No,No,Yes,Yes,Yes,Month-to-month,Yes,Electronic check,96.2,3183.4,evt_000993,2026-02-19,0.7570613283144161,1,Critical,Queued,R. Ahmed,38
0576-WNXXC,Male,1,Yes,No,27,Yes,Yes,Fiber optic,No,Yes,Yes,No,No,Yes,Month-to-month,Yes,Electronic check,95.55,2510.2,evt_000994,2026-02-19,0.8293333358119728,1,Critical,Queued,M. Ali,9
0017-IUDMW,Female,0,Yes,Yes,72,Yes,Yes,Fiber optic,Yes,Yes,Yes,Yes,Yes,Yes,Two year,Yes,Credit card (automatic),116.8,8456.75,evt_000995,2026-02-19,0.10954464085294698,0,Low,Queued,Unassigned,8
0181-RITDD,Male,0,Yes,Yes,62,Yes,No,Fiber optic,Yes,Yes,Yes,Yes,Yes,Yes,Two year,No,Mailed check,108.15,6825.65,evt_000996,2026-02-19,0.08848758448591246,0,Low,New,M. Ali,38
5301-GAUUY,Male,0,No,No,32,Yes,Yes,Fiber optic,No,Yes,No,No,No,No,Month-to-month,Yes,Bank transfer (automatic),80.35,2596.15,evt_000997,2026-02-19,0.64313648744834,1,High,New,A. Khan,36
4013-GUXND,Male,0,No,No,1,Yes,No,No,No internet service,No internet service,No internet service,No internet service,No internet service,No internet service,Month-to-month,No,Mailed check,20.8,20.8,evt_000998,2026-02-19,0.3825802101471995,0,Moderate,New,Unassigned,36
1716-LSAMB,Male,0,Yes,Yes,45,Yes,No,DSL,Yes,No,No,Yes,No,No,Two year,No,Bank transfer (automatic),54.65,2553.7,evt_000999,2026-02-19,0.027888188784240556,0,Low,Queued,Unassigned,21
0513-RBGPE,Male,0,Yes,Yes,37,Yes,Yes,DSL,Yes,No,Yes,Yes,No,No,Two year,Yes,Credit card (automatic),62.8,2278.75,evt_001000,2026-02-19,0.0625515138798659,0,Low,Queued,M. Ali,26
1754-GKYPY,Male,1,Yes,No,22,Yes,No,Fiber optic,No,No,No,No,Yes,Yes,Month-to-month,Yes,Bank transfer (automatic),89.75,1938.9,evt_001001,2026-02-19,0.8224600859176744,1,Critical,New,R. Ahmed,2
5240-CAOYT,Female,0,No,No,57,Yes,Yes,Fiber optic,Yes,Yes,No,Yes,No,No,Month-to-month,Yes,Bank transfer (automatic),87.55,4884.85,evt_001002,2026-02-19,0.29732564544705703,0,Moderate,Resolved,S. Fatima,15
6060-QBMGV,Male,0,Yes,No,70,Yes,No,No,No internet service,No internet service,No internet service,No internet service,No internet service,No internet service,Two year,No,Credit card (automatic),19.85,1433.8,evt_001003,2026-02-19,0.008365387035414675,0,Low,New,M. Ali,26
9052-DHNKM,Male,0,No,No,26,Yes,Yes,DSL,Yes,Yes,No,No,No,No,One year,No,Electronic check,61.55,1581.95,evt_001004,2026-02-19,0.22813503776960167,0,Low,Queued,M. Ali,7
6917-FIJHC,Female,0,Yes,No,72,Yes,Yes,No,No internet service,No internet service,No internet service,No internet service,No internet service,No internet service,Two year,Yes,Mailed check,26.0,1776.0,evt_001005,2026-02-19,0.014239694736941193,0,Low,New,A. Khan,7
8805-JNRAZ,Female,0,No,No,2,Yes,No,DSL,No,Yes,No,No,No,No,Month-to-month,No,Mailed check,49.2,103.7,evt_001006,2026-02-19,0.5438227155325351,1,High,New,R. Ahmed,4
3780-DDGSE,Male,1,Yes,Yes,35,Yes,No,DSL,No,Yes,No,Yes,Yes,Yes,Month-to-month,Yes,Electronic check,76.05,2747.2,evt_001007,2026-02-19,0.4865511157611826,0,Moderate,Investigating,S. Fatima,11
9576-SYUHJ,Male,0,No,No,37,Yes,Yes,Fiber optic,Yes,No,No,No,Yes,No,Month-to-month,Yes,Electronic check,91.15,3369.25,evt_001008,2026-02-19,0.701112654555974,1,High,Queued,S. Fatima,47
7054-ENNGU,Female,0,Yes,No,9,Yes,No,DSL,No,Yes,No,No,No,No,Month-to-month,No,Mailed check,50.85,466.6,evt_001009,2026-02-19,0.47788945202217126,0,Moderate,New,M. Ali,34
0388-EOPEX,Female,0,Yes,No,2,Yes,No,Fiber optic,Yes,No,No,No,No,No,Month-to-month,Yes,Electronic check,74.4,139.4,evt_001010,2026-02-19,0.8000728815040725,1,Critical,Resolved,Unassigned,45
3422-LYEPQ,Male,0,Yes,Yes,1,Yes,No,Fiber optic,No,No,No,No,No,No,Month-to-month,Yes,Electronic check,71.0,71.0,evt_001011,2026-02-19,0.8363752644691168,1,Critical,Investigating,R. Ahmed,13
9755-JHNMN,Female,0,No,No,49,Yes,No,DSL,Yes,Yes,Yes,Yes,No,No,Two year,No,Bank transfer (automatic),67.4,3306.85,evt_001012,2026-02-19,0.023851016120957802,0,Low,Investigating,Unassigned,29
7392-YYPYJ,Male,0,No,No,22,Yes,Yes,Fiber optic,No,Yes,No,No,Yes,Yes,Month-to-month,Yes,Electronic check,100.65,2415.95,evt_001013,2026-02-19,0.8664809769608786,1,Critical,Investigating,A. Khan,43
9381-NDKME,Female,1,Yes,No,24,No,No phone service,DSL,No,No,Yes,No,No,Yes,Month-to-month,Yes,Credit card (automatic),40.65,933.3,evt_001014,2026-02-19,0.6503865459261154,1,High,Resolved,R. Ahmed,18
1942-OQFRW,Male,0,No,No,1,Yes,No,DSL,No,No,No,No,No,No,Month-to-month,No,Electronic check,44.0,44.0,evt_001015,2026-02-19,0.678965088841749,1,High,New,Unassigned,32
1629-DQQVB,Female,0,No,No,14,Yes,No,DSL,Yes,No,No,No,No,No,Month-to-month,No,Bank transfer (automatic),50.1,709.5,evt_001016,2026-02-19,0.3558183584151434,0,Moderate,Queued,M. Ali,33
7691-XVTZH,Female,0,Yes,No,68,Yes,Yes,Fiber optic,No,No,Yes,No,Yes,No,Two year,Yes,Bank transfer (automatic),89.95,5974.3,evt_001017,2026-02-19,0.18778711542110763,0,Low,Queued,M. Ali,40
5921-NGYRH,Male,0,Yes,No,64,Yes,No,Fiber optic,Yes,No,No,No,No,No,Month-to-month,Yes,Mailed check,73.55,4764.0,evt_001018,2026-02-19,0.3167528111707054,0,Moderate,New,M. Ali,46
5297-MDOIR,Female,0,Yes,No,63,Yes,No,Fiber optic,Yes,No,Yes,No,No,No,One year,Yes,Credit card (automatic),81.15,5224.5,evt_001019,2026-02-19,0.17248023952092767,0,Low,New,M. Ali,30
7603-USHJS,Male,0,No,Yes,12,Yes,Yes,Fiber optic,No,No,No,No,No,No,Month-to-month,Yes,Credit card (automatic),73.75,871.4,evt_001020,2026-02-19,0.7569330336834481,1,Critical,New,S. Fatima,28
8788-DOXSU,Male,0,No,No,59,Yes,No,DSL,No,No,Yes,No,No,Yes,One year,Yes,Bank transfer (automatic),61.35,3645.5,evt_001021,2026-02-19,0.14431917589485851,0,Low,Queued,M. Ali,41
3317-VLGQT,Female,0,Yes,No,14,Yes,No,Fiber optic,No,No,No,No,No,Yes,Month-to-month,Yes,Electronic check,78.1,1122.4,evt_001022,2026-02-19,0.8519104333404447,1,Critical,Investigating,M. Ali,33
6968-URWQU,Male,0,Yes,No,43,Yes,No,DSL,No,No,No,No,Yes,No,One year,Yes,Mailed check,56.35,2391.15,evt_001023,2026-02-19,0.22953528818586497,0,Low,Investigating,R. Ahmed,18
2867-UIMSS,Male,0,No,No,1,Yes,No,Fiber optic,No,No,No,No,No,Yes,Month-to-month,No,Electronic check,80.5,80.5,evt_001024,2026-02-19,0.8529587898145865,1,Critical,New,A. Khan,30
4983-CLMLV,Female,0,Yes,No,52,Yes,Yes,Fiber optic,No,Yes,No,Yes,Yes,Yes,Month-to-month,Yes,Credit card (automatic),102.7,5138.1,evt_001025,2026-02-19,0.580022346933499,1,High,New,M. Ali,27
2212-LYASK,Male,0,Yes,Yes,27,No,No phone service,DSL,No,Yes,Yes,No,No,Yes,One year,Yes,Credit card (automatic),45.85,1246.4,evt_001026,2026-02-19,0.33844192378070254,0,Moderate,Queued,R. Ahmed,12
3858-XHYJO,Female,0,Yes,No,40,Yes,Yes,Fiber optic,Yes,No,Yes,No,Yes,Yes,One year,No,Bank transfer (automatic),105.75,4228.55,evt_001027,2026-02-19,0.4081574633829954,0,Moderate,Queued,A. Khan,25
8690-UPCZI,Male,0,Yes,Yes,29,Yes,Yes,DSL,Yes,No,No,Yes,Yes,No,One year,No,Bank transfer (automatic),69.05,1958.45,evt_001028,2026-02-19,0.13965542000099218,0,Low,Resolved,M. Ali,30
6374-AFWOX,Male,0,Yes,No,46,Yes,No,DSL,Yes,Yes,Yes,Yes,No,No,Two year,No,Mailed check,65.65,3047.15,evt_001029,2026-02-19,0.030488348346322417,0,Low,Investigating,M. Ali,43
1131-SUEKT,Male,0,Yes,Yes,61,Yes,No,Fiber optic,No,Yes,No,Yes,Yes,Yes,One year,Yes,Bank transfer (automatic),98.45,6145.2,evt_001030,2026-02-19,0.27092399077973706,0,Moderate,Resolved,A. Khan,28
0121-SNYRK,Male,0,No,No,50,No,No phone service,DSL,Yes,No,No,Yes,No,No,One year,Yes,Mailed check,35.4,1748.9,evt_001031,2026-02-19,0.10214585849542142,0,Low,Investigating,S. Fatima,9
1370-GGAWX,Female,0,No,No,46,Yes,Yes,Fiber optic,No,Yes,Yes,No,No,Yes,One year,Yes,Electronic check,94.15,4408.45,evt_001032,2026-02-19,0.5488621298901998,1,High,Resolved,A. Khan,47
5495-GPSRW,Male,0,No,No,20,Yes,No,No,No internet service,No internet service,No internet service,No internet service,No internet service,No internet service,Two year,Yes,Mailed check,19.7,419.4,evt_001033,2026-02-19,0.09131521338255208,0,Low,Queued,M. Ali,28
6713-OKOMC,Female,0,No,No,10,No,No phone service,DSL,Yes,No,No,No,No,No,Month-to-month,No,Mailed check,29.75,301.9,evt_001034,2026-02-19,0.5182172766950146,1,High,New,Unassigned,15
4560-WQAQW,Female,0,No,No,59,Yes,Yes,DSL,Yes,No,No,Yes,No,Yes,One year,No,Bank transfer (automatic),68.7,4070.95,evt_001035,2026-02-19,0.07290137166935234,0,Low,New,Unassigned,36
7471-MQPOS,Male,1,Yes,Yes,71,Yes,Yes,DSL,No,Yes,Yes,Yes,No,Yes,One year,Yes,Bank transfer (automatic),72.9,5139.65,evt_001036,2026-02-19,0.09088146303015446,0,Low,New,M. Ali,19
7184-LRUUR,Female,0,No,No,22,Yes,No,DSL,No,Yes,Yes,No,Yes,No,One year,No,Bank transfer (automatic),65.25,1441.8,evt_001037,2026-02-19,0.24644154282799552,0,Low,New,M. Ali,19
7311-MQJCH,Female,0,No,No,5,Yes,No,No,No internet service,No internet service,No internet service,No internet service,No internet service,No internet service,One year,No,Electronic check,19.55,99.6,evt_001038,2026-02-19,0.26115505243593323,0,Moderate,New,S. Fatima,40
2696-RZVZW,Male,0,Yes,No,68,Yes,Yes,No,No internet service,No internet service,No internet service,No internet service,No internet service,No internet service,Two year,No,Credit card (automatic),25.05,1629.2,evt_001039,2026-02-19,0.0116979799016212,0,Low,Resolved,Unassigned,41
7853-WNZSY,Male,0,No,No,1,Yes,No,DSL,No internet service,No internet service,No internet service,No internet service,No internet service,No internet service,One year,Yes,Electronic check,22.48,19.75,evt_001040,2026-02-26,0.28941552244846447,0,Moderate,New,Unassigned,26
5223-UZAVK,Male,0,No,No,64,Yes,No,DSL,Yes,Yes,No,No,Yes,Yes,Month-to-month,Yes,Electronic check,106.08,6603.8,evt_001041,2026-02-26,0.21854732500316956,0,Low,Resolved,A. Khan,19
9278-VZKCD,Female,1,Yes,No,52,Yes,Yes,DSL,Yes,Yes,Yes,No,Yes,Yes,Month-to-month,Yes,Electronic check,127.1,5647.95,evt_001042,2026-02-26,0.2953223755797266,0,Moderate,Investigating,A. Khan,41
7181-BQYBV,Female,0,Yes,Yes,1,Yes,Yes,Fiber optic,Yes,No,Yes,No,Yes,Yes,Month-to-month,Yes,Electronic check,120.53,102.45,evt_001043,2026-02-26,0.81389733689694,1,Critical,Queued,S. Fatima,9
1707-HABPF,Female,1,No,No,46,Yes,No,Fiber optic,No,Yes,Yes,No,Yes,No,Month-to-month,Yes,Credit card (automatic),91.57,4126.35,evt_001044,2026-02-26,0.5735446658881472,1,High,Investigating,Unassigned,36
0058-EVZWM,Female,0,Yes,No,55,Yes,Yes,Fiber optic,Yes,No,No,No,Yes,No,Month-to-month,Yes,Mailed check,93.56,4959.6,evt_001045,2026-02-26,0.48748825400023726,0,Moderate,New,Unassigned,28
3967-KXAPS,Male,0,Yes,No,72,Yes,Yes,DSL,Yes,Yes,Yes,Yes,Yes,Yes,Month-to-month,No,Bank transfer (automatic),104.08,6719.9,evt_001046,2026-02-26,0.10121288871725138,0,Low,Queued,A. Khan,41
0506-LVNGN,Female,1,No,No,5,Yes,No,DSL,No,No,Yes,No,No,No,Month-to-month,Yes,Bank transfer (automatic),83.18,349.65,evt_001047,2026-02-26,0.4702284921460789,0,Moderate,New,R. Ahmed,21
9248-OJYKK,Male,1,No,No,1,Yes,Yes,Fiber optic,No,No,No,No,No,No,One year,Yes,Credit card (automatic),85.55,76.45,evt_001048,2026-02-26,0.7078737555557282,1,High,Resolved,A. Khan,40
8819-ZBYNA,Female,0,Yes,No,58,Yes,Yes,DSL,Yes,Yes,No,Yes,Yes,Yes,Two year,Yes,Mailed check,116.61,6393.65,evt_001049,2026-02-26,0.048833334227749964,0,Low,New,R. Ahmed,2
5702-KVQRD,Male,0,Yes,No,71,Yes,No,Fiber optic,Yes,No,Yes,Yes,Yes,Yes,Month-to-month,Yes,Bank transfer (automatic),96.81,5832.65,evt_001050,2026-02-26,0.31976807450162525,0,Moderate,New,Unassigned,36
6461-PPAXN,Female,0,Yes,Yes,35,Yes,No,Fiber optic,Yes,No,No,Yes,No,No,One year,Yes,Credit card (automatic),64.11,1916.0,evt_001051,2026-02-26,0.2467036113106492,0,Low,Investigating,S. Fatima,5
4248-QPAVC,Female,1,Yes,No,17,Yes,Yes,Fiber optic,Yes,No,Yes,No,No,No,Two year,Yes,Mailed check,95.93,1463.45,evt_001052,2026-02-26,0.33357481586959226,0,Moderate,Queued,A. Khan,31
5863-OOKCL,Female,0,No,No,10,Yes,No,Fiber optic,No internet service,No internet service,No internet service,No internet service,No internet service,No internet service,Month-to-month,No,Credit card (automatic),22.39,163.2,evt_001053,2026-02-26,0.49386016459685916,0,Moderate,Queued,R. Ahmed,10
0256-LTHVJ,Female,0,Yes,Yes,28,Yes,No,DSL,No,No,No,No,No,Yes,Month-to-month,Yes,Bank transfer (automatic),93.05,2227.1,evt_001054,2026-02-26,0.2815741520682563,0,Moderate,Queued,S. Fatima,46
9128-CPXKI,Female,0,No,No,59,Yes,No,No,No,No,Yes,No,Yes,Yes,Month-to-month,No,Electronic check,102.36,5655.45,evt_001055,2026-02-26,0.31396415770783054,0,Moderate,New,Unassigned,37
5825-XJOCM,Male,0,No,Yes,48,Yes,Yes,Fiber optic,Yes,Yes,Yes,No,No,No,Month-to-month,Yes,Electronic check,73.55,3035.35,evt_001056,2026-02-26,0.5065608322257632,1,High,Investigating,M. Ali,6
5440-VHLUL,Male,0,No,No,69,Yes,Yes,Fiber optic,No,Yes,No,Yes,Yes,Yes,One year,Yes,Bank transfer (automatic),111.77,7386.05,evt_001057,2026-02-26,0.2932834021011768,0,Moderate,New,Unassigned,43
4329-YPDDQ,Male,0,No,No,20,Yes,No,DSL,Yes,Yes,Yes,Yes,Yes,Yes,Month-to-month,Yes,Bank transfer (automatic),126.89,2203.7,evt_001058,2026-02-26,0.22518094028770966,0,Low,New,M. Ali,13
6286-SUUWT,Male,0,No,No,1,Yes,No,No,No internet service,No internet service,No internet service,No internet service,No internet service,No internet service,Month-to-month,No,Electronic check,22.28,19.95,evt_001059,2026-02-26,0.45431230867361916,0,Moderate,New,A. Khan,27
0952-KMEEH,Male,0,No,No,13,Yes,Yes,Fiber optic,Yes,No,No,No,Yes,Yes,Month-to-month,No,Bank transfer (automatic),108.84,1230.25,evt_001060,2026-02-26,0.7028841671738406,1,High,New,M. Ali,5
2649-HWLYB,Male,0,Yes,No,65,Yes,Yes,Fiber optic,Yes,No,Yes,Yes,No,Yes,Month-to-month,No,Bank transfer (automatic),82.18,4929.55,evt_001061,2026-02-26,0.31195465618141643,0,Moderate,New,A. Khan,6
7426-WEIJX,Male,1,Yes,Yes,60,Yes,Yes,DSL,Yes,No,No,No,No,No,Two year,Yes,Credit card (automatic),96.6,4859.1,evt_001062,2026-02-26,0.02654468097862468,0,Low,Queued,M. Ali,13
2923-ARZLG,Male,0,Yes,Yes,0,Yes,No,Fiber optic,No internet service,No internet service,No internet service,No internet service,No internet service,No internet service,Month-to-month,Yes,Electronic check,21.88,,evt_001063,2026-02-26,0.7833924053199284,1,Critical,New,R. Ahmed,26
3312-UUMZW,Male,0,Yes,No,32,Yes,Yes,No,No,Yes,No,No,Yes,Yes,Month-to-month,Yes,Electronic check,108.17,3145.9,evt_001064,2026-02-26,0.6055604900480139,1,High,New,A. Khan,26
8884-ADFVN,Male,1,Yes,No,7,Yes,Yes,Fiber optic,No,No,Yes,No,Yes,Yes,Month-to-month,Yes,Credit card (automatic),112.03,700.85,evt_001065,2026-02-26,0.8633617775843925,1,Critical,Queued,A. Khan,41
3470-OBUET,Female,0,Yes,Yes,67,Yes,Yes,DSL,Yes,Yes,No,Yes,Yes,No,Month-to-month,No,Credit card (automatic),85.24,4868.4,evt_001066,2026-02-26,0.06252332827540977,0,Low,New,A. Khan,9
4299-OPXEJ,Female,0,No,No,56,Yes,No,Fiber optic,No internet service,No internet service,No internet service,No internet service,No internet service,No internet service,Month-to-month,Yes,Mailed check,22.32,1080.55,evt_001067,2026-02-26,0.178999081222779,0,Low,Investigating,A. Khan,36
8190-ZTQFB,Male,0,No,No,41,No,No phone service,Fiber optic,No,No,Yes,No,Yes,Yes,Month-to-month,Yes,Credit card (automatic),58.78,2075.1,evt_001068,2026-02-26,0.7842422916397074,1,Critical,Resolved,Unassigned,2
2428-ZMCTB,Male,0,No,No,10,Yes,No,DSL,No internet service,No internet service,No internet service,No internet service,No internet service,No internet service,Month-to-month,No,Credit card (automatic),22.63,208.25,evt_001069,2026-02-26,0.21281128839200827,0,Low,Queued,Unassigned,15
9866-OCCKE,Female,1,Yes,No,72,Yes,Yes,Fiber optic,Yes,No,Yes,Yes,Yes,Yes,Month-to-month,Yes,Electronic check,137.02,8075.35,evt_001070,2026-02-26,0.40418379123095055,0,Moderate,Resolved,A. Khan,10
3794-NFNCH,Male,0,Yes,No,30,Yes,No,Fiber optic,No,No,Yes,No,No,No,One year,Yes,Electronic check,54.78,1474.9,evt_001071,2026-02-26,0.6246989247536938,1,High,New,Unassigned,7
1574-DYCWE,Female,0,Yes,Yes,51,Yes,No,No,No internet service,No internet service,No internet service,No internet service,No internet service,No internet service,Month-to-month,No,Electronic check,21.73,1028.75,evt_001072,2026-02-26,0.07679762209724164,0,Low,New,Unassigned,28
5442-BXVND,Female,0,Yes,Yes,33,Yes,Yes,DSL,No internet service,No internet service,No internet service,No internet service,No internet service,No internet service,Month-to-month,No,Bank transfer (automatic),25.98,838.5,evt_001073,2026-02-26,0.09825084921879557,0,Low,Investigating,Unassigned,43
1335-NTIUC,Male,0,No,No,9,No,No phone service,Fiber optic,No,No,No,No,No,No,Month-to-month,Yes,Mailed check,28.87,190.25,evt_001074,2026-02-26,0.8945329302189934,1,Critical,Investigating,M. Ali,32
7515-LODFU,Male,1,No,No,69,Yes,No,Fiber optic,No internet service,No internet service,No internet service,No internet service,No internet service,No internet service,One year,No,Electronic check,24.11,1356.3,evt_001075,2026-02-26,0.06812963742946793,0,Low,Investigating,M. Ali,41
5186-SAMNZ,Male,1,No,No,1,Yes,No,Fiber optic,No,No,No,No,No,No,Month-to-month,Yes,Bank transfer (automatic),77.36,69.5,evt_001076,2026-02-26,0.8106057430777344,1,Critical,New,S. Fatima,29
2077-MPJQO,Male,1,Yes,No,7,Yes,Yes,DSL,No,No,No,No,No,No,Month-to-month,Yes,Electronic check,80.65,533.05,evt_001077,2026-02-26,0.6483258531278029,1,High,Investigating,Unassigned,4
9866-QEVEE,Male,0,No,No,19,Yes,Yes,Fiber optic,No,No,No,No,No,Yes,Month-to-month,Yes,Electronic check,92.07,1532.45,evt_001078,2026-02-26,0.8376756855326526,1,Critical,New,Unassigned,17
2478-EEWWM,Male,0,Yes,No,59,No,No phone service,Fiber optic,No,No,No,No,Yes,Yes,Month-to-month,Yes,Electronic check,51.35,2666.75,evt_001079,2026-02-26,0.7540164399838267,1,Critical,New,S. Fatima,39
6784-XYJAE,Female,0,No,No,36,Yes,Yes,No,No,No,Yes,No,No,No,One year,No,Electronic check,64.98,1941.5,evt_001080,2026-02-26,0.2768177117209833,0,Moderate,New,M. Ali,4
2325-NBPZG,Female,0,No,No,3,Yes,No,No,Yes,No,No,No,No,No,Month-to-month,Yes,Mailed check,85.93,233.65,evt_001081,2026-02-26,0.44347321887679514,0,Moderate,Resolved,Unassigned,6
9992-UJOEL,Male,0,No,No,2,Yes,No,DSL,No,Yes,No,No,No,No,One year,Yes,Electronic check,54.33,92.75,evt_001082,2026-02-26,0.5157589090557898,1,High,New,Unassigned,40
6507-ZJSUR,Male,1,Yes,No,23,Yes,No,No,No,No,No,No,Yes,Yes,One year,Yes,Credit card (automatic),102.56,2117.25,evt_001083,2026-02-26,0.3877795125640701,0,Moderate,Investigating,S. Fatima,4
5609-CEBID,Female,1,No,No,20,Yes,Yes,DSL,No,Yes,Yes,No,No,Yes,Month-to-month,Yes,Credit card (automatic),106.05,1782.4,evt_001084,2026-02-26,0.43291744199373483,0,Moderate,Queued,R. Ahmed,46
4098-NAUKP,Male,1,Yes,Yes,68,Yes,Yes,DSL,No,Yes,Yes,No,No,No,Two year,Yes,Electronic check,95.92,5683.6,evt_001085,2026-02-26,0.04407721700459172,0,Low,Investigating,S. Fatima,36
4332-MUOEZ,Male,1,Yes,Yes,20,Yes,No,DSL,Yes,No,Yes,Yes,No,Yes,Month-to-month,No,Electronic check,110.55,1818.3,evt_001086,2026-02-26,0.21407590092777792,0,Low,Investigating,S. Fatima,32
8455-HIRAQ,Female,0,No,No,8,Yes,No,Fiber optic,No,No,No,No,No,No,One year,No,Credit card (automatic),50.38,369.3,evt_001087,2026-02-26,0.6299271077110623,1,High,Investigating,S. Fatima,26
6223-DHJGV,Female,0,No,No,42,Yes,No,Fiber optic,No internet service,No internet service,No internet service,No internet service,No internet service,No internet service,Month-to-month,Yes,Electronic check,23.97,958.1,evt_001088,2026-02-26,0.3505606690137116,0,Moderate,New,Unassigned,6
5917-RYRMG,Male,1,No,No,32,Yes,No,Fiber optic,No internet service,No internet service,No internet service,No internet service,No internet service,No internet service,Month-to-month,No,Mailed check,22.26,587.7,evt_001089,2026-02-26,0.340743951410389,0,Moderate,New,Unassigned,21
6421-SZVEM,Female,0,Yes,Yes,28,Yes,No,DSL,Yes,No,No,No,No,Yes,Month-to-month,Yes,Electronic check,94.23,2320.8,evt_001090,2026-02-26,0.29843767403596055,0,Moderate,Queued,S. Fatima,39
0430-IHCDJ,Male,0,No,No,15,Yes,Yes,Fiber optic,No,No,No,No,No,No,Month-to-month,Yes,Credit card (automatic),56.74,749.25,evt_001091,2026-02-26,0.8270501693463556,1,Critical,New,M. Ali,43
3847-BAERP,Female,0,No,No,10,Yes,No,Fiber optic,No internet service,No internet service,No internet service,No internet service,No internet service,No internet service,Month-to-month,Yes,Credit card (automatic),21.58,247.0,evt_001092,2026-02-26,0.5874391258350443,1,High,New,S. Fatima,22
0916-QOFDP,Female,1,Yes,Yes,14,Yes,Yes,Fiber optic,No,No,No,No,Yes,Yes,Two year,Yes,Electronic check,105.46,1346.3,evt_001093,2026-02-26,0.6213659890736797,1,High,New,A. Khan,40
6711-VTNRE,Female,0,No,No,36,Yes,No,Fiber optic,No,No,Yes,Yes,No,Yes,Month-to-month,Yes,Electronic check,95.59,3078.1,evt_001094,2026-02-26,0.6285210101762151,1,High,New,M. Ali,37
1097-FSPVW,Female,0,No,No,42,Yes,No,Fiber optic,Yes,No,Yes,No,No,No,Month-to-month,No,Mailed check,59.0,2455.05,evt_001095,2026-02-26,0.434636594812623,0,Moderate,New,A. Khan,4
5457-COLHT,Male,0,Yes,Yes,69,Yes,No,DSL,Yes,Yes,No,Yes,Yes,Yes,Month-to-month,No,Electronic check,89.0,5542.55,evt_001096,2026-02-26,0.10502794597937311,0,Low,New,S. Fatima,30
6557-BZXLQ,Male,1,No,No,16,Yes,No,DSL,No,No,No,No,No,No,Month-to-month,No,Electronic check,84.26,1043.3,evt_001097,2026-02-26,0.3872034086049701,0,Moderate,Resolved,A. Khan,30
9803-FTJCG,Male,0,Yes,Yes,71,Yes,Yes,Fiber optic,Yes,Yes,No,Yes,No,No,Month-to-month,Yes,Electronic check,71.4,4748.7,evt_001098,2026-02-26,0.2840220790641917,0,Moderate,New,M. Ali,26
8749-CLJXC,Male,0,No,No,1,Yes,No,Fiber optic,No internet service,No internet service,No internet service,No internet service,No internet service,No internet service,Two year,No,Electronic check,23.62,20.05,evt_001099,2026-02-26,0.34806315795496306,0,Moderate,Resolved,Unassigned,37
6328-ZPBGN,Female,1,No,No,11,Yes,Yes,Fiber optic,No,No,No,No,Yes,Yes,Month-to-month,Yes,Credit card (automatic),96.96,997.65,evt_001100,2026-02-26,0.8748342821465583,1,Critical,Resolved,M. Ali,42
6013-BHCAW,Male,0,Yes,Yes,61,Yes,Yes,DSL,No,No,Yes,Yes,Yes,Yes,Month-to-month,Yes,Credit card (automatic),89.09,4976.15,evt_001101,2026-02-26,0.22905045033156887,0,Low,New,R. Ahmed,27
6625-FLENO,Male,0,Yes,No,58,Yes,No,DSL,No internet service,No internet service,No internet service,No internet service,No internet service,No internet service,Month-to-month,No,Electronic check,23.44,1185.95,evt_001102,2026-02-26,0.05207479354637444,0,Low,Investigating,Unassigned,16
7460-ITWWP,Female,1,Yes,No,45,Yes,No,Fiber optic,No,No,Yes,No,No,Yes,Month-to-month,Yes,Credit card (automatic),99.46,3861.45,evt_001103,2026-02-26,0.5591650824012833,1,High,Queued,R. Ahmed,47
6169-PPETC,Male,0,Yes,Yes,35,Yes,No,DSL,No internet service,No internet service,No internet service,No internet service,No internet service,No internet service,Month-to-month,No,Electronic check,23.83,759.35,evt_001104,2026-02-26,0.10343468441854585,0,Low,Investigating,M. Ali,46
2323-ARSVR,Male,0,Yes,No,67,Yes,No,Fiber optic,Yes,Yes,Yes,Yes,Yes,Yes,One year,Yes,Electronic check,129.66,7321.05,evt_001105,2026-02-26,0.2038600347366476,0,Low,New,M. Ali,33
7249-WBIYX,Male,0,Yes,No,10,Yes,Yes,Fiber optic,No,No,No,No,Yes,No,Month-to-month,Yes,Bank transfer (automatic),94.08,813.85,evt_001106,2026-02-26,0.8065688588375931,1,Critical,New,R. Ahmed,31
4237-RLAQD,Male,0,No,No,1,Yes,No,No,No,No,No,No,No,No,Two year,Yes,Mailed check,50.08,45.85,evt_001107,2026-02-26,0.3949322064492121,0,Moderate,New,S. Fatima,6
4360-QRAVE,Male,1,No,No,37,No,No phone service,Fiber optic,No,Yes,Yes,No,No,No,Month-to-month,No,Electronic check,42.93,1315.0,evt_001108,2026-02-26,0.7163237015675727,1,High,Queued,A. Khan,20
3071-MVJCD,Male,0,Yes,Yes,72,Yes,Yes,Fiber optic,Yes,Yes,Yes,Yes,Yes,No,Month-to-month,No,Electronic check,91.23,5815.15,evt_001109,2026-02-26,0.25868651907929563,0,Moderate,Resolved,S. Fatima,11
9747-DDZOS,Female,0,No,No,1,Yes,No,Fiber optic,No,No,Yes,No,No,No,One year,No,Bank transfer (automatic),76.69,73.5,evt_001110,2026-02-26,0.5648885375187345,1,High,Investigating,R. Ahmed,25
6173-GOLSU,Male,1,Yes,No,67,Yes,Yes,Fiber optic,No,No,No,No,Yes,Yes,Two year,Yes,Credit card (automatic),99.57,6079.0,evt_001111,2026-02-26,0.27423648900834124,0,Moderate,Investigating,M. Ali,40
0743-HRVFF,Female,0,Yes,Yes,51,No,No phone service,No,No,No,Yes,Yes,Yes,Yes,One year,Yes,Electronic check,59.79,2898.95,evt_001112,2026-02-26,0.3068061176738601,0,Moderate,Resolved,R. Ahmed,12
7503-QQRVF,Male,1,Yes,No,16,Yes,No,No,No,Yes,No,No,No,No,Two year,Yes,Electronic check,85.43,1178.25,evt_001113,2026-02-26,0.23034113661544642,0,Low,Investigating,A. Khan,47
3200-MNQTF,Male,0,Yes,No,67,Yes,Yes,Fiber optic,Yes,Yes,Yes,Yes,No,No,One year,No,Credit card (automatic),80.01,4677.1,evt_001114,2026-02-26,0.10578398946628056,0,Low,New,M. Ali,7
8143-ETQTI,Female,0,Yes,Yes,23,Yes,No,Fiber optic,No internet service,No internet service,No internet service,No internet service,No internet service,No internet service,One year,Yes,Electronic check,22.82,451.55,evt_001115,2026-02-26,0.32502320703952253,0,Moderate,Investigating,Unassigned,6
9369-XFEHK,Female,1,Yes,No,33,Yes,Yes,DSL,No,Yes,No,No,No,No,Month-to-month,Yes,Electronic check,88.21,2656.5,evt_001116,2026-02-26,0.39987494110108,0,Moderate,New,M. Ali,46
6583-SZVGP,Male,0,No,No,48,Yes,Yes,Fiber optic,No,Yes,Yes,No,Yes,Yes,One year,Yes,Electronic check,122.1,5067.45,evt_001117,2026-02-26,0.5226868640989748,1,High,New,R. Ahmed,6
7892-QVYKW,Female,0,Yes,Yes,23,Yes,Yes,DSL,No,No,No,No,No,Yes,Month-to-month,No,Electronic check,99.09,1868.4,evt_001118,2026-02-26,0.3687818172953076,0,Moderate,Queued,S. Fatima,35
0289-IVARM,Female,0,No,No,35,Yes,No,DSL,Yes,Yes,Yes,No,No,No,Month-to-month,No,Bank transfer (automatic),66.69,1982.6,evt_001119,2026-02-26,0.15927288879473514,0,Low,Resolved,M. Ali,37
3030-YDNRM,Male,0,No,No,8,Yes,Yes,Fiber optic,No,No,No,No,No,No,Month-to-month,Yes,Credit card (automatic),85.88,572.45,evt_001120,2026-02-26,0.7688001038981753,1,Critical,New,Unassigned,17
1697-LYYYX,Female,0,Yes,Yes,61,Yes,No,DSL,No internet service,No internet service,No internet service,No internet service,No internet service,No internet service,Two year,No,Bank transfer (automatic),20.63,1143.8,evt_001121,2026-02-26,0.006447966661840281,0,Low,Queued,M. Ali,4
6581-NQCBA,Female,0,Yes,No,16,No,No phone service,Fiber optic,No,No,No,Yes,Yes,Yes,Two year,Yes,Credit card (automatic),54.86,810.2,evt_001122,2026-02-26,0.6277335446575291,1,High,New,M. Ali,16
9050-QLROH,Male,0,No,No,18,Yes,Yes,Fiber optic,No,No,Yes,No,No,Yes,Month-to-month,Yes,Mailed check,99.51,1597.25,evt_001123,2026-02-26,0.778755131433165,1,Critical,New,Unassigned,5
2930-UOTMB,Female,0,No,No,31,Yes,Yes,Fiber optic,Yes,No,Yes,Yes,No,No,One year,No,Electronic check,68.4,1994.3,evt_001124,2026-02-26,0.40484656071064756,0,Moderate,New,Unassigned,32
3511-BFTJW,Male,0,Yes,Yes,72,No,No phone service,Fiber optic,Yes,Yes,Yes,No,No,No,One year,No,Electronic check,44.24,2763.0,evt_001125,2026-02-26,0.143435161694449,0,Low,Investigating,R. Ahmed,42
0015-UOCOJ,Female,1,No,No,7,Yes,No,DSL,Yes,No,No,No,No,No,Month-to-month,Yes,Mailed check,52.63,340.35,evt_001126,2026-02-26,0.5434856099010857,1,High,Investigating,A. Khan,47
1116-DXXDF,Male,0,No,No,39,Yes,No,DSL,Yes,No,Yes,No,Yes,Yes,Month-to-month,Yes,Electronic check,112.58,3801.7,evt_001127,2026-02-26,0.32240018451166996,0,Moderate,New,A. Khan,38
7130-CTCUS,Male,1,Yes,No,16,Yes,No,No,Yes,Yes,No,No,No,No,Month-to-month,Yes,Credit card (automatic),62.67,825.1,evt_001128,2026-02-26,0.47919520595176124,0,Moderate,New,R. Ahmed,37
0988-JRWWP,Female,0,No,No,3,Yes,No,No,No,No,No,No,Yes,No,One year,Yes,Credit card (automatic),62.16,140.4,evt_001129,2026-02-26,0.5598005934871183,1,High,New,M. Ali,42
6112-KTHFQ,Female,0,No,No,13,Yes,No,Fiber optic,No internet service,No internet service,No internet service,No internet service,No internet service,No internet service,Month-to-month,Yes,Electronic check,22.39,279.3,evt_001130,2026-02-26,0.6468169646587615,1,High,New,M. Ali,37
8181-YHCMF,Female,0,Yes,Yes,68,No,No phone service,Fiber optic,No,Yes,Yes,Yes,Yes,Yes,Two year,No,Bank transfer (automatic),67.18,4109.0,evt_001131,2026-02-26,0.11822244856687959,0,Low,Queued,Unassigned,31
3223-WZWJM,Male,0,No,No,26,Yes,Yes,DSL,No,No,No,No,No,Yes,Month-to-month,Yes,Electronic check,91.89,2254.2,evt_001132,2026-02-26,0.5358983042742023,1,High,Investigating,M. Ali,47
2139-FQHLM,Male,0,No,No,19,Yes,No,No,No,No,Yes,Yes,Yes,No,Two year,No,Electronic check,100.31,1682.4,evt_001133,2026-02-26,0.13873573362809077,0,Low,Queued,A. Khan,16
2694-CIUMO,Female,0,No,No,12,Yes,Yes,Fiber optic,No,No,No,Yes,No,No,Month-to-month,Yes,Bank transfer (automatic),81.04,958.25,evt_001134,2026-02-26,0.7112654228366386,1,High,New,A. Khan,20
6418-HNFED,Male,0,Yes,No,51,Yes,No,Fiber optic,Yes,Yes,Yes,Yes,Yes,Yes,One year,Yes,Electronic check,86.01,4089.45,evt_001135,2026-02-26,0.4199511882846224,0,Moderate,Queued,S. Fatima,43
8849-AYPTR,Male,0,Yes,No,33,Yes,No,Fiber optic,No,No,No,No,Yes,Yes,Month-to-month,No,Credit card (automatic),94.96,2964.05,evt_001136,2026-02-26,0.6485451138295031,1,High,New,R. Ahmed,16
8015-IHCGW,Female,0,Yes,Yes,72,Yes,Yes,Fiber optic,Yes,Yes,Yes,Yes,Yes,Yes,Month-to-month,Yes,Mailed check,122.45,8425.15,evt_001137,2026-02-26,0.31950088134280574,0,Moderate,New,Unassigned,15
4570-QHXHL,Female,0,No,No,9,Yes,No,DSL,No,No,No,No,No,No,One year,Yes,Credit card (automatic),50.05,405.7,evt_001138,2026-02-26,0.3810399059915277,0,Moderate,Resolved,A. Khan,8
3524-WQDSG,Female,0,Yes,Yes,43,Yes,Yes,Fiber optic,No,No,Yes,No,Yes,Yes,Two year,Yes,Electronic check,105.82,4209.95,evt_001139,2026-02-26,0.4092239520149693,0,Moderate,Investigating,M. Ali,14
6000-APYLU,Male,0,No,No,9,Yes,No,DSL,No,No,No,No,No,Yes,One year,Yes,Electronic check,88.66,713.1,evt_001140,2026-02-26,0.41222067717578353,0,Moderate,Resolved,S. Fatima,29
6770-XUAGN,Female,0,Yes,Yes,1,Yes,No,DSL,No internet service,No internet service,No internet service,No internet service,No internet service,No internet service,Month-to-month,Yes,Electronic check,25.16,21.0,evt_001141,2026-02-26,0.38107770022021514,0,Moderate,Resolved,S. Fatima,42
8601-QACRS,Female,0,No,No,5,Yes,Yes,DSL,No,No,No,No,No,No,Month-to-month,Yes,Electronic check,55.59,249.95,evt_001142,2026-02-26,0.7261169484838402,1,High,Queued,S. Fatima,8
6933-FHBZC,Female,0,No,No,26,Yes,No,Fiber optic,No,Yes,Yes,No,No,No,Month-to-month,Yes,Mailed check,65.26,1553.2,evt_001143,2026-02-26,0.6775501512707236,1,High,Resolved,Unassigned,33
5366-IJEQJ,Male,0,No,No,20,Yes,Yes,Fiber optic,No,No,Yes,No,Yes,No,Month-to-month,Yes,Electronic check,94.38,1761.45,evt_001144,2026-02-26,0.8306507343652738,1,Critical,New,R. Ahmed,37
2088-IEBAU,Female,0,No,No,68,Yes,Yes,DSL,Yes,Yes,Yes,Yes,Yes,Yes,Month-to-month,Yes,Electronic check,97.64,6148.45,evt_001145,2026-02-26,0.21526873289341347,0,Low,New,S. Fatima,43
1221-GHZEP,Female,0,No,No,62,Yes,No,DSL,Yes,No,No,Yes,No,Yes,One year,Yes,Credit card (automatic),69.2,3846.75,evt_001146,2026-02-26,0.061867112038404004,0,Low,New,Unassigned,36
5469-CTCWN,Male,0,Yes,Yes,61,Yes,Yes,Fiber optic,Yes,Yes,No,No,Yes,Yes,One year,Yes,Electronic check,116.56,6547.7,evt_001147,2026-02-26,0.34659402827883296,0,Moderate,New,A. Khan,9
7517-LDMPS,Female,0,No,No,12,Yes,No,DSL,No,Yes,No,No,No,Yes,One year,Yes,Electronic check,99.02,1017.35,evt_001148,2026-02-26,0.3195936428005323,0,Moderate,New,Unassigned,24
4703-MQYKT,Male,0,No,No,21,Yes,No,Fiber optic,No internet service,No internet service,No internet service,No internet service,No internet service,No internet service,One year,No,Electronic check,19.92,390.4,evt_001149,2026-02-26,0.33324711773615323,0,Moderate,New,S. Fatima,45
4735-BJKOU,Female,0,No,No,40,Yes,No,DSL,No internet service,No internet service,No internet service,No internet service,No internet service,No internet service,One year,No,Bank transfer (automatic),23.09,804.85,evt_001150,2026-02-26,0.035017518221933386,0,Low,Investigating,S. Fatima,43
8375-DKEBR,Female,1,No,No,1,Yes,No,Fiber optic,No,No,No,No,No,No,Month-to-month,Yes,Credit card (automatic),78.94,69.6,evt_001151,2026-02-26,0.7982563558087975,1,Critical,Investigating,Unassigned,30
2824-DXNKN,Female,0,Yes,Yes,72,Yes,Yes,Fiber optic,Yes,No,Yes,No,Yes,No,Month-to-month,Yes,Electronic check,77.48,5025.85,evt_001152,2026-02-26,0.42817017598910134,0,Moderate,Queued,S. Fatima,46
8570-KLJYJ,Female,0,No,No,36,Yes,Yes,Fiber optic,Yes,No,No,No,No,No,Month-to-month,No,Mailed check,56.26,1893.5,evt_001153,2026-02-26,0.5567430217649251,1,High,New,S. Fatima,32
9138-EFSMO,Male,0,Yes,Yes,26,Yes,No,Fiber optic,No,No,No,No,No,Yes,One year,No,Credit card (automatic),88.77,2034.25,evt_001154,2026-02-26,0.38385647929737055,0,Moderate,Investigating,M. Ali,4
5600-PDUJF,Male,0,No,No,6,Yes,No,Fiber optic,No,No,No,Yes,No,No,Month-to-month,Yes,Credit card (automatic),53.87,312.7,evt_001155,2026-02-26,0.7963898579197821,1,Critical,New,R. Ahmed,44
0970-ETWGE,Male,0,No,No,1,Yes,No,Fiber optic,No,No,No,No,Yes,Yes,Month-to-month,Yes,Electronic check,101.55,89.55,evt_001156,2026-02-26,0.8875204595723901,1,Critical,New,R. Ahmed,9
1166-PQLGG,Female,0,Yes,Yes,72,Yes,No,Fiber optic,No internet service,No internet service,No internet service,No internet service,No internet service,No internet service,Month-to-month,No,Electronic check,21.92,1463.45,evt_001157,2026-02-26,0.08495425988645665,0,Low,New,M. Ali,19
7901-TBKJX,Male,1,No,No,56,Yes,Yes,DSL,No,No,Yes,No,Yes,Yes,Month-to-month,Yes,Credit card (automatic),122.89,5594.0,evt_001158,2026-02-26,0.272284010494247,0,Moderate,New,Unassigned,12
1150-WFARN,Female,0,Yes,Yes,67,Yes,Yes,Fiber optic,Yes,No,Yes,Yes,Yes,Yes,Month-to-month,Yes,Electronic check,120.24,7156.2,evt_001159,2026-02-26,0.41209298706547537,0,Moderate,New,R. Ahmed,35
1088-AUUZZ,Male,0,Yes,Yes,56,Yes,Yes,DSL,Yes,Yes,No,Yes,No,Yes,One year,Yes,Bank transfer (automatic),80.29,4261.2,evt_001160,2026-02-26,0.0765945707613366,0,Low,Investigating,S. Fatima,3
1322-AGOQM,Male,0,No,No,46,No,No phone service,DSL,No,Yes,No,No,No,No,Month-to-month,No,Credit card (automatic),34.26,1380.1,evt_001161,2026-02-26,0.22664321079479416,0,Low,Investigating,A. Khan,31
6338-AVWCY,Male,0,No,No,3,No,No phone service,Fiber optic,No,No,Yes,No,Yes,No,Month-to-month,Yes,Electronic check,45.5,130.75,evt_001162,2026-02-26,0.9448785995655163,1,Critical,Investigating,S. Fatima,41
2959-MJHIC,Male,0,Yes,No,4,Yes,No,Fiber optic,No,No,No,No,Yes,No,One year,Yes,Credit card (automatic),96.54,307.4,evt_001163,2026-02-26,0.6247838689307784,1,High,New,A. Khan,38
1867-BDVFH,Male,0,Yes,Yes,11,Yes,Yes,DSL,No,No,No,No,No,No,Month-to-month,Yes,Mailed check,87.0,834.2,evt_001164,2026-02-26,0.4111422620390973,0,Moderate,Investigating,A. Khan,16
5014-WUQMG,Male,0,Yes,Yes,47,Yes,No,DSL,Yes,Yes,Yes,No,No,Yes,One year,Yes,Credit card (automatic),109.69,4391.45,evt_001165,2026-02-26,0.06220678893104454,0,Low,Investigating,S. Fatima,43
9986-BONCE,Female,0,No,No,4,Yes,No,Fiber optic,No internet service,No internet service,No internet service,No internet service,No internet service,No internet service,Month-to-month,No,Electronic check,25.3,85.5,evt_001166,2026-02-26,0.6386099988522949,1,High,New,A. Khan,18
4521-WFJAI,Male,0,No,No,56,Yes,Yes,DSL,No internet service,No internet service,No internet service,No internet service,No internet service,No internet service,Month-to-month,Yes,Credit card (automatic),27.21,1444.05,evt_001167,2026-02-26,0.06953977717250516,0,Low,Queued,M. Ali,33
2266-FUBDZ,Male,0,Yes,Yes,15,Yes,No,Fiber optic,No internet service,No internet service,No internet service,No internet service,No internet service,No internet service,Month-to-month,No,Bank transfer (automatic),20.93,278.85,evt_001168,2026-02-26,0.4136785538553379,0,Moderate,Queued,R. Ahmed,25
5542-TBBWB,Male,0,No,No,1,Yes,No,Fiber optic,No,No,No,No,No,No,Month-to-month,Yes,Credit card (automatic),74.4,69.9,evt_001169,2026-02-26,0.7942643381688597,1,Critical,Queued,M. Ali,5
4208-UFFGW,Male,1,No,No,2,Yes,No,DSL,No,No,No,No,No,No,One year,No,Credit card (automatic),49.29,85.15,evt_001170,2026-03-05,0.4138271996118837,0,Moderate,New,Unassigned,2
7209-JCUDS,Male,0,No,No,10,Yes,No,Fiber optic,No,No,Yes,No,Yes,Yes,Month-to-month,Yes,Credit card (automatic),98.45,1048.85,evt_001171,2026-03-05,0.8279651036337669,1,Critical,Queued,Unassigned,10
1820-DJFPH,Female,0,Yes,Yes,72,Yes,Yes,DSL,No internet service,No internet service,No internet service,No internet service,No internet service,No internet service,Month-to-month,Yes,Electronic check,27.85,1709.15,evt_001172,2026-03-05,0.04222415135561376,0,Low,New,R. Ahmed,44
5759-RCVCB,Female,0,No,No,3,No,No phone service,Fiber optic,No,No,No,No,Yes,No,Month-to-month,No,Electronic check,38.95,108.95,evt_001173,2026-03-05,0.9273127093036464,1,Critical,New,Unassigned,45
5170-PTRKA,Female,0,Yes,Yes,49,No,No phone service,DSL,Yes,No,No,Yes,No,No,One year,Yes,Electronic check,36.94,1782.0,evt_001174,2026-03-05,0.11267486475167147,0,Low,New,Unassigned,20
1205-WNWPJ,Female,0,No,No,7,Yes,No,Fiber optic,No,No,No,Yes,Yes,No,One year,Yes,Bank transfer (automatic),63.01,415.95,evt_001175,2026-03-05,0.6937847632474972,1,High,Resolved,M. Ali,46
2659-VXMWZ,Male,0,Yes,Yes,67,Yes,Yes,Fiber optic,Yes,Yes,Yes,No,Yes,Yes,Two year,Yes,Bank transfer (automatic),126.75,7482.1,evt_001176,2026-03-05,0.12133944683197878,0,Low,New,Unassigned,4
0298-XACET,Male,0,Yes,Yes,52,No,No phone service,Fiber optic,No,Yes,Yes,Yes,Yes,No,Month-to-month,No,Bank transfer (automatic),58.75,2554.0,evt_001177,2026-03-05,0.38908920784301537,0,Moderate,New,A. Khan,46
3088-FVYWK,Male,0,Yes,Yes,53,Yes,Yes,Fiber optic,No internet service,No internet service,No internet service,No internet service,No internet service,No internet service,Month-to-month,No,Electronic check,31.68,1336.1,evt_001178,2026-03-05,0.19989543116205624,0,Low,New,R. Ahmed,12
1035-IPQPU,Female,1,Yes,No,63,Yes,Yes,DSL,No,Yes,Yes,No,Yes,Yes,Month-to-month,Yes,Credit card (automatic),134.02,6479.4,evt_001179,2026-03-05,0.19048807418213287,0,Low,Resolved,S. Fatima,3
7851-FLGGQ,Male,0,No,No,1,No,No phone service,Fiber optic,No,Yes,No,Yes,No,Yes,Month-to-month,Yes,Mailed check,51.12,44.65,evt_001180,2026-03-05,0.8951442013552952,1,Critical,Queued,A. Khan,36
5575-TPIZQ,Male,0,No,No,46,Yes,Yes,Fiber optic,Yes,No,No,No,Yes,No,Two year,Yes,Electronic check,94.55,4245.55,evt_001181,2026-03-05,0.29850680003562624,0,Moderate,Resolved,M. Ali,19
7881-EVUAD,Female,0,No,No,2,No,No phone service,Fiber optic,Yes,Yes,No,No,No,Yes,One year,Yes,Credit card (automatic),42.26,72.4,evt_001182,2026-03-05,0.8073955029124983,1,Critical,New,Unassigned,15
4412-YLTKF,Female,1,No,No,27,Yes,Yes,Fiber optic,No,No,Yes,No,No,No,Month-to-month,Yes,Credit card (automatic),88.67,2135.5,evt_001183,2026-03-05,0.6831990229147267,1,High,New,M. Ali,36
4154-AQUGT,Male,1,Yes,No,13,Yes,No,DSL,No,Yes,No,Yes,No,Yes,Month-to-month,Yes,Bank transfer (automatic),95.39,1169.35,evt_001184,2026-03-05,0.3974817534910663,0,Moderate,Queued,M. Ali,17
9033-EOXWV,Female,0,No,No,12,Yes,Yes,Fiber optic,No,No,No,Yes,Yes,Yes,Two year,No,Electronic check,81.09,872.65,evt_001185,2026-03-05,0.6112135940552561,1,High,New,M. Ali,36
4759-PXTAN,Female,0,Yes,No,59,Yes,Yes,No,No,Yes,No,Yes,Yes,Yes,Month-to-month,Yes,Credit card (automatic),86.77,4693.2,evt_001186,2026-03-05,0.3275551586239503,0,Moderate,Investigating,S. Fatima,10
1346-PJWTK,Male,0,Yes,No,61,Yes,No,Fiber optic,No,Yes,Yes,Yes,No,Yes,Month-to-month,No,Mailed check,104.65,5731.85,evt_001187,2026-03-05,0.2807099088976589,0,Moderate,Investigating,Unassigned,5
6317-YPKDH,Female,0,No,No,1,No,No phone service,DSL,No,Yes,No,No,No,No,Month-to-month,No,Credit card (automatic),35.46,29.95,evt_001188,2026-03-05,0.6189140689123618,1,High,Queued,Unassigned,16
9089-UOWJG,Female,0,Yes,Yes,12,Yes,No,Fiber optic,No,No,Yes,No,Yes,No,Month-to-month,Yes,Mailed check,65.9,740.55,evt_001189,2026-03-05,0.8163055150377564,1,Critical,Resolved,S. Fatima,30
8735-NBLWT,Male,0,No,Yes,9,Yes,No,Fiber optic,No internet service,No internet service,No internet service,No internet service,No internet service,No internet service,Month-to-month,No,Mailed check,22.65,184.1,evt_001190,2026-03-05,0.47992757093442984,0,Moderate,Queued,M. Ali,12
5140-FOMCQ,Female,0,Yes,No,59,Yes,Yes,DSL,Yes,Yes,Yes,No,Yes,Yes,Month-to-month,Yes,Electronic check,115.47,6557.75,evt_001191,2026-03-05,0.2865441327928658,0,Moderate,New,A. Khan,8
0732-OCQOC,Female,0,Yes,Yes,52,Yes,Yes,No,No internet service,No internet service,No internet service,No internet service,No internet service,No internet service,Month-to-month,Yes,Bank transfer (automatic),25.54,1270.25,evt_001192,2026-03-05,0.09110131212112386,0,Low,Queued,S. Fatima,36
2307-FYNNL,Male,1,No,No,65,Yes,Yes,DSL,Yes,No,Yes,Yes,Yes,Yes,Month-to-month,Yes,Bank transfer (automatic),118.95,7108.2,evt_001193,2026-03-05,0.1724318803294656,0,Low,New,Unassigned,24
1016-DJTSV,Male,1,No,No,8,Yes,No,Fiber optic,No,No,No,No,No,No,Month-to-month,Yes,Mailed check,77.84,572.85,evt_001194,2026-03-05,0.7851983998759001,1,Critical,Investigating,Unassigned,21
9746-UGFAC,Female,0,No,No,22,Yes,No,Fiber optic,No internet service,No internet service,No internet service,No internet service,No internet service,No internet service,Month-to-month,No,Electronic check,25.56,450.65,evt_001195,2026-03-05,0.4540250120316302,0,Moderate,New,S. Fatima,13
3466-WAESX,Male,0,No,Yes,16,Yes,Yes,DSL,Yes,Yes,No,No,No,Yes,Two year,Yes,Electronic check,77.93,1083.7,evt_001196,2026-03-05,0.21330916419337734,0,Low,New,R. Ahmed,2
5574-NXZIU,Male,0,No,No,63,Yes,No,Fiber optic,Yes,Yes,Yes,Yes,Yes,Yes,One year,No,Credit card (automatic),128.74,7049.75,evt_001197,2026-03-05,0.12177982364520429,0,Low,Queued,S. Fatima,4
0871-URUWO,Male,0,Yes,No,13,Yes,Yes,DSL,No,No,Yes,No,Yes,Yes,Month-to-month,Yes,Electronic check,111.46,1359.0,evt_001198,2026-03-05,0.6504040539793943,1,High,New,R. Ahmed,33
3587-PMCOY,Male,0,No,No,10,Yes,No,Fiber optic,Yes,No,Yes,No,Yes,Yes,Month-to-month,Yes,Credit card (automatic),103.74,1064.95,evt_001199,2026-03-05,0.7591056317643508,1,Critical,New,S. Fatima,5
7587-RZNME,Male,0,No,No,3,Yes,No,Fiber optic,No,No,No,No,No,No,One year,Yes,Electronic check,45.99,123.65,evt_001200,2026-03-05,0.83092397218343,1,Critical,Investigating,R. Ahmed,13
4353-HYOJD,Female,0,Yes,Yes,27,Yes,No,DSL,No,Yes,No,No,No,No,Month-to-month,No,Mailed check,53.66,1336.15,evt_001201,2026-03-05,0.26717715832457584,0,Moderate,New,S. Fatima,43
5774-QPLTF,Male,0,Yes,Yes,50,Yes,No,DSL,No internet service,No internet service,No internet service,No internet service,No internet service,No internet service,Month-to-month,Yes,Credit card (automatic),25.39,938.95,evt_001202,2026-03-05,0.052130370721345576,0,Low,Queued,Unassigned,17
9637-EIHEQ,Female,0,No,No,1,Yes,No,Fiber optic,No,No,No,Yes,No,No,Two year,Yes,Electronic check,54.39,50.8,evt_001203,2026-03-05,0.6192698719343961,1,High,New,S. Fatima,36
1525-LNLOJ,Male,0,Yes,Yes,66,Yes,Yes,Fiber optic,No,No,Yes,No,Yes,No,Month-to-month,Yes,Credit card (automatic),74.08,4189.7,evt_001204,2026-03-05,0.4600858614444942,0,Moderate,New,A. Khan,17
4501-UYKBC,Female,1,No,No,46,Yes,Yes,Fiber optic,No,No,Yes,Yes,No,Yes,One year,Yes,Electronic check,73.65,3255.35,evt_001205,2026-03-05,0.5921347351674956,1,High,New,M. Ali,44
9057-SIHCH,Female,0,No,No,3,Yes,Yes,Fiber optic,No,No,No,No,Yes,Yes,Month-to-month,Yes,Bank transfer (automatic),113.59,291.9,evt_001206,2026-03-05,0.8363406617209629,1,Critical,Investigating,S. Fatima,39
6710-HSJRD,Male,0,Yes,No,61,Yes,Yes,Fiber optic,No,Yes,Yes,Yes,Yes,Yes,Month-to-month,Yes,Bank transfer (automatic),130.43,7132.15,evt_001207,2026-03-05,0.44997385907386733,0,Moderate,Resolved,R. Ahmed,23
1240-KNSEZ,Male,0,No,No,1,Yes,No,Fiber optic,No internet service,No internet service,No internet service,No internet service,No internet service,No internet service,Month-to-month,Yes,Credit card (automatic),22.32,20.1,evt_001208,2026-03-05,0.677742689699705,1,High,New,R. Ahmed,33
6080-TCMYC,Male,0,Yes,Yes,40,Yes,Yes,DSL,No,No,Yes,No,No,No,Month-to-month,Yes,Electronic check,90.75,3292.3,evt_001209,2026-03-05,0.29222213159166927,0,Moderate,Resolved,Unassigned,21
5934-TSSAU,Female,0,Yes,Yes,23,Yes,No,DSL,No,No,Yes,No,No,No,Month-to-month,Yes,Electronic check,81.38,1702.9,evt_001210,2026-03-05,0.35685171560834006,0,Moderate,Queued,M. Ali,45
7854-EKTJL,Female,0,No,Yes,2,Yes,No,Fiber optic,No internet service,No internet service,No internet service,No internet service,No internet service,No internet service,Month-to-month,Yes,Credit card (automatic),22.48,35.85,evt_001211,2026-03-05,0.6088618413562513,1,High,Queued,R. Ahmed,18
0701-TJSEF,Male,0,No,No,9,Yes,No,Fiber optic,Yes,No,Yes,Yes,No,Yes,One year,Yes,Bank transfer (automatic),74.58,576.95,evt_001212,2026-03-05,0.5840449980745562,1,High,Investigating,Unassigned,40
0475-RIJEP,Male,0,No,No,43,Yes,Yes,Fiber optic,No,Yes,No,No,No,No,Month-to-month,Yes,Bank transfer (automatic),81.47,3365.85,evt_001213,2026-03-05,0.554497511634296,1,High,Investigating,S. Fatima,30
6349-JDHQP,Female,0,No,No,53,Yes,No,Fiber optic,No internet service,No internet service,No internet service,No internet service,No internet service,No internet service,Month-to-month,No,Electronic check,20.71,1049.6,evt_001214,2026-03-05,0.2024521690101685,0,Low,Investigating,S. Fatima,31
2480-SQIOB,Male,0,Yes,Yes,4,Yes,No,Fiber optic,No,No,No,No,No,No,One year,No,Electronic check,50.64,169.65,evt_001215,2026-03-05,0.7139391473664946,1,High,Queued,A. Khan,18
5207-PLSTK,Male,0,Yes,Yes,1,Yes,No,Fiber optic,Yes,No,No,No,No,No,One year,Yes,Credit card (automatic),59.22,48.75,evt_001216,2026-03-05,0.6153280172961678,1,High,Queued,S. Fatima,40
6377-WHAOX,Female,0,Yes,No,60,Yes,Yes,DSL,No,Yes,Yes,No,Yes,Yes,Month-to-month,Yes,Electronic check,119.91,6411.25,evt_001217,2026-03-05,0.31492680741207524,0,Moderate,New,Unassigned,36
8577-QSOCG,Female,0,Yes,Yes,38,Yes,No,Fiber optic,No internet service,No internet service,No internet service,No internet service,No internet service,No internet service,Month-to-month,Yes,Electronic check,22.48,746.05,evt_001218,2026-03-05,0.34540851176836523,0,Moderate,New,Unassigned,39
6284-KMNUF,Female,0,Yes,No,56,Yes,Yes,Fiber optic,Yes,No,No,No,Yes,Yes,Two year,Yes,Mailed check,111.44,5270.6,evt_001219,2026-03-05,0.2065999034887141,0,Low,Queued,R. Ahmed,38
9073-ZZIAY,Male,0,Yes,Yes,62,Yes,No,Fiber optic,Yes,Yes,Yes,Yes,Yes,Yes,Month-to-month,No,Electronic check,103.18,5215.25,evt_001220,2026-03-05,0.3050169198276772,0,Moderate,New,M. Ali,9
8347-GDTMP,Female,0,Yes,No,64,Yes,No,DSL,No internet service,No internet service,No internet service,No internet service,No internet service,No internet service,One year,No,Credit card (automatic),22.04,1225.65,evt_001221,2026-03-05,0.013551596644458418,0,Low,New,R. Ahmed,42
2386-LAHRK,Male,0,No,No,1,Yes,No,DSL,No,No,No,No,Yes,No,Two year,Yes,Electronic check,58.6,53.5,evt_001222,2026-03-05,0.4502979522418331,0,Moderate,New,Unassigned,40
7690-KPNCU,Male,0,Yes,Yes,64,Yes,No,Fiber optic,Yes,No,Yes,No,Yes,Yes,One year,Yes,Credit card (automatic),86.66,4688.65,evt_001223,2026-03-05,0.24897247503717038,0,Low,New,M. Ali,13
6519-ZHPXP,Female,0,Yes,Yes,72,Yes,No,DSL,Yes,Yes,Yes,Yes,Yes,Yes,Month-to-month,Yes,Credit card (automatic),124.08,7679.65,evt_001224,2026-03-05,0.06487138763563548,0,Low,Queued,Unassigned,47
0959-WHOKV,Male,0,No,No,42,Yes,Yes,Fiber optic,Yes,Yes,Yes,No,No,Yes,Month-to-month,Yes,Credit card (automatic),120.0,4298.45,evt_001225,2026-03-05,0.456033556127107,0,Moderate,Queued,A. Khan,26
6376-GAHQE,Male,0,No,No,4,Yes,No,Fiber optic,No,No,No,No,Yes,No,Month-to-month,No,Electronic check,88.05,299.2,evt_001226,2026-03-05,0.809274984705622,1,Critical,Queued,A. Khan,16
8165-ZJRNM,Female,0,Yes,Yes,72,Yes,Yes,No,No internet service,No internet service,No internet service,No internet service,No internet service,No internet service,Month-to-month,No,Bank transfer (automatic),24.86,1679.25,evt_001227,2026-03-05,0.030519324888276512,0,Low,New,A. Khan,12
5245-VDBUR,Female,0,Yes,No,52,No,No phone service,Fiber optic,Yes,No,Yes,No,No,No,Two year,No,Credit card (automatic),36.79,1958.95,evt_001228,2026-03-05,0.14979204282163436,0,Low,Queued,A. Khan,18
7114-AEOZE,Female,0,No,No,60,Yes,No,Fiber optic,No internet service,No internet service,No internet service,No internet service,No internet service,No internet service,Month-to-month,No,Electronic check,24.2,1128.1,evt_001229,2026-03-05,0.14774322592546027,0,Low,New,Unassigned,3
2495-INZWQ,Male,0,No,No,4,No,No phone service,Fiber optic,No,No,No,No,Yes,Yes,Month-to-month,Yes,Electronic check,54.5,174.3,evt_001230,2026-03-05,0.9541716161626026,1,Critical,Investigating,S. Fatima,33
1169-WCVAK,Male,0,Yes,No,19,Yes,Yes,Fiber optic,Yes,Yes,No,Yes,No,No,Month-to-month,Yes,Electronic check,98.5,1672.35,evt_001231,2026-03-05,0.6068701764516383,1,High,Queued,M. Ali,34
5619-XZZKR,Male,0,No,No,4,Yes,No,DSL,No internet service,No internet service,No internet service,No internet service,No internet service,No internet service,Two year,No,Mailed check,21.89,68.2,evt_001232,2026-03-05,0.08519820497556684,0,Low,Queued,S. Fatima,32
8207-VVMYB,Female,0,Yes,No,70,Yes,Yes,Fiber optic,No internet service,No internet service,No internet service,No internet service,No internet service,No internet service,Month-to-month,Yes,Credit card (automatic),31.4,2006.95,evt_001233,2026-03-05,0.12942512608401735,0,Low,Queued,S. Fatima,27
4785-FCIFB,Female,0,Yes,No,61,Yes,Yes,Fiber optic,No internet service,No internet service,No internet service,No internet service,No internet service,No internet service,Month-to-month,No,Bank transfer (automatic),25.71,1417.9,evt_001234,2026-03-05,0.1382649765461251,0,Low,Resolved,M. Ali,18
0310-MVLET,Female,0,Yes,Yes,61,Yes,Yes,Fiber optic,No,Yes,No,No,Yes,Yes,Month-to-month,Yes,Credit card (automatic),105.73,6010.05,evt_001235,2026-03-05,0.5183184187393415,1,High,Investigating,A. Khan,35
8993-PHFWD,Female,0,No,No,3,No,No phone service,Fiber optic,No,No,No,No,No,No,Month-to-month,No,Bank transfer (automatic),29.25,58.9,evt_001236,2026-03-05,0.8724267660537667,1,Critical,Queued,R. Ahmed,42
6134-KWTBV,Male,0,No,No,62,Yes,Yes,Fiber optic,No internet service,No internet service,No internet service,No internet service,No internet service,No internet service,Month-to-month,No,Bank transfer (automatic),25.65,1429.65,evt_001237,2026-03-05,0.13607376698116244,0,Low,Queued,A. Khan,6
4480-MBMLB,Female,0,No,No,36,Yes,Yes,Fiber optic,No,Yes,Yes,No,Yes,Yes,Month-to-month,Yes,Electronic check,117.34,3886.45,evt_001238,2026-03-05,0.7633379053916068,1,Critical,New,Unassigned,19
8314-HTWVE,Female,0,Yes,Yes,7,Yes,No,DSL,No internet service,No internet service,No internet service,No internet service,No internet service,No internet service,Month-to-month,No,Bank transfer (automatic),22.04,144.15,evt_001239,2026-03-05,0.1968955332055187,0,Low,Resolved,M. Ali,47
6080-LNESI,Male,0,No,No,51,Yes,Yes,Fiber optic,No internet service,No internet service,No internet service,No internet service,No internet service,No internet service,Month-to-month,No,Electronic check,28.22,1234.6,evt_001240,2026-03-05,0.2603320501707928,0,Moderate,New,Unassigned,41
4541-RMRLG,Male,0,No,No,7,Yes,No,Fiber optic,No internet service,No internet service,No internet service,No internet service,No internet service,No internet service,Month-to-month,No,Credit card (automatic),23.19,112.3,evt_001241,2026-03-05,0.5314370719049323,1,High,New,Unassigned,47
4817-VYYWS,Female,0,No,No,30,Yes,Yes,Fiber optic,No,Yes,No,No,Yes,Yes,Month-to-month,Yes,Credit card (automatic),112.77,2983.8,evt_001242,2026-03-05,0.712976430807874,1,High,Resolved,A. Khan,10
5917-HBSDW,Female,0,Yes,Yes,37,Yes,No,Fiber optic,No internet service,No internet service,No internet service,No internet service,No internet service,No internet service,Month-to-month,No,Electronic check,22.42,683.75,evt_001243,2026-03-05,0.27932554246875624,0,Moderate,Investigating,A. Khan,23
4993-JCRGJ,Male,0,No,No,26,Yes,Yes,Fiber optic,No,No,Yes,Yes,No,No,Month-to-month,Yes,Bank transfer (automatic),84.05,2281.6,evt_001244,2026-03-05,0.6362567041556783,1,High,New,Unassigned,7
6823-SIDFQ,Male,0,No,No,28,Yes,No,Fiber optic,No internet service,No internet service,No internet service,No internet service,No internet service,No internet service,Month-to-month,No,Electronic check,20.39,534.7,evt_001245,2026-03-05,0.4292006701778545,0,Moderate,New,S. Fatima,41
1731-TVIUK,Female,0,No,No,4,Yes,Yes,Fiber optic,No,Yes,No,Yes,No,Yes,Month-to-month,Yes,Mailed check,99.99,362.2,evt_001246,2026-03-05,0.7725923120058443,1,Critical,New,R. Ahmed,25
1768-ZAIFU,Female,1,No,No,1,No,No phone service,DSL,No,No,No,No,No,No,Month-to-month,Yes,Mailed check,26.38,25.2,evt_001247,2026-03-05,0.7894517003886621,1,Critical,Queued,A. Khan,13
7666-WKRON,Female,0,No,No,39,Yes,No,No,No,No,Yes,Yes,No,No,Month-to-month,Yes,Mailed check,85.87,3201.55,evt_001248,2026-03-05,0.2374837324938187,0,Low,New,M. Ali,6
5136-RGMZO,Male,0,No,No,31,Yes,Yes,Fiber optic,No,Yes,No,Yes,Yes,No,Month-to-month,Yes,Electronic check,78.15,2168.15,evt_001249,2026-03-05,0.7614604189175589,1,Critical,Resolved,S. Fatima,35
8258-GSTJK,Male,1,No,No,3,Yes,Yes,Fiber optic,No,No,No,No,No,No,Month-to-month,Yes,Electronic check,90.47,237.75,evt_001250,2026-03-05,0.8613887161806386,1,Critical,Resolved,Unassigned,39
6856-RAURS,Female,0,No,No,2,Yes,Yes,Fiber optic,No,No,No,No,No,No,One year,Yes,Electronic check,77.93,136.05,evt_001251,2026-03-05,0.7707231945697769,1,Critical,Queued,M. Ali,42
7410-KTVFV,Male,0,Yes,No,18,Yes,No,Fiber optic,No,No,Yes,No,No,No,Month-to-month,Yes,Electronic check,55.59,878.35,evt_001252,2026-03-05,0.8357900966166337,1,Critical,Queued,Unassigned,46
6603-YRDCJ,Male,0,Yes,No,33,Yes,No,Fiber optic,Yes,Yes,No,Yes,No,No,Month-to-month,Yes,Electronic check,66.6,2018.4,evt_001253,2026-03-05,0.5623515293877265,1,High,New,R. Ahmed,39
3120-FAZKD,Male,0,Yes,Yes,54,Yes,Yes,DSL,No internet service,No internet service,No internet service,No internet service,No internet service,No internet service,Month-to-month,Yes,Electronic check,26.46,1230.9,evt_001254,2026-03-05,0.08912430403659544,0,Low,New,A. Khan,38
8676-TRMJS,Male,0,No,No,3,Yes,Yes,DSL,No,No,No,No,No,No,Month-to-month,No,Mailed check,88.51,209.1,evt_001255,2026-03-05,0.4249171010270659,0,Moderate,Investigating,M. Ali,39
4818-QIUFN,Female,1,No,No,20,Yes,Yes,DSL,Yes,No,No,No,No,No,Month-to-month,Yes,Electronic check,91.2,1520.9,evt_001256,2026-03-05,0.4052658689184818,0,Moderate,New,M. Ali,47
2828-SLQPF,Male,0,No,No,19,Yes,No,Fiber optic,No,No,No,No,No,No,One year,Yes,Electronic check,54.01,865.85,evt_001257,2026-03-05,0.6973419605902442,1,High,New,S. Fatima,23
4742-TXUEX,Female,0,Yes,Yes,47,Yes,No,No,No internet service,No internet service,No internet service,No internet service,No internet service,No internet service,One year,No,Credit card (automatic),21.44,890.5,evt_001258,2026-03-05,0.03121470264584745,0,Low,New,R. Ahmed,36
3324-OIRTO,Male,0,Yes,Yes,71,Yes,No,Fiber optic,Yes,Yes,Yes,No,Yes,Yes,Month-to-month,Yes,Bank transfer (automatic),112.84,7288.4,evt_001259,2026-03-05,0.30647139844822474,0,Moderate,New,S. Fatima,39
8400-WZICQ,Female,0,Yes,Yes,55,Yes,No,Fiber optic,Yes,Yes,No,No,No,No,Month-to-month,No,Credit card (automatic),61.64,3131.8,evt_001260,2026-03-05,0.24035641243080222,0,Low,Queued,M. Ali,7
6698-OXETB,Male,0,No,No,11,Yes,No,Fiber optic,No internet service,No internet service,No internet service,No internet service,No internet service,No internet service,Month-to-month,No,Bank transfer (automatic),23.14,231.45,evt_001261,2026-03-05,0.4926250935264495,0,Moderate,Investigating,R. Ahmed,33
4760-THGOT,Female,0,Yes,No,43,Yes,Yes,No,Yes,Yes,No,No,No,Yes,Month-to-month,Yes,Credit card (automatic),106.39,4107.3,evt_001262,2026-03-05,0.2651640302698448,0,Moderate,Investigating,R. Ahmed,17
4335-UPJSI,Female,0,No,Yes,24,Yes,No,Fiber optic,No internet service,No internet service,No internet service,No internet service,No internet service,No internet service,Month-to-month,No,Bank transfer (automatic),20.84,498.1,evt_001263,2026-03-05,0.3158542231594107,0,Moderate,Queued,S. Fatima,8
3926-YZVVX,Female,0,No,No,41,Yes,No,DSL,No,No,No,Yes,No,No,Month-to-month,No,Bank transfer (automatic),56.33,2029.05,evt_001264,2026-03-05,0.1610248485301019,0,Low,Investigating,R. Ahmed,9
5438-QMDDL,Female,0,Yes,No,19,Yes,No,Fiber optic,No,Yes,No,No,No,Yes,Month-to-month,Yes,Credit card (automatic),67.79,1130.85,evt_001265,2026-03-05,0.7853693163143255,1,Critical,New,M. Ali,7
4422-QVIJA,Female,0,No,Yes,35,Yes,Yes,No,No,No,No,No,No,No,Two year,No,Electronic check,63.74,1655.35,evt_001266,2026-03-05,0.12997876564146263,0,Low,Investigating,R. Ahmed,43
5845-BZZIB,Male,0,Yes,Yes,35,Yes,No,Fiber optic,No internet service,No internet service,No internet service,No internet service,No internet service,No internet service,Month-to-month,No,Electronic check,24.78,655.3,evt_001267,2026-03-05,0.29461223085834254,0,Moderate,Queued,S. Fatima,37
5566-SOEZD,Male,0,Yes,Yes,27,Yes,No,Fiber optic,Yes,Yes,No,No,No,No,Month-to-month,Yes,Bank transfer (automatic),86.2,2209.75,evt_001268,2026-03-05,0.44553219297178065,0,Moderate,New,S. Fatima,6
1133-KXCGE,Female,0,No,No,18,Yes,No,No,No internet service,No internet service,No internet service,No internet service,No internet service,No internet service,One year,No,Electronic check,22.17,407.05,evt_001269,2026-03-05,0.16391038411446177,0,Low,Resolved,A. Khan,30
1357-BIJKI,Male,0,Yes,No,50,Yes,Yes,Fiber optic,No,Yes,No,No,Yes,Yes,Month-to-month,Yes,Credit card (automatic),101.41,4858.7,evt_001270,2026-03-05,0.6662500203966365,1,High,New,R. Ahmed,32
9167-APMXZ,Female,0,No,No,22,Yes,Yes,Fiber optic,No,No,No,No,Yes,No,Month-to-month,Yes,Electronic check,91.27,1821.95,evt_001271,2026-03-05,0.8155838205171151,1,Critical,New,R. Ahmed,25
2279-AXJJK,Male,0,Yes,No,52,Yes,Yes,Fiber optic,No,Yes,No,Yes,No,Yes,Month-to-month,Yes,Electronic check,108.94,5088.4,evt_001272,2026-03-05,0.5462239886008414,1,High,New,M. Ali,29
6953-PBDIN,Male,0,Yes,No,70,Yes,Yes,Fiber optic,No,Yes,Yes,Yes,Yes,No,Two year,No,Electronic check,86.98,5265.55,evt_001273,2026-03-05,0.13513359546607498,0,Low,New,Unassigned,43
3877-JRJIP,Male,0,No,No,1,Yes,Yes,Fiber optic,No,No,No,No,Yes,No,Month-to-month,Yes,Credit card (automatic),64.41,59.85,evt_001274,2026-03-05,0.9108282958001604,1,Critical,New,Unassigned,25
3910-MRQOY,Female,0,Yes,No,72,Yes,No,Fiber optic,No internet service,No internet service,No internet service,No internet service,No internet service,No internet service,Month-to-month,No,Electronic check,20.97,1496.45,evt_001275,2026-03-05,0.1056750313709572,0,Low,Queued,A. Khan,32
8809-XKHMD,Male,0,Yes,No,72,Yes,Yes,Fiber optic,Yes,Yes,No,Yes,No,Yes,Month-to-month,Yes,Credit card (automatic),99.66,7325.1,evt_001276,2026-03-05,0.31551336907713057,0,Moderate,Resolved,R. Ahmed,28
0023-XUOPT,Female,0,Yes,No,13,Yes,Yes,DSL,No,Yes,Yes,No,Yes,No,Month-to-month,No,Credit card (automatic),104.47,1215.6,evt_001277,2026-03-05,0.3600078175681081,0,Moderate,New,S. Fatima,20
8401-EMUWF,Male,0,Yes,Yes,42,Yes,Yes,Fiber optic,Yes,Yes,No,No,Yes,No,Month-to-month,Yes,Electronic check,73.3,3058.3,evt_001278,2026-03-05,0.6697836798901005,1,High,Queued,Unassigned,42
2919-HBCJO,Female,0,No,No,4,Yes,No,Fiber optic,No,Yes,No,No,No,No,Month-to-month,Yes,Credit card (automatic),83.41,333.6,evt_001279,2026-03-05,0.7254498868399933,1,High,New,M. Ali,21
1217-VASWC,Male,1,Yes,No,43,Yes,No,Fiber optic,No,Yes,Yes,No,Yes,Yes,Month-to-month,Yes,Electronic check,107.33,4304.0,evt_001280,2026-03-05,0.7432114759517601,1,High,Investigating,M. Ali,38
4709-LKHYG,Female,0,Yes,Yes,29,Yes,No,Fiber optic,No internet service,No internet service,No internet service,No internet service,No internet service,No internet service,Month-to-month,No,Electronic check,22.29,540.05,evt_001281,2026-03-05,0.3523598397063591,0,Moderate,New,S. Fatima,29
4376-KFVRS,Male,0,Yes,Yes,72,Yes,Yes,DSL,Yes,Yes,Yes,Yes,Yes,Yes,One year,Yes,Credit card (automatic),115.71,8468.2,evt_001282,2026-03-05,0.06500686749412037,0,Low,New,M. Ali,33
8717-VCTXJ,Male,0,No,No,42,Yes,No,No,No internet service,No internet service,No internet service,No internet service,No internet service,No internet service,Month-to-month,Yes,Mailed check,20.18,839.4,evt_001283,2026-03-05,0.1384226214641508,0,Low,Queued,R. Ahmed,36
2482-CZGBB,Male,0,No,No,10,Yes,No,No,No,No,No,No,No,No,One year,Yes,Electronic check,87.34,740.0,evt_001284,2026-03-05,0.37642447697411563,0,Moderate,Investigating,S. Fatima,35
6734-PSBAW,Male,0,Yes,No,72,Yes,Yes,Fiber optic,No internet service,No internet service,No internet service,No internet service,No internet service,No internet service,Month-to-month,Yes,Bank transfer (automatic),24.56,1723.95,evt_001285,2026-03-05,0.13470038045360458,0,Low,Investigating,M. Ali,27
3247-ZVOUO,Male,1,Yes,No,10,Yes,Yes,Fiber optic,No,No,No,No,No,Yes,Month-to-month,No,Electronic check,90.19,851.75,evt_001286,2026-03-05,0.857800849326035,1,Critical,Queued,S. Fatima,30
6733-LRIZX,Male,0,No,No,35,Yes,Yes,Fiber optic,Yes,No,Yes,Yes,Yes,Yes,One year,Yes,Bank transfer (automatic),134.03,4025.5,evt_001287,2026-03-05,0.3295333490768176,0,Moderate,Investigating,Unassigned,25
7581-EBBOU,Female,0,No,No,60,Yes,No,Fiber optic,No,Yes,Yes,Yes,Yes,No,One year,Yes,Bank transfer (automatic),90.8,4224.7,evt_001288,2026-03-05,0.19082140472409964,0,Low,New,Unassigned,17
9256-JTBNZ,Female,0,No,No,11,Yes,No,Fiber optic,No internet service,No internet service,No internet service,No internet service,No internet service,No internet service,Month-to-month,No,Bank transfer (automatic),21.31,246.3,evt_001289,2026-03-05,0.49315921181598227,0,Moderate,New,S. Fatima,35
6900-RBKER,Male,0,No,No,52,Yes,Yes,DSL,No,No,Yes,No,No,Yes,Two year,Yes,Bank transfer (automatic),98.21,4577.75,evt_001290,2026-03-05,0.0790638776163216,0,Low,New,M. Ali,42
7816-VGHTO,Female,0,Yes,Yes,6,No,No phone service,Fiber optic,No,Yes,Yes,Yes,No,No,Month-to-month,No,Electronic check,46.25,217.5,evt_001291,2026-03-05,0.7985272923752984,1,Critical,New,A. Khan,34
3354-OADJP,Female,0,No,No,8,Yes,No,Fiber optic,Yes,No,No,Yes,No,No,Month-to-month,No,Credit card (automatic),66.39,447.75,evt_001292,2026-03-05,0.581373545193174,1,High,New,Unassigned,37
9860-LISIZ,Female,0,No,No,34,Yes,No,Fiber optic,No internet service,No internet service,No internet service,No internet service,No internet service,No internet service,Two year,No,Credit card (automatic),21.59,673.2,evt_001293,2026-03-05,0.08326099990159373,0,Low,Queued,Unassigned,40
0761-AETCS,Female,0,No,No,1,Yes,No,Fiber optic,No internet service,No internet service,No internet service,No internet service,No internet service,No internet service,Month-to-month,No,Credit card (automatic),21.33,19.3,evt_001294,2026-03-05,0.5940859374821557,1,High,New,R. Ahmed,18
1848-LBZHY,Female,0,Yes,No,7,Yes,No,Fiber optic,Yes,No,No,No,No,No,One year,Yes,Electronic check,58.68,355.1,evt_001295,2026-03-05,0.6989202463827987,1,High,Queued,Unassigned,4
5498-IBWPI,Female,0,Yes,Yes,66,Yes,No,Fiber optic,No,No,No,Yes,No,No,Month-to-month,Yes,Electronic check,56.62,3251.85,evt_001296,2026-03-05,0.3374403753353402,0,Moderate,Queued,A. Khan,17
4735-ASGMA,Male,0,No,No,26,Yes,Yes,DSL,No,No,Yes,No,Yes,Yes,One year,Yes,Electronic check,107.93,2515.3,evt_001297,2026-03-05,0.40474410115332876,0,Moderate,Investigating,R. Ahmed,36
1530-ZTDOZ,Female,0,Yes,No,49,No,No phone service,Fiber optic,Yes,No,No,No,Yes,No,Month-to-month,No,Electronic check,45.2,2070.75,evt_001298,2026-03-05,0.60229965461405,1,High,Queued,M. Ali,39
2877-VDUER,Female,0,Yes,Yes,35,No,No phone service,Fiber optic,No,No,No,Yes,Yes,No,Month-to-month,No,Electronic check,42.43,1383.6,evt_001299,2026-03-05,0.6916553015569931,1,High,New,A. Khan,25
9405-GPBBG,Female,0,No,No,64,Yes,Yes,Fiber optic,No,Yes,Yes,Yes,Yes,Yes,Month-to-month,Yes,Electronic check,122.18,7069.25,evt_001300,2026-03-12,0.5426660798773898,1,High,New,S. Fatima,37
7579-OOPEC,Female,1,Yes,No,2,Yes,No,DSL,No,Yes,No,No,No,No,Month-to-month,No,Credit card (automatic),55.37,115.1,evt_001301,2026-03-12,0.5385173862132094,1,High,Queued,S. Fatima,5
2960-NKRSO,Male,0,No,No,24,Yes,No,Fiber optic,No,Yes,Yes,Yes,No,No,Month-to-month,Yes,Electronic check,97.46,2107.15,evt_001302,2026-03-12,0.583754400972334,1,High,Queued,Unassigned,31
6872-HXFNF,Female,0,Yes,No,64,Yes,Yes,DSL,No,No,Yes,Yes,No,No,Month-to-month,No,Credit card (automatic),63.41,3756.45,evt_001303,2026-03-12,0.1076789674463308,0,Low,New,M. Ali,33
2810-FTLEM,Female,0,No,No,16,Yes,No,No,Yes,No,No,No,No,No,Month-to-month,Yes,Bank transfer (automatic),57.59,762.25,evt_001304,2026-03-12,0.4616611182859114,0,Moderate,New,Unassigned,25
3970-XGJDU,Female,0,No,No,62,Yes,No,Fiber optic,No internet service,No internet service,No internet service,No internet service,No internet service,No internet service,Month-to-month,Yes,Credit card (automatic),22.67,1123.65,evt_001305,2026-03-12,0.13375902117897542,0,Low,Investigating,Unassigned,34
5808-TOTXO,Female,0,No,Yes,3,Yes,No,DSL,No internet service,No internet service,No internet service,No internet service,No internet service,No internet service,Month-to-month,Yes,Bank transfer (automatic),23.21,57.4,evt_001306,2026-03-12,0.28049902332022203,0,Moderate,Queued,R. Ahmed,24
4945-RVMTE,Female,0,No,No,28,Yes,No,Fiber optic,No,No,Yes,No,Yes,No,One year,Yes,Bank transfer (automatic),67.95,1646.45,evt_001307,2026-03-12,0.57838313037912,1,High,New,Unassigned,26
2485-ITVKB,Female,0,Yes,No,2,No,No phone service,No,No,No,No,No,No,Yes,One year,Yes,Bank transfer (automatic),39.42,68.75,evt_001308,2026-03-12,0.7097764297702108,1,High,Queued,S. Fatima,29
5186-EJEGL,Male,0,No,No,9,Yes,No,Fiber optic,Yes,No,Yes,Yes,Yes,No,One year,Yes,Mailed check,77.84,653.25,evt_001309,2026-03-12,0.5744010332641311,1,High,Resolved,S. Fatima,38
9122-UMROB,Male,0,No,No,1,Yes,No,No,No internet service,No internet service,No internet service,No internet service,No internet service,No internet service,Month-to-month,No,Bank transfer (automatic),21.86,20.3,evt_001310,2026-03-12,0.36074553075094173,0,Moderate,New,A. Khan,13
7492-TAFJD,Male,0,Yes,Yes,7,No,No phone service,Fiber optic,Yes,Yes,Yes,No,No,No,One year,No,Bank transfer (automatic),43.91,280.0,evt_001311,2026-03-12,0.5707285121723088,1,High,Investigating,M. Ali,15
2754-XBHTB,Female,0,No,No,9,Yes,No,Fiber optic,No,No,No,No,Yes,No,Month-to-month,Yes,Bank transfer (automatic),86.51,714.15,evt_001312,2026-03-12,0.7753707904991209,1,Critical,New,Unassigned,21
4086-WITJG,Male,0,Yes,Yes,71,Yes,No,Fiber optic,No internet service,No internet service,No internet service,No internet service,No internet service,No internet service,Month-to-month,No,Credit card (automatic),24.54,1301.1,evt_001313,2026-03-12,0.058348781594592905,0,Low,Queued,S. Fatima,11
9907-SWKKF,Female,1,No,No,1,No,No phone service,DSL,No,No,No,No,No,No,Month-to-month,No,Electronic check,30.42,25.05,evt_001314,2026-03-12,0.7716148266046154,1,Critical,Queued,M. Ali,17
9112-WSNPU,Female,1,No,No,35,Yes,No,Fiber optic,No,No,No,No,No,No,Month-to-month,No,Bank transfer (automatic),80.65,2419.0,evt_001315,2026-03-12,0.48082912253740223,0,Moderate,New,M. Ali,18
2391-SOORI,Male,0,No,Yes,4,Yes,No,Fiber optic,Yes,No,No,No,No,No,Month-to-month,No,Bank transfer (automatic),53.01,219.65,evt_001316,2026-03-12,0.7017825574729172,1,High,Resolved,S. Fatima,16
3523-QRQLL,Female,0,Yes,Yes,22,Yes,No,DSL,No,Yes,No,No,Yes,Yes,Month-to-month,Yes,Mailed check,73.2,1498.2,evt_001317,2026-03-12,0.5187730682856563,1,High,Queued,Unassigned,20
4819-HJPIW,Male,0,No,No,18,No,No phone service,DSL,No,No,No,No,No,No,Two year,No,Bank transfer (automatic),29.97,476.8,evt_001318,2026-03-12,0.20095552786247972,0,Low,Resolved,M. Ali,25
8711-LOBKY,Male,0,Yes,Yes,59,Yes,No,Fiber optic,No internet service,No internet service,No internet service,No internet service,No internet service,No internet service,Month-to-month,No,Bank transfer (automatic),22.54,1188.25,evt_001319,2026-03-12,0.09890106649348578,0,Low,New,Unassigned,34
7010-ZMVBF,Female,0,Yes,Yes,18,Yes,No,Fiber optic,No internet service,No internet service,No internet service,No internet service,No internet service,No internet service,Month-to-month,No,Mailed check,23.49,357.0,evt_001320,2026-03-12,0.3779140236210434,0,Moderate,Investigating,R. Ahmed,15
1730-VFMWO,Female,0,Yes,No,34,Yes,No,Fiber optic,No,No,No,Yes,No,No,Two year,No,Electronic check,50.97,1815.3,evt_001321,2026-03-12,0.28708429117802053,0,Moderate,Resolved,Unassigned,40
1751-NCDLI,Male,1,Yes,No,46,Yes,Yes,DSL,No,No,Yes,No,Yes,Yes,Month-to-month,Yes,Electronic check,116.21,4564.9,evt_001322,2026-03-12,0.4576093036934501,0,Moderate,Queued,M. Ali,24
8591-TKMZH,Male,0,Yes,Yes,59,Yes,Yes,Fiber optic,Yes,Yes,No,Yes,Yes,Yes,Month-to-month,Yes,Electronic check,127.46,6555.2,evt_001323,2026-03-12,0.416331359428138,0,Moderate,New,R. Ahmed,35
2778-OCLGR,Male,1,Yes,No,24,No,No phone service,DSL,Yes,No,No,No,No,Yes,One year,No,Electronic check,41.19,971.3,evt_001324,2026-03-12,0.4121246915675144,0,Moderate,Investigating,A. Khan,7
1459-QNFQT,Male,0,Yes,Yes,70,No,No phone service,Fiber optic,Yes,No,Yes,Yes,Yes,Yes,One year,No,Electronic check,64.96,4144.8,evt_001325,2026-03-12,0.23702057508524876,0,Low,Queued,S. Fatima,10
2501-XWWTZ,Male,0,No,No,11,Yes,No,Fiber optic,No,No,No,No,No,No,Month-to-month,No,Electronic check,79.73,760.05,evt_001326,2026-03-12,0.725913587448554,1,High,Resolved,Unassigned,22
2925-VDZHY,Male,0,Yes,Yes,72,Yes,Yes,Fiber optic,Yes,Yes,Yes,Yes,Yes,Yes,Month-to-month,No,Credit card (automatic),99.62,6501.35,evt_001327,2026-03-12,0.2658463952804896,0,Moderate,Queued,R. Ahmed,18
4701-MLJPN,Male,0,No,No,31,Yes,No,Fiber optic,No,No,Yes,Yes,No,No,Month-to-month,Yes,Credit card (automatic),60.91,1715.65,evt_001328,2026-03-12,0.5996479193353368,1,High,New,M. Ali,24
9548-LERKT,Male,0,Yes,No,24,Yes,No,DSL,No internet service,No internet service,No internet service,No internet service,No internet service,No internet service,Month-to-month,No,Electronic check,22.0,483.15,evt_001329,2026-03-12,0.18855376651858824,0,Low,New,Unassigned,9
1360-JYXKQ,Female,1,Yes,No,54,Yes,No,Fiber optic,No,No,Yes,Yes,Yes,Yes,Month-to-month,Yes,Bank transfer (automatic),109.49,5437.1,evt_001330,2026-03-12,0.5235951026064847,1,High,Investigating,A. Khan,23
7717-BICXI,Male,0,Yes,Yes,60,Yes,No,Fiber optic,No internet service,No internet service,No internet service,No internet service,No internet service,No internet service,Month-to-month,No,Electronic check,23.2,1205.05,evt_001331,2026-03-12,0.13375559212970875,0,Low,Resolved,R. Ahmed,33
8224-KDLKN,Male,0,Yes,Yes,72,Yes,Yes,No,No internet service,No internet service,No internet service,No internet service,No internet service,No internet service,Month-to-month,No,Mailed check,30.21,1738.9,evt_001332,2026-03-12,0.030662263908424324,0,Low,New,Unassigned,35
7663-CUXZB,Male,0,Yes,No,59,Yes,Yes,No,Yes,Yes,Yes,Yes,Yes,Yes,One year,No,Electronic check,109.88,6561.25,evt_001333,2026-03-12,0.15214374348724385,0,Low,Investigating,S. Fatima,13
6979-ZNSFF,Female,0,No,No,8,Yes,Yes,DSL,No,No,No,No,Yes,No,Month-to-month,Yes,Bank transfer (automatic),96.26,762.1,evt_001334,2026-03-12,0.517925170507086,1,High,Resolved,Unassigned,17
2672-OJQZP,Female,0,No,No,1,Yes,No,Fiber optic,No,No,No,No,No,No,Month-to-month,No,Electronic check,50.59,44.75,evt_001335,2026-03-12,0.8687813494889666,1,Critical,New,R. Ahmed,26
5331-RGMTT,Male,1,Yes,No,54,Yes,Yes,Fiber optic,No,No,Yes,No,Yes,Yes,Month-to-month,Yes,Bank transfer (automatic),112.7,5295.7,evt_001336,2026-03-12,0.6507907456446005,1,High,New,Unassigned,25
1302-UHBDD,Male,1,No,No,20,Yes,No,DSL,No,No,No,No,Yes,Yes,One year,No,Electronic check,98.74,1648.45,evt_001337,2026-03-12,0.346292371432932,0,Moderate,Investigating,R. Ahmed,38
0923-PNFUB,Female,0,No,No,3,Yes,No,Fiber optic,No,Yes,No,No,Yes,No,Month-to-month,No,Credit card (automatic),84.97,247.25,evt_001338,2026-03-12,0.7412862030652755,1,High,Queued,R. Ahmed,19
7803-XOCCZ,Female,0,Yes,Yes,52,Yes,No,Fiber optic,Yes,No,Yes,Yes,No,No,Month-to-month,Yes,Electronic check,95.79,4326.8,evt_001339,2026-03-12,0.2804965863124326,0,Moderate,New,M. Ali,32
2439-LYPMQ,Male,1,Yes,No,38,Yes,Yes,DSL,No,Yes,Yes,No,Yes,Yes,Month-to-month,Yes,Mailed check,125.55,4009.2,evt_001340,2026-03-12,0.37561339445760744,0,Moderate,Investigating,Unassigned,42
5804-JMYIO,Female,0,Yes,Yes,39,Yes,No,Fiber optic,No internet service,No internet service,No internet service,No internet service,No internet service,No internet service,Month-to-month,No,Bank transfer (automatic),20.3,757.95,evt_001341,2026-03-12,0.2017764991170409,0,Low,Queued,M. Ali,15
5473-KHBPS,Female,0,Yes,Yes,52,Yes,Yes,Fiber optic,No,Yes,Yes,No,Yes,No,Month-to-month,Yes,Credit card (automatic),112.14,4976.15,evt_001342,2026-03-12,0.42548524192410203,0,Moderate,Resolved,Unassigned,39
6374-NTQLP,Male,1,Yes,Yes,72,Yes,No,No,Yes,No,Yes,Yes,Yes,Yes,One year,Yes,Credit card (automatic),114.54,7447.7,evt_001343,2026-03-12,0.06874139349512691,0,Low,Investigating,M. Ali,17
5949-EBSQK,Male,0,Yes,Yes,4,Yes,No,Fiber optic,No,No,No,Yes,No,Yes,Month-to-month,No,Mailed check,68.6,229.55,evt_001344,2026-03-12,0.7554754595925978,1,Critical,Investigating,M. Ali,17
2408-PSJVE,Male,0,Yes,Yes,44,Yes,No,Fiber optic,No,Yes,Yes,Yes,No,No,One year,Yes,Electronic check,65.42,2924.05,evt_001345,2026-03-12,0.35393561921360395,0,Moderate,Queued,Unassigned,32
8780-RSYYU,Female,0,No,No,25,Yes,No,Fiber optic,No internet service,No internet service,No internet service,No internet service,No internet service,No internet service,Two year,Yes,Electronic check,21.12,532.1,evt_001346,2026-03-12,0.220470037687932,0,Low,New,M. Ali,30
8775-ERLNB,Male,1,Yes,No,1,Yes,Yes,Fiber optic,No,No,No,No,No,No,Month-to-month,No,Electronic check,89.01,74.3,evt_001347,2026-03-12,0.830971437808348,1,Critical,Queued,S. Fatima,27
0463-TXOAK,Male,0,No,Yes,52,Yes,Yes,Fiber optic,No internet service,No internet service,No internet service,No internet service,No internet service,No internet service,Month-to-month,No,Electronic check,29.57,1334.5,evt_001348,2026-03-12,0.21201875895764224,0,Low,New,Unassigned,12
1218-VKFPE,Female,0,Yes,Yes,12,Yes,No,DSL,No internet service,No internet service,No internet service,No internet service,No internet service,No internet service,Month-to-month,No,Bank transfer (automatic),23.25,233.55,evt_001349,2026-03-12,0.16206876681322518,0,Low,Queued,A. Khan,6
9481-SFCQY,Female,0,No,Yes,14,Yes,No,DSL,No,No,Yes,No,Yes,No,One year,Yes,Mailed check,71.2,824.85,evt_001350,2026-03-12,0.3193802296467274,0,Moderate,New,A. Khan,43
6543-CPZMK,Male,0,Yes,Yes,9,No,No phone service,Fiber optic,No,Yes,No,No,No,No,Month-to-month,Yes,Mailed check,34.33,248.95,evt_001351,2026-03-12,0.855579328509021,1,Critical,Queued,S. Fatima,42
0106-UGRDO,Female,0,Yes,No,69,Yes,Yes,Fiber optic,Yes,Yes,Yes,Yes,Yes,Yes,Month-to-month,Yes,Bank transfer (automatic),142.06,8182.85,evt_001352,2026-03-12,0.27676837468175985,0,Moderate,New,M. Ali,42
2668-TZSPS,Male,0,No,No,1,Yes,No,DSL,No internet service,No internet service,No internet service,No internet service,No internet service,No internet service,Month-to-month,No,Bank transfer (automatic),23.44,20.45,evt_001353,2026-03-12,0.2786415046433197,0,Moderate,New,M. Ali,25
1866-DIOQZ,Female,0,Yes,No,71,No,No phone service,Fiber optic,Yes,Yes,Yes,Yes,Yes,Yes,One year,No,Credit card (automatic),78.13,4689.15,evt_001354,2026-03-12,0.15727267962430264,0,Low,New,A. Khan,42
9289-LBQVU,Male,0,Yes,No,64,Yes,Yes,Fiber optic,No,Yes,No,Yes,No,Yes,Month-to-month,Yes,Mailed check,77.32,4480.7,evt_001355,2026-03-12,0.4716267037446431,0,Moderate,Queued,S. Fatima,23
6284-AHOOQ,Male,1,No,No,22,Yes,Yes,Fiber optic,No,No,No,Yes,Yes,No,Month-to-month,Yes,Electronic check,101.72,1910.6,evt_001356,2026-03-12,0.7716014948165455,1,Critical,Investigating,M. Ali,5
7855-DIWPO,Female,0,No,No,21,Yes,No,DSL,No,No,No,No,No,No,Month-to-month,Yes,Bank transfer (automatic),74.02,1493.2,evt_001357,2026-03-12,0.3470166604626817,0,Moderate,New,A. Khan,11
5213-TWWJU,Male,0,No,No,28,Yes,No,Fiber optic,No,No,Yes,Yes,No,Yes,Two year,No,Credit card (automatic),107.32,2626.15,evt_001358,2026-03-12,0.1733089287530751,0,Low,Investigating,R. Ahmed,14
9926-PJHDQ,Female,0,Yes,Yes,72,Yes,Yes,DSL,No,No,Yes,No,Yes,Yes,Month-to-month,Yes,Electronic check,80.59,5468.45,evt_001359,2026-03-12,0.309098315292108,0,Moderate,Investigating,R. Ahmed,19
4690-LLKUA,Male,1,No,No,17,Yes,No,Fiber optic,No,No,No,No,No,No,Month-to-month,Yes,Electronic check,52.57,770.6,evt_001360,2026-03-12,0.8599486866033742,1,Critical,New,A. Khan,45
1074-AMIOH,Female,0,Yes,Yes,53,Yes,No,Fiber optic,No,Yes,Yes,Yes,Yes,Yes,One year,Yes,Mailed check,120.0,5935.1,evt_001361,2026-03-12,0.256268654927095,0,Moderate,Queued,M. Ali,17
3908-BLSYF,Female,0,No,No,6,Yes,No,Fiber optic,No,No,Yes,No,No,Yes,Two year,No,Mailed check,99.86,497.55,evt_001362,2026-03-12,0.3699410711944019,0,Moderate,New,Unassigned,30
8080-DDEMJ,Male,1,No,No,1,Yes,No,Fiber optic,No,No,No,No,No,No,Month-to-month,No,Mailed check,52.54,45.1,evt_001363,2026-03-12,0.8490499865031418,1,Critical,New,R. Ahmed,14
2748-MYRVK,Female,0,No,No,63,Yes,Yes,Fiber optic,No,Yes,No,No,Yes,Yes,Month-to-month,No,Credit card (automatic),122.8,6137.0,evt_001364,2026-03-12,0.37313971341453106,0,Moderate,Queued,S. Fatima,31
0463-WZZKO,Male,0,No,No,3,Yes,No,Fiber optic,No internet service,No internet service,No internet service,No internet service,No internet service,No internet service,One year,Yes,Electronic check,24.15,67.1,evt_001365,2026-03-12,0.5773482775264615,1,High,New,S. Fatima,28
6022-UGGSO,Female,1,No,No,32,Yes,No,Fiber optic,No,Yes,No,No,No,No,One year,Yes,Electronic check,76.31,2276.95,evt_001366,2026-03-12,0.5262567475289132,1,High,Investigating,M. Ali,8
6834-NXDCA,Female,0,No,No,13,No,No phone service,Fiber optic,No,No,No,No,No,No,Month-to-month,Yes,Bank transfer (automatic),26.67,300.8,evt_001367,2026-03-12,0.8715951771264185,1,Critical,Resolved,Unassigned,23
4415-IJZTP,Female,0,No,No,1,Yes,Yes,Fiber optic,No,No,No,No,No,No,Month-to-month,Yes,Bank transfer (automatic),78.2,74.5,evt_001368,2026-03-12,0.8249889489074387,1,Critical,Investigating,Unassigned,6
7808-DVWEP,Male,0,Yes,No,3,Yes,No,Fiber optic,No internet service,No internet service,No internet service,No internet service,No internet service,No internet service,One year,No,Bank transfer (automatic),21.78,49.65,evt_001369,2026-03-12,0.4104647949907402,0,Moderate,Queued,Unassigned,42
1346-UFHAX,Female,0,No,No,13,Yes,Yes,No,Yes,No,No,No,No,No,One year,Yes,Bank transfer (automatic),96.85,1029.35,evt_001370,2026-03-12,0.22790054234451418,0,Low,Queued,M. Ali,34
1855-CFULU,Female,1,No,No,4,Yes,No,Fiber optic,No internet service,No internet service,No internet service,No internet service,No internet service,No internet service,One year,No,Electronic check,23.22,91.45,evt_001371,2026-03-12,0.5186144997833583,1,High,Resolved,M. Ali,45
2729-VNVAP,Female,0,Yes,Yes,33,Yes,No,DSL,No internet service,No internet service,No internet service,No internet service,No internet service,No internet service,Month-to-month,No,Credit card (automatic),21.35,641.35,evt_001372,2026-03-12,0.07734258914156215,0,Low,New,A. Khan,42
6175-IRFIT,Male,0,No,No,5,Yes,No,No,No,No,No,No,No,Yes,Month-to-month,No,Electronic check,83.41,426.35,evt_001373,2026-03-12,0.6448365793857843,1,High,New,M. Ali,12
0682-USIXD,Female,0,Yes,No,21,Yes,No,Fiber optic,No,No,No,Yes,Yes,No,Two year,Yes,Electronic check,96.55,1818.9,evt_001374,2026-03-12,0.3650339505342871,0,Moderate,Queued,M. Ali,34
7266-GSSJX,Male,0,Yes,Yes,11,Yes,No,DSL,No internet service,No internet service,No internet service,No internet service,No internet service,No internet service,One year,Yes,Electronic check,21.41,250.8,evt_001375,2026-03-12,0.18550715108540075,0,Low,New,R. Ahmed,6
7893-IXHRQ,Male,0,No,No,1,Yes,No,DSL,No internet service,No internet service,No internet service,No internet service,No internet service,No internet service,One year,No,Electronic check,22.19,20.55,evt_001376,2026-03-12,0.22540565184607084,0,Low,New,M. Ali,46
3429-IFLEM,Female,0,No,No,71,Yes,No,DSL,Yes,Yes,Yes,Yes,Yes,No,Month-to-month,No,Credit card (automatic),88.08,5550.1,evt_001377,2026-03-12,0.052671962881308924,0,Low,New,Unassigned,38
0665-XHDJU,Male,0,Yes,No,72,Yes,Yes,Fiber optic,No,Yes,No,No,Yes,Yes,Month-to-month,Yes,Electronic check,118.22,7285.7,evt_001378,2026-03-12,0.5521187445741429,1,High,Queued,A. Khan,33
1628-BIZYP,Male,0,No,No,1,Yes,No,Fiber optic,No,Yes,No,No,No,Yes,One year,Yes,Electronic check,98.3,85.0,evt_001379,2026-03-12,0.7196666887385569,1,High,New,A. Khan,47
5376-DEQCP,Female,0,No,No,1,Yes,No,Fiber optic,No,No,No,No,No,No,Month-to-month,Yes,Credit card (automatic),69.37,70.6,evt_001380,2026-03-12,0.8055146607730059,1,Critical,New,Unassigned,40
4223-WOZCM,Male,1,No,No,2,Yes,No,Fiber optic,No,No,Yes,No,No,No,Two year,No,Bank transfer (automatic),56.86,107.1,evt_001381,2026-03-12,0.5451021895871919,1,High,New,Unassigned,41
6857-VWJDT,Female,0,No,No,1,Yes,Yes,No,No,No,No,No,Yes,Yes,Month-to-month,No,Electronic check,107.54,95.65,evt_001382,2026-03-12,0.7083529717006107,1,High,New,M. Ali,6
4821-WQOYN,Female,0,Yes,Yes,72,Yes,No,No,No internet service,No internet service,No internet service,No internet service,No internet service,No internet service,One year,Yes,Electronic check,23.01,1326.25,evt_001383,2026-03-12,0.022302670003853983,0,Low,Investigating,R. Ahmed,3
3604-WLABM,Female,0,No,No,10,Yes,No,Fiber optic,No,No,Yes,Yes,No,No,One year,No,Electronic check,66.02,583.0,evt_001384,2026-03-12,0.580578125940886,1,High,New,M. Ali,46
1385-TQOZW,Female,0,No,No,9,Yes,No,DSL,No internet service,No internet service,No internet service,No internet service,No internet service,No internet service,Month-to-month,Yes,Bank transfer (automatic),20.37,147.55,evt_001385,2026-03-12,0.28467340566514515,0,Moderate,Investigating,A. Khan,13
0749-IRGQE,Female,1,Yes,No,13,No,No phone service,Fiber optic,No,No,No,No,Yes,Yes,Month-to-month,No,Electronic check,49.13,528.45,evt_001386,2026-03-12,0.9319508171580189,1,Critical,Investigating,S. Fatima,21
6857-TKDJV,Male,0,Yes,Yes,67,Yes,Yes,No,No internet service,No internet service,No internet service,No internet service,No internet service,No internet service,Month-to-month,No,Electronic check,28.48,1620.45,evt_001387,2026-03-12,0.05302617094896787,0,Low,New,M. Ali,3
6483-OATDN,Male,0,Yes,Yes,8,Yes,No,Fiber optic,Yes,No,No,No,No,No,Month-to-month,Yes,Electronic check,52.59,411.6,evt_001388,2026-03-12,0.8146852959803778,1,Critical,Investigating,R. Ahmed,30
2252-JHJGE,Male,0,No,No,61,Yes,Yes,No,Yes,No,Yes,No,Yes,Yes,Month-to-month,No,Bank transfer (automatic),125.69,6363.45,evt_001389,2026-03-12,0.16944752553355083,0,Low,Investigating,M. Ali,39
4903-CNOZC,Male,0,No,No,29,Yes,Yes,DSL,No,Yes,Yes,No,No,Yes,Month-to-month,No,Electronic check,80.97,1964.6,evt_001390,2026-03-12,0.4612721290076709,0,Moderate,Queued,R. Ahmed,40
9822-BIIGN,Male,0,Yes,Yes,53,Yes,Yes,Fiber optic,Yes,No,No,Yes,No,Yes,Two year,No,Credit card (automatic),84.12,3827.9,evt_001391,2026-03-12,0.10176728147453891,0,Low,New,Unassigned,28
0363-QJVFX,Male,0,No,No,32,Yes,Yes,Fiber optic,Yes,Yes,No,Yes,Yes,Yes,Month-to-month,Yes,Electronic check,117.42,3432.9,evt_001392,2026-03-12,0.6627398513107783,1,High,New,A. Khan,32
0725-CXOTM,Female,0,No,No,36,Yes,Yes,DSL,Yes,No,Yes,Yes,Yes,Yes,Month-to-month,Yes,Bank transfer (automatic),104.79,3348.1,evt_001393,2026-03-12,0.2877171672499476,0,Moderate,Resolved,A. Khan,25
2926-JEJJC,Female,0,No,No,8,Yes,No,Fiber optic,No internet service,No internet service,No internet service,No internet service,No internet service,No internet service,Month-to-month,Yes,Electronic check,23.92,140.95,evt_001394,2026-03-12,0.6838066449581629,1,High,Investigating,S. Fatima,22
3675-EQOZA,Male,0,No,No,5,Yes,No,Fiber optic,No internet service,No internet service,No internet service,No internet service,No internet service,No internet service,Month-to-month,No,Electronic check,23.42,93.55,evt_001395,2026-03-12,0.6476129735605733,1,High,Resolved,Unassigned,27
5307-DZCVC,Female,1,Yes,No,32,Yes,Yes,No,No,No,No,No,Yes,No,Month-to-month,Yes,Electronic check,97.47,2628.6,evt_001396,2026-03-12,0.5639548652137653,1,High,Resolved,R. Ahmed,45
4751-ERMAN,Male,0,Yes,Yes,72,Yes,No,Fiber optic,No,Yes,Yes,No,Yes,Yes,Month-to-month,Yes,Credit card (automatic),85.67,5480.25,evt_001397,2026-03-12,0.42028661411620827,0,Moderate,New,Unassigned,13
1261-FWTTE,Male,1,No,No,23,No,No phone service,Fiber optic,No,No,No,No,No,Yes,Month-to-month,Yes,Credit card (automatic),37.01,768.45,evt_001398,2026-03-12,0.8822487186039206,1,Critical,Investigating,S. Fatima,23
4785-QRJHC,Male,1,Yes,No,46,No,No phone service,Fiber optic,No,Yes,Yes,Yes,Yes,Yes,Month-to-month,Yes,Electronic check,66.56,2816.65,evt_001399,2026-03-12,0.7871640140543256,1,Critical,Queued,M. Ali,29
2061-VVFST,Female,0,Yes,No,37,Yes,No,Fiber optic,No internet service,No internet service,No internet service,No internet service,No internet service,No internet service,Two year,No,Electronic check,21.66,805.2,evt_001400,2026-03-12,0.10985341178513795,0,Low,Investigating,S. Fatima,28
2676-SSLTO,Male,0,No,No,49,Yes,Yes,No,No,No,No,Yes,Yes,No,Month-to-month,Yes,Mailed check,75.61,3199.0,evt_001401,2026-03-12,0.3421855213509537,0,Moderate,New,M. Ali,3
9365-CSLBQ,Male,0,No,Yes,71,Yes,Yes,Fiber optic,No internet service,No internet service,No internet service,No internet service,No internet service,No internet service,Month-to-month,No,Bank transfer (automatic),28.73,1654.6,evt_001402,2026-03-12,0.07618699735950217,0,Low,New,Unassigned,15
2272-WUSPA,Female,0,Yes,No,72,Yes,Yes,Fiber optic,Yes,Yes,Yes,No,Yes,Yes,One year,Yes,Electronic check,117.01,7751.7,evt_001403,2026-03-12,0.3370096692542669,0,Moderate,Investigating,M. Ali,31
9851-KIELU,Male,0,No,No,10,Yes,No,Fiber optic,Yes,Yes,Yes,Yes,Yes,Yes,One year,Yes,Electronic check,122.49,1043.3,evt_001404,2026-03-12,0.5248624695104953,1,High,Investigating,M. Ali,33
3199-XGZCY,Female,0,No,No,8,Yes,Yes,No,No,No,No,No,No,No,Month-to-month,Yes,Bank transfer (automatic),90.97,576.7,evt_001405,2026-03-12,0.5162108048368412,1,High,Queued,S. Fatima,35
9040-KZVWO,Male,0,No,No,26,Yes,No,Fiber optic,No,Yes,No,No,No,No,Month-to-month,No,Credit card (automatic),81.19,2018.1,evt_001406,2026-03-12,0.5147001825926699,1,High,New,S. Fatima,47
3716-BDVDB,Male,0,No,No,1,Yes,No,DSL,No,No,No,No,No,No,Month-to-month,Yes,Bank transfer (automatic),73.98,69.1,evt_001407,2026-03-12,0.5082430233922256,1,High,New,R. Ahmed,32
3161-ONRWK,Male,0,Yes,Yes,60,Yes,No,DSL,Yes,Yes,Yes,Yes,No,No,Month-to-month,Yes,Mailed check,74.55,3928.3,evt_001408,2026-03-12,0.06993463468837922,0,Low,Resolved,S. Fatima,28
9359-UGBTK,Female,0,No,No,67,Yes,No,DSL,Yes,No,Yes,Yes,No,Yes,Month-to-month,Yes,Bank transfer (automatic),84.7,4991.5,evt_001409,2026-03-12,0.09160580328088314,0,Low,Queued,Unassigned,17
4213-HKBJO,Female,0,No,No,33,Yes,Yes,No,No internet service,No internet service,No internet service,No internet service,No internet service,No internet service,Month-to-month,No,Electronic check,28.8,826.1,evt_001410,2026-03-12,0.20677936545126335,0,Low,Queued,Unassigned,19
7606-BPHHN,Male,0,No,No,72,Yes,No,DSL,No internet service,No internet service,No internet service,No internet service,No internet service,No internet service,Month-to-month,Yes,Bank transfer (automatic),23.75,1468.75,evt_001411,2026-03-12,0.027544460150345583,0,Low,Queued,Unassigned,40
2277-DJJDL,Male,1,Yes,No,60,Yes,Yes,No,No,No,No,Yes,Yes,Yes,Month-to-month,Yes,Electronic check,115.97,6017.9,evt_001412,2026-03-12,0.3824397747683824,0,Moderate,New,R. Ahmed,23
3489-VSFRD,Female,0,No,No,56,Yes,No,Fiber optic,Yes,No,Yes,Yes,No,No,Two year,Yes,Electronic check,70.52,3282.75,evt_001413,2026-03-12,0.12115515261865414,0,Low,Queued,R. Ahmed,34
8158-WPEZG,Male,0,No,No,11,No,No phone service,DSL,No,Yes,No,Yes,No,No,Month-to-month,Yes,Electronic check,41.11,425.1,evt_001414,2026-03-12,0.6233594754518815,1,High,Queued,R. Ahmed,7
7534-BFESC,Male,1,No,No,24,Yes,Yes,Fiber optic,No,No,No,No,No,No,Month-to-month,Yes,Electronic check,95.86,1712.7,evt_001415,2026-03-12,0.7406124623652358,1,High,Investigating,S. Fatima,7
5136-GFPMB,Male,0,No,No,54,Yes,Yes,Fiber optic,No,No,Yes,No,No,Yes,Month-to-month,No,Credit card (automatic),99.03,4869.5,evt_001416,2026-03-12,0.4696879961009702,0,Moderate,Resolved,M. Ali,11
9220-ZNKJI,Female,1,Yes,No,55,Yes,No,DSL,No,No,Yes,Yes,Yes,No,Month-to-month,No,Electronic check,88.78,4805.3,evt_001417,2026-03-12,0.2014565172902435,0,Low,Resolved,R. Ahmed,10
3884-UEBXB,Female,0,Yes,Yes,67,No,No phone service,No,Yes,Yes,No,No,No,No,Month-to-month,No,Electronic check,43.97,2434.45,evt_001418,2026-03-12,0.12036863712074716,0,Low,Queued,A. Khan,29
4962-CHQPW,Male,0,No,Yes,29,Yes,No,DSL,No internet service,No internet service,No internet service,No internet service,No internet service,No internet service,One year,No,Bank transfer (automatic),21.69,535.05,evt_001419,2026-03-12,0.04700335394727652,0,Low,Queued,A. Khan,31
0365-GXEZS,Male,0,Yes,No,18,Yes,No,Fiber optic,No,No,Yes,Yes,No,No,One year,No,Bank transfer (automatic),88.09,1468.75,evt_001420,2026-03-12,0.3344796586226945,0,Moderate,Investigating,Unassigned,27
6370-ZVHDV,Female,0,Yes,No,61,Yes,Yes,Fiber optic,No internet service,No internet service,No internet service,No internet service,No internet service,No internet service,Two year,No,Credit card (automatic),30.32,1554.9,evt_001421,2026-03-12,0.035383045950197915,0,Low,Investigating,A. Khan,15
1936-UAFEH,Female,0,No,No,68,Yes,Yes,Fiber optic,Yes,Yes,No,Yes,Yes,Yes,Two year,No,Credit card (automatic),112.88,7279.35,evt_001422,2026-03-12,0.09397402889305624,0,Low,Queued,S. Fatima,28
8650-RHRKE,Male,0,No,No,4,No,No phone service,Fiber optic,No,No,Yes,No,No,No,Two year,Yes,Credit card (automatic),30.98,118.5,evt_001423,2026-03-12,0.7079934907570082,1,High,Investigating,R. Ahmed,7
2245-ADZFJ,Female,0,Yes,Yes,31,Yes,Yes,Fiber optic,No,Yes,No,Yes,Yes,Yes,Two year,No,Electronic check,82.48,2471.6,evt_001424,2026-03-12,0.40870591008200274,0,Moderate,Investigating,M. Ali,23
7954-MLBUN,Male,0,No,No,31,Yes,No,Fiber optic,No,No,Yes,Yes,Yes,Yes,Month-to-month,No,Bank transfer (automatic),106.65,3109.9,evt_001425,2026-03-12,0.5612398199482103,1,High,Investigating,Unassigned,9
1038-RQOST,Male,0,Yes,Yes,19,Yes,No,Fiber optic,No internet service,No internet service,No internet service,No internet service,No internet service,No internet service,Month-to-month,No,Bank transfer (automatic),23.62,414.95,evt_001426,2026-03-12,0.36274100730281283,0,Moderate,Investigating,M. Ali,5
6778-JFCMK,Male,0,No,No,24,No,No phone service,DSL,Yes,No,No,No,Yes,Yes,Month-to-month,Yes,Electronic check,58.26,1288.75,evt_001427,2026-03-12,0.6520626244867782,1,High,New,Unassigned,9
9867-XOBQA,Female,0,No,Yes,21,No,No phone service,Fiber optic,Yes,Yes,Yes,Yes,Yes,No,Month-to-month,No,Electronic check,60.41,1183.2,evt_001428,2026-03-12,0.6632284338091646,1,High,Queued,Unassigned,7
4919-IKATY,Male,0,Yes,Yes,5,Yes,Yes,No,Yes,No,Yes,No,No,No,Month-to-month,Yes,Electronic check,87.48,453.75,evt_001429,2026-03-12,0.5601102286914051,1,High,Queued,M. Ali,23
6815-ABQFQ,Male,0,Yes,No,56,Yes,Yes,Fiber optic,No,Yes,No,Yes,Yes,Yes,One year,Yes,Electronic check,105.25,6033.3,evt_001430,2026-03-19,0.4997576163348196,0,Moderate,New,A. Khan,27
0581-BXBUB,Female,1,No,No,4,Yes,No,Fiber optic,No,Yes,No,No,No,No,Month-to-month,No,Electronic check,81.72,317.75,evt_001431,2026-03-19,0.7738763459826813,1,Critical,Investigating,M. Ali,29
4211-MMAZN,Male,0,No,No,1,Yes,No,Fiber optic,No internet service,No internet service,No internet service,No internet service,No internet service,No internet service,Month-to-month,No,Electronic check,22.11,20.25,evt_001432,2026-03-19,0.6911447202095171,1,High,Queued,S. Fatima,22
5049-MUBWG,Male,0,No,No,26,Yes,No,Fiber optic,Yes,No,No,Yes,Yes,Yes,Month-to-month,No,Credit card (automatic),86.07,1908.35,evt_001433,2026-03-19,0.5799614486469375,1,High,New,M. Ali,10
8778-LMWTJ,Female,0,No,No,9,Yes,No,No,Yes,No,No,No,No,No,Month-to-month,Yes,Mailed check,86.98,708.2,evt_001434,2026-03-19,0.3947162158302317,0,Moderate,Investigating,Unassigned,2
0307-BCOPK,Female,0,No,No,16,Yes,No,Fiber optic,No internet service,No internet service,No internet service,No internet service,No internet service,No internet service,Month-to-month,No,Electronic check,21.49,326.65,evt_001435,2026-03-19,0.53862727526528,1,High,Investigating,M. Ali,34
5380-WJKOV,Male,0,No,No,34,Yes,Yes,Fiber optic,No,Yes,Yes,No,Yes,Yes,One year,Yes,Mailed check,123.96,3549.25,evt_001436,2026-03-19,0.5125878184717111,1,High,Investigating,Unassigned,47
2754-SDJRD,Female,1,No,No,8,Yes,Yes,No,No,No,No,Yes,Yes,Yes,Month-to-month,Yes,Electronic check,113.55,908.55,evt_001437,2026-03-19,0.6997665077816237,1,High,New,A. Khan,14
2368-GAKKQ,Female,0,No,No,70,Yes,Yes,No,Yes,Yes,Yes,Yes,Yes,Yes,One year,Yes,Mailed check,130.9,7939.25,evt_001438,2026-03-19,0.0793905179678612,0,Low,Investigating,Unassigned,11
7395-XWZOY,Male,0,No,No,20,No,No phone service,Fiber optic,Yes,Yes,Yes,Yes,Yes,No,Month-to-month,Yes,Mailed check,59.27,1165.55,evt_001439,2026-03-19,0.7338810904161441,1,High,New,M. Ali,16
5178-LMXOP,Male,1,Yes,No,1,Yes,Yes,Fiber optic,No,No,No,No,Yes,Yes,Month-to-month,Yes,Electronic check,105.49,95.1,evt_001440,2026-03-19,0.9232375018779659,1,Critical,Queued,S. Fatima,11
2320-TZRRH,Female,0,No,No,20,Yes,No,Fiber optic,No internet service,No internet service,No internet service,No internet service,No internet service,No internet service,Month-to-month,No,Credit card (automatic),22.07,403.15,evt_001441,2026-03-19,0.3952222997807345,0,Moderate,New,R. Ahmed,12
4817-KEQSP,Female,0,Yes,Yes,71,Yes,No,Fiber optic,No internet service,No internet service,No internet service,No internet service,No internet service,No internet service,One year,No,Mailed check,23.21,1326.35,evt_001442,2026-03-19,0.03150761386053224,0,Low,Queued,A. Khan,24
4627-MIHJH,Female,1,No,No,69,Yes,Yes,Fiber optic,Yes,No,Yes,Yes,Yes,Yes,One year,No,Mailed check,120.88,7467.55,evt_001443,2026-03-19,0.1953738885708306,0,Low,Investigating,Unassigned,38
6047-YHPVI,Male,0,No,No,5,Yes,No,Fiber optic,No,No,No,No,No,No,Month-to-month,Yes,Mailed check,80.24,316.9,evt_001444,2026-03-19,0.7614513193367435,1,Critical,Queued,M. Ali,34
0402-OAMEN,Female,0,Yes,Yes,72,Yes,Yes,No,No internet service,No internet service,No internet service,No internet service,No internet service,No internet service,Two year,No,Bank transfer (automatic),26.99,1709.1,evt_001445,2026-03-19,0.0073984423196890295,0,Low,Queued,R. Ahmed,46
4825-FUREZ,Male,0,Yes,No,42,Yes,No,Fiber optic,No internet service,No internet service,No internet service,No internet service,No internet service,No internet service,Month-to-month,No,Electronic check,22.54,835.5,evt_001446,2026-03-19,0.29047035615160943,0,Moderate,Investigating,R. Ahmed,18
7354-OIJLX,Male,0,No,No,9,Yes,Yes,DSL,No,No,No,No,No,No,One year,Yes,Credit card (automatic),88.73,724.65,evt_001447,2026-03-19,0.2860795018780307,0,Moderate,Investigating,R. Ahmed,24
3787-TRIAL,Male,0,Yes,Yes,21,No,No phone service,Fiber optic,No,No,No,No,No,No,Month-to-month,Yes,Bank transfer (automatic),26.06,565.75,evt_001448,2026-03-19,0.8120764828128708,1,Critical,New,A. Khan,19
7495-OOKFY,Female,1,Yes,No,8,Yes,Yes,DSL,No,Yes,No,No,No,No,Month-to-month,Yes,Bank transfer (automatic),84.05,633.3,evt_001449,2026-03-19,0.5041996884921396,1,High,Resolved,A. Khan,3
2207-RYYRL,Male,0,Yes,Yes,52,Yes,Yes,Fiber optic,No internet service,No internet service,No internet service,No internet service,No internet service,No internet service,One year,No,Electronic check,25.31,1331.05,evt_001450,2026-03-19,0.12897006195074268,0,Low,Investigating,A. Khan,19
7408-OFWXJ,Female,0,Yes,Yes,72,Yes,Yes,DSL,Yes,Yes,Yes,Yes,Yes,Yes,Month-to-month,No,Bank transfer (automatic),88.0,6510.45,evt_001451,2026-03-19,0.10674246970001144,0,Low,Resolved,M. Ali,13
8430-TWCBX,Female,0,Yes,No,49,Yes,No,No,No internet service,No internet service,No internet service,No internet service,No internet service,No internet service,Month-to-month,No,Electronic check,22.34,1032.05,evt_001452,2026-03-19,0.10021647446959527,0,Low,Resolved,A. Khan,24
1403-GYAFU,Male,0,Yes,Yes,70,Yes,No,Fiber optic,No internet service,No internet service,No internet service,No internet service,No internet service,No internet service,Month-to-month,No,Credit card (automatic),23.36,1360.25,evt_001453,2026-03-19,0.06313961451980725,0,Low,Resolved,Unassigned,9
7322-OCWHC,Male,1,Yes,No,72,Yes,Yes,Fiber optic,Yes,Yes,Yes,Yes,No,No,Month-to-month,Yes,Electronic check,102.63,6735.05,evt_001454,2026-03-19,0.30470084910015754,0,Moderate,Investigating,S. Fatima,36
7669-LCRSD,Male,0,Yes,Yes,12,Yes,No,Fiber optic,No,No,No,No,Yes,No,One year,Yes,Credit card (automatic),63.72,628.65,evt_001455,2026-03-19,0.6738111860990209,1,High,Queued,R. Ahmed,40
7018-WBJNK,Male,0,No,Yes,13,Yes,No,Fiber optic,No,No,No,No,Yes,No,One year,Yes,Credit card (automatic),92.81,1033.95,evt_001456,2026-03-19,0.5246407680166889,1,High,New,M. Ali,46
4706-DGAHW,Male,1,No,No,1,Yes,No,No,No,No,No,No,No,No,One year,No,Bank transfer (automatic),54.22,45.2,evt_001457,2026-03-19,0.4814665526961973,0,Moderate,Queued,M. Ali,5
9114-DPSIA,Male,0,Yes,Yes,72,Yes,Yes,Fiber optic,Yes,Yes,Yes,Yes,No,Yes,Month-to-month,No,Bank transfer (automatic),90.38,5750.0,evt_001458,2026-03-19,0.1989518608355334,0,Low,Investigating,S. Fatima,7
0480-KYJVA,Female,0,Yes,Yes,72,Yes,Yes,DSL,No internet service,No internet service,No internet service,No internet service,No internet service,No internet service,Month-to-month,No,Electronic check,29.13,1784.5,evt_001459,2026-03-19,0.029960856697616695,0,Low,Queued,M. Ali,46
0876-WDUUZ,Female,0,No,No,5,Yes,No,Fiber optic,No,No,No,Yes,No,Yes,Month-to-month,Yes,Mailed check,96.12,425.9,evt_001460,2026-03-19,0.7326096744032043,1,High,Investigating,M. Ali,41
6203-HBZPA,Male,0,No,No,52,No,No phone service,Fiber optic,Yes,Yes,Yes,Yes,Yes,Yes,Month-to-month,No,Credit card (automatic),68.36,3334.95,evt_001461,2026-03-19,0.4656388935795412,0,Moderate,New,S. Fatima,29
9450-TRJUU,Male,0,No,No,35,Yes,Yes,Fiber optic,No,No,No,No,Yes,No,Month-to-month,No,Electronic check,90.16,2848.45,evt_001462,2026-03-19,0.6954952565885023,1,High,New,S. Fatima,16
1952-DVVSW,Female,0,Yes,No,10,Yes,No,DSL,No internet service,No internet service,No internet service,No internet service,No internet service,No internet service,Two year,No,Electronic check,20.73,184.4,evt_001463,2026-03-19,0.09166339717180934,0,Low,Queued,Unassigned,25
3627-FHKBK,Female,0,No,No,1,Yes,No,DSL,Yes,No,No,No,No,No,One year,No,Electronic check,80.32,75.3,evt_001464,2026-03-19,0.24764384471792192,0,Low,Queued,M. Ali,26
6429-SHBCB,Male,0,No,No,19,Yes,Yes,Fiber optic,No,No,No,No,Yes,Yes,One year,No,Bank transfer (automatic),76.46,1394.55,evt_001465,2026-03-19,0.7190037824689468,1,High,New,S. Fatima,40
3530-VWVGU,Female,0,Yes,Yes,22,Yes,No,Fiber optic,No internet service,No internet service,No internet service,No internet service,No internet service,No internet service,Month-to-month,No,Mailed check,23.25,400.3,evt_001466,2026-03-19,0.33915906979390464,0,Moderate,New,A. Khan,26
0076-LVEPS,Male,0,No,Yes,29,No,No phone service,DSL,Yes,Yes,Yes,Yes,No,No,Month-to-month,Yes,Credit card (automatic),55.05,1242.45,evt_001467,2026-03-19,0.20883488725821617,0,Low,Investigating,M. Ali,3
0742-MOABM,Male,0,Yes,No,4,Yes,No,Fiber optic,No,No,No,Yes,No,No,Month-to-month,No,Electronic check,51.91,179.35,evt_001468,2026-03-19,0.8244771983727454,1,Critical,Queued,Unassigned,34
5081-NWSUP,Female,0,No,No,10,Yes,No,No,No,Yes,No,Yes,No,Yes,Month-to-month,No,Credit card (automatic),74.22,685.55,evt_001469,2026-03-19,0.46627775758761425,0,Moderate,New,A. Khan,37
8763-KIAFH,Female,0,Yes,Yes,27,Yes,No,Fiber optic,No internet service,No internet service,No internet service,No internet service,No internet service,No internet service,Month-to-month,Yes,Electronic check,21.73,583.3,evt_001470,2026-03-19,0.4617820648660113,0,Moderate,New,R. Ahmed,15
0484-FFVBJ,Male,0,No,No,32,Yes,No,Fiber optic,No,No,No,No,Yes,Yes,Month-to-month,Yes,Credit card (automatic),74.48,2010.95,evt_001471,2026-03-19,0.7760605841599896,1,Critical,Queued,S. Fatima,7
3594-KADLU,Male,0,Yes,No,3,No,No phone service,Fiber optic,Yes,No,No,Yes,No,No,Month-to-month,No,Electronic check,39.04,101.1,evt_001472,2026-03-19,0.8317972275665269,1,Critical,New,A. Khan,8
9648-BCHKM,Female,0,Yes,Yes,18,Yes,Yes,Fiber optic,No internet service,No internet service,No internet service,No internet service,No internet service,No internet service,Two year,Yes,Bank transfer (automatic),24.9,471.35,evt_001473,2026-03-19,0.2124708767332521,0,Low,Investigating,Unassigned,40
4698-KVLLG,Female,1,No,No,51,Yes,No,Fiber optic,No internet service,No internet service,No internet service,No internet service,No internet service,No internet service,Month-to-month,No,Mailed check,23.04,967.9,evt_001474,2026-03-19,0.18102046882513817,0,Low,Investigating,S. Fatima,22
9209-NWPGU,Male,0,No,No,44,Yes,No,Fiber optic,Yes,No,No,Yes,Yes,No,Two year,No,Electronic check,70.87,2774.55,evt_001475,2026-03-19,0.1872917602493305,0,Low,New,Unassigned,26
3506-OVLKD,Male,0,No,No,35,Yes,Yes,No,No internet service,No internet service,No internet service,No internet service,No internet service,No internet service,Month-to-month,No,Credit card (automatic),28.5,954.9,evt_001476,2026-03-19,0.14660401874571075,0,Low,Queued,S. Fatima,46
3721-CNEYS,Female,0,No,No,2,Yes,No,Fiber optic,No,No,No,No,No,No,Month-to-month,Yes,Mailed check,74.91,137.95,evt_001477,2026-03-19,0.7921564996332591,1,Critical,New,Unassigned,4
8621-MNIHH,Female,1,Yes,No,34,Yes,Yes,Fiber optic,No,Yes,Yes,No,No,Yes,Month-to-month,Yes,Electronic check,101.86,3217.55,evt_001478,2026-03-19,0.7727743053375374,1,Critical,New,M. Ali,11
5061-PBXFW,Female,0,Yes,Yes,32,Yes,No,Fiber optic,Yes,Yes,No,Yes,No,No,Month-to-month,No,Electronic check,70.34,1864.65,evt_001479,2026-03-19,0.39753193009080856,0,Moderate,Resolved,S. Fatima,40
3623-FQBOX,Male,0,No,No,21,Yes,No,Fiber optic,No internet service,No internet service,No internet service,No internet service,No internet service,No internet service,Month-to-month,Yes,Credit card (automatic),22.12,416.4,evt_001480,2026-03-19,0.4787223179317948,0,Moderate,Queued,Unassigned,26
7278-CKDNC,Male,1,No,No,24,Yes,Yes,Fiber optic,No,Yes,No,No,No,No,Month-to-month,Yes,Electronic check,91.75,2088.45,evt_001481,2026-03-19,0.7618608955650509,1,Critical,Resolved,M. Ali,3
5606-AMZBO,Female,0,Yes,No,10,Yes,Yes,Fiber optic,Yes,No,No,No,No,No,Two year,Yes,Electronic check,89.23,765.15,evt_001482,2026-03-19,0.4361303708290196,0,Moderate,New,S. Fatima,34
9804-ICWBG,Male,0,No,No,1,Yes,No,DSL,No,No,No,No,No,No,Month-to-month,Yes,Bank transfer (automatic),83.83,69.9,evt_001483,2026-03-19,0.45373551455772854,0,Moderate,New,Unassigned,8
6388-TABGU,Male,0,No,Yes,62,Yes,No,Fiber optic,Yes,Yes,No,No,No,No,Month-to-month,No,Credit card (automatic),61.73,3487.95,evt_001484,2026-03-19,0.20159786709053926,0,Low,Queued,R. Ahmed,37
9824-QCJPK,Male,0,Yes,No,36,Yes,No,No,No internet service,No internet service,No internet service,No internet service,No internet service,No internet service,Month-to-month,No,Electronic check,20.63,666.75,evt_001485,2026-03-19,0.16855753060667378,0,Low,Queued,R. Ahmed,38
7957-RYHQD,Female,1,No,No,40,Yes,No,Fiber optic,Yes,Yes,No,No,No,No,Month-to-month,Yes,Electronic check,93.78,3233.85,evt_001486,2026-03-19,0.4868247453451252,0,Moderate,Resolved,R. Ahmed,39
7055-HNEOJ,Male,0,Yes,No,3,Yes,No,DSL,No,No,Yes,Yes,No,No,Month-to-month,Yes,Credit card (automatic),61.39,154.55,evt_001487,2026-03-19,0.5107069288151621,1,High,New,Unassigned,23
8992-CEUEN,Female,0,No,No,1,Yes,No,Fiber optic,No internet service,No internet service,No internet service,No internet service,No internet service,No internet service,Month-to-month,No,Bank transfer (automatic),22.37,18.85,evt_001488,2026-03-19,0.5889465954430481,1,High,Investigating,Unassigned,14
1448-PWKYE,Male,0,Yes,Yes,1,Yes,No,Fiber optic,No,No,No,No,No,Yes,Two year,No,Credit card (automatic),91.44,80.0,evt_001489,2026-03-19,0.38227208899507054,0,Moderate,Investigating,R. Ahmed,42
9788-YTFGE,Male,0,No,No,7,Yes,No,DSL,No internet service,No internet service,No internet service,No internet service,No internet service,No internet service,One year,Yes,Electronic check,22.19,147.5,evt_001490,2026-03-19,0.24234274182641555,0,Low,Queued,M. Ali,27
7928-VJYAB,Male,0,Yes,Yes,11,Yes,No,DSL,No,No,No,No,Yes,Yes,One year,No,Mailed check,103.37,1020.2,evt_001491,2026-03-19,0.24121605469143886,0,Low,New,A. Khan,31
7251-XFOIL,Female,0,No,No,61,Yes,Yes,DSL,No,No,Yes,No,No,Yes,Month-to-month,No,Bank transfer (automatic),110.35,5500.6,evt_001492,2026-03-19,0.12651525614004047,0,Low,Queued,R. Ahmed,8
4526-ZJJTM,Female,1,Yes,No,25,Yes,No,Fiber optic,No,Yes,Yes,No,No,Yes,Month-to-month,No,Electronic check,110.02,2191.15,evt_001493,2026-03-19,0.6407469770128325,1,High,New,Unassigned,30
1744-JHKYS,Female,0,Yes,No,34,Yes,Yes,DSL,No internet service,No internet service,No internet service,No internet service,No internet service,No internet service,Two year,No,Credit card (automatic),27.77,780.2,evt_001494,2026-03-19,0.029247820512752987,0,Low,Investigating,S. Fatima,28
8818-DOPVL,Female,1,No,No,46,Yes,Yes,DSL,No,Yes,Yes,No,Yes,Yes,Month-to-month,Yes,Bank transfer (automatic),117.99,4863.85,evt_001495,2026-03-19,0.34060259845369106,0,Moderate,Queued,A. Khan,15
4806-KEXQR,Male,0,No,No,4,Yes,No,DSL,No,No,No,No,No,Yes,Month-to-month,Yes,Electronic check,94.65,324.3,evt_001496,2026-03-19,0.5915656436375147,1,High,Resolved,M. Ali,37
9842-EFSYY,Female,0,No,Yes,4,No,No phone service,Fiber optic,Yes,Yes,Yes,No,Yes,Yes,Month-to-month,Yes,Electronic check,61.16,223.75,evt_001497,2026-03-19,0.9114633230746213,1,Critical,Queued,S. Fatima,8
8443-ZRDBZ,Male,0,No,No,4,Yes,Yes,DSL,No,No,No,No,No,No,One year,Yes,Credit card (automatic),86.7,318.9,evt_001498,2026-03-19,0.3265312116748536,0,Moderate,Queued,Unassigned,35
7876-BEUTG,Female,0,No,No,15,Yes,Yes,DSL,No,No,No,No,No,No,Month-to-month,Yes,Electronic check,54.58,720.1,evt_001499,2026-03-19,0.6539799683044188,1,High,Investigating,A. Khan,46
9286-BHDQG,Male,0,Yes,Yes,72,No,No phone service,No,Yes,Yes,Yes,Yes,No,No,One year,No,Electronic check,51.53,3139.8,evt_001500,2026-03-19,0.04226084655557347,0,Low,Queued,R. Ahmed,28
5357-TZHPP,Male,1,No,No,9,Yes,Yes,Fiber optic,No,No,No,No,No,Yes,One year,Yes,Electronic check,90.31,732.5,evt_001501,2026-03-19,0.807095479376766,1,Critical,Resolved,Unassigned,6
3932-CMDTD,Female,0,No,No,4,Yes,No,Fiber optic,No,Yes,Yes,Yes,Yes,Yes,Month-to-month,Yes,Electronic check,108.25,443.9,evt_001502,2026-03-19,0.8241011458436296,1,Critical,New,Unassigned,27
9030-QGZNL,Female,0,No,No,8,Yes,No,DSL,No internet service,No internet service,No internet service,No internet service,No internet service,No internet service,Two year,No,Electronic check,20.76,161.65,evt_001503,2026-03-19,0.09748507136773318,0,Low,Resolved,A. Khan,26
1784-BXEFA,Female,0,No,No,10,Yes,No,Fiber optic,No internet service,No internet service,No internet service,No internet service,No internet service,No internet service,Month-to-month,Yes,Bank transfer (automatic),21.64,187.35,evt_001504,2026-03-19,0.5846198801693785,1,High,Investigating,Unassigned,27
9108-EQPNQ,Female,0,Yes,Yes,10,Yes,Yes,DSL,No internet service,No internet service,No internet service,No internet service,No internet service,No internet service,Month-to-month,No,Electronic check,28.51,225.55,evt_001505,2026-03-19,0.2791023711420475,0,Moderate,Investigating,R. Ahmed,14
5092-STPKP,Female,0,No,No,24,Yes,No,Fiber optic,Yes,No,No,Yes,No,No,Month-to-month,No,Electronic check,62.12,1381.2,evt_001506,2026-03-19,0.5703108358411805,1,High,Queued,Unassigned,30
1575-KRZZE,Female,0,No,No,4,Yes,No,Fiber optic,Yes,Yes,No,No,No,No,Two year,No,Bank transfer (automatic),68.24,220.65,evt_001507,2026-03-19,0.317718841197918,0,Moderate,Investigating,A. Khan,14
2171-UDMFD,Male,0,Yes,Yes,32,Yes,No,DSL,No internet service,No internet service,No internet service,No internet service,No internet service,No internet service,Month-to-month,Yes,Electronic check,23.07,674.55,evt_001508,2026-03-19,0.15707266353938448,0,Low,New,S. Fatima,27
7338-ERIVA,Male,0,No,Yes,39,No,No phone service,Fiber optic,Yes,No,No,Yes,Yes,No,Month-to-month,No,Bank transfer (automatic),47.86,1790.6,evt_001509,2026-03-19,0.4759228564884429,0,Moderate,Investigating,R. Ahmed,29
2782-LFZVW,Female,0,No,No,11,Yes,Yes,Fiber optic,No,No,No,No,No,Yes,Month-to-month,Yes,Electronic check,67.25,601.6,evt_001510,2026-03-19,0.9109938907678666,1,Critical,New,M. Ali,31
2190-BCXEC,Female,0,Yes,No,40,Yes,Yes,DSL,No,No,No,Yes,No,No,Month-to-month,Yes,Electronic check,86.39,3126.85,evt_001511,2026-03-19,0.2757018887174932,0,Moderate,New,S. Fatima,38
2700-LUEVA,Male,0,No,No,1,Yes,No,DSL,No internet service,No internet service,No internet service,No internet service,No internet service,No internet service,Month-to-month,No,Electronic check,22.89,20.75,evt_001512,2026-03-19,0.36803180669332675,0,Moderate,Queued,R. Ahmed,42
3374-LXDEV,Female,0,No,No,13,Yes,Yes,DSL,No,Yes,Yes,Yes,No,No,Month-to-month,No,Electronic check,101.12,1132.35,evt_001513,2026-03-19,0.3035853574353636,0,Moderate,New,R. Ahmed,37
7356-AYNJP,Female,0,No,No,4,Yes,Yes,Fiber optic,No internet service,No internet service,No internet service,No internet service,No internet service,No internet service,Month-to-month,No,Electronic check,27.66,97.5,evt_001514,2026-03-19,0.6989169101677619,1,High,New,A. Khan,38
7838-LAZFO,Male,0,Yes,No,45,Yes,No,Fiber optic,Yes,Yes,Yes,No,Yes,Yes,Two year,No,Credit card (automatic),86.65,3597.5,evt_001515,2026-03-19,0.20869245649398876,0,Low,Investigating,S. Fatima,41
0440-UEDAI,Female,0,No,No,53,Yes,No,No,No,Yes,Yes,Yes,No,Yes,Month-to-month,Yes,Electronic check,111.81,5042.75,evt_001516,2026-03-19,0.2229412594006336,0,Low,New,M. Ali,13
6257-RJOHI,Male,0,No,No,4,Yes,No,Fiber optic,No,No,No,Yes,No,No,One year,Yes,Bank transfer (automatic),53.42,202.3,evt_001517,2026-03-19,0.675976280688421,1,High,Investigating,Unassigned,15
7404-JLKQG,Female,0,No,No,3,Yes,No,Fiber optic,No,No,Yes,No,Yes,No,Month-to-month,No,Bank transfer (automatic),64.48,161.45,evt_001518,2026-03-19,0.8318004825702299,1,Critical,New,Unassigned,26
2684-EIWEO,Female,1,No,No,30,Yes,Yes,Fiber optic,Yes,Yes,Yes,No,No,No,Month-to-month,No,Electronic check,117.0,2758.15,evt_001519,2026-03-19,0.4559543212512961,0,Moderate,Investigating,M. Ali,23
4947-DSMXK,Male,0,Yes,Yes,34,Yes,Yes,Fiber optic,No,Yes,No,No,Yes,Yes,Month-to-month,Yes,Bank transfer (automatic),110.73,3410.0,evt_001520,2026-03-19,0.6699127513822745,1,High,Investigating,A. Khan,34
0979-PHULV,Male,0,Yes,Yes,69,Yes,Yes,DSL,No,No,Yes,No,Yes,Yes,Month-to-month,Yes,Electronic check,119.94,7007.6,evt_001521,2026-03-19,0.2342322103002732,0,Low,New,M. Ali,2
4753-PADAS,Female,0,Yes,No,67,Yes,Yes,DSL,No,Yes,Yes,No,Yes,Yes,Two year,Yes,Electronic check,118.96,6816.95,evt_001522,2026-03-19,0.08374739938954355,0,Low,Investigating,S. Fatima,8
4002-BQWPQ,Male,0,No,No,25,Yes,Yes,DSL,Yes,Yes,Yes,Yes,No,Yes,Month-to-month,No,Electronic check,94.41,2028.8,evt_001523,2026-03-19,0.3034318165880364,0,Moderate,Resolved,Unassigned,36
3508-VLHCZ,Female,0,Yes,Yes,71,Yes,Yes,Fiber optic,Yes,Yes,Yes,Yes,Yes,Yes,Month-to-month,Yes,Credit card (automatic),101.11,6239.05,evt_001524,2026-03-19,0.31960876231833907,0,Moderate,Investigating,S. Fatima,39
2522-AHJXR,Male,0,Yes,No,60,Yes,Yes,Fiber optic,Yes,No,Yes,Yes,Yes,Yes,Month-to-month,Yes,Mailed check,121.46,6572.85,evt_001525,2026-03-19,0.4365030328918222,0,Moderate,New,A. Khan,15
4686-UXDML,Female,0,No,No,21,Yes,Yes,Fiber optic,No,Yes,No,No,Yes,Yes,One year,Yes,Electronic check,107.16,1992.55,evt_001526,2026-03-19,0.7178662768986455,1,High,Queued,A. Khan,16
0958-YHXGP,Female,0,No,No,7,Yes,No,Fiber optic,No,No,No,No,No,No,Month-to-month,Yes,Bank transfer (automatic),80.09,497.3,evt_001527,2026-03-19,0.7306784127464302,1,High,Investigating,M. Ali,27
1522-VVDMG,Male,0,Yes,Yes,7,Yes,No,Fiber optic,No,Yes,No,Yes,Yes,No,Month-to-month,Yes,Credit card (automatic),95.93,608.8,evt_001528,2026-03-19,0.651488329953582,1,High,New,Unassigned,23
7995-ZHHNZ,Male,0,Yes,No,42,Yes,Yes,Fiber optic,Yes,No,No,No,No,No,One year,No,Electronic check,65.07,2386.85,evt_001529,2026-03-19,0.38645668650941395,0,Moderate,Investigating,R. Ahmed,9
0123-CRBRT,Female,0,Yes,Yes,61,Yes,Yes,Fiber optic,Yes,Yes,Yes,Yes,Yes,Yes,One year,No,Credit card (automatic),104.41,5526.75,evt_001530,2026-03-19,0.17226984443921015,0,Low,New,R. Ahmed,25
9638-JIQYA,Male,0,No,No,2,No,No phone service,Fiber optic,No,No,No,No,No,No,Two year,Yes,Bank transfer (automatic),28.44,49.7,evt_001531,2026-03-19,0.7249768273155378,1,High,Investigating,M. Ali,39
9139-WQQDY,Female,0,Yes,Yes,49,Yes,Yes,DSL,No,Yes,No,No,Yes,Yes,Month-to-month,No,Mailed check,110.78,4941.8,evt_001532,2026-03-19,0.21267277048434644,0,Low,New,Unassigned,35
5226-NOZFC,Male,0,No,No,26,Yes,No,Fiber optic,No,Yes,No,No,Yes,No,Month-to-month,Yes,Mailed check,98.38,2146.5,evt_001533,2026-03-19,0.6337662074158158,1,High,New,M. Ali,39
2692-PFYTJ,Female,0,No,No,1,Yes,Yes,Fiber optic,No internet service,No internet service,No internet service,No internet service,No internet service,No internet service,Month-to-month,Yes,Electronic check,28.36,25.75,evt_001534,2026-03-19,0.7844607860448154,1,Critical,Resolved,Unassigned,31
2332-TODQS,Female,0,No,No,48,Yes,Yes,DSL,No internet service,No internet service,No internet service,No internet service,No internet service,No internet service,Two year,No,Electronic check,29.46,1171.5,evt_001535,2026-03-19,0.023718216768250935,0,Low,Investigating,Unassigned,42
8757-TFHHJ,Male,0,No,No,1,Yes,No,DSL,Yes,No,No,No,No,No,Month-to-month,Yes,Bank transfer (automatic),50.3,49.8,evt_001536,2026-03-19,0.5610794535671619,1,High,Resolved,S. Fatima,13
7409-KIUTL,Female,1,No,Yes,1,Yes,No,DSL,No,No,No,No,No,No,One year,Yes,Electronic check,78.09,71.0,evt_001537,2026-03-19,0.3877602342012152,0,Moderate,Resolved,Unassigned,4
5753-QQWPW,Female,0,No,No,28,Yes,No,Fiber optic,Yes,Yes,No,Yes,No,No,Month-to-month,Yes,Electronic check,59.93,1654.7,evt_001538,2026-03-19,0.6208867540982796,1,High,Queued,M. Ali,7
3077-RSNTJ,Female,0,Yes,Yes,6,Yes,No,DSL,No internet service,No internet service,No internet service,No internet service,No internet service,No internet service,Month-to-month,No,Mailed check,20.3,113.5,evt_001539,2026-03-19,0.22134237563272602,0,Low,New,R. Ahmed,47
1976-AZZPJ,Male,0,Yes,No,7,No,No phone service,Fiber optic,Yes,Yes,No,No,No,No,One year,No,Electronic check,41.1,256.6,evt_001540,2026-03-19,0.711357571998636,1,High,New,A. Khan,31
2165-VOEGB,Female,0,No,Yes,46,Yes,No,Fiber optic,Yes,Yes,No,Yes,Yes,Yes,Month-to-month,Yes,Electronic check,123.47,4822.85,evt_001541,2026-03-19,0.4032572311930616,0,Moderate,Queued,S. Fatima,13
7654-YWJUF,Male,0,Yes,No,43,Yes,No,Fiber optic,Yes,No,Yes,Yes,No,No,Two year,Yes,Credit card (automatic),90.72,3539.25,evt_001542,2026-03-19,0.1067855108392459,0,Low,New,M. Ali,41
7191-ADRGF,Male,0,Yes,No,44,No,No phone service,Fiber optic,No,Yes,Yes,No,Yes,Yes,Month-to-month,No,Electronic check,55.92,2390.45,evt_001543,2026-03-19,0.7862611833453489,1,Critical,Resolved,A. Khan,16
1902-XBTFB,Male,0,No,Yes,22,Yes,No,Fiber optic,No,Yes,Yes,No,Yes,No,Month-to-month,Yes,Bank transfer (automatic),84.23,2001.5,evt_001544,2026-03-19,0.6866728089312305,1,High,New,A. Khan,29
3717-OEAUQ,Male,0,No,No,2,Yes,No,Fiber optic,No,No,No,No,No,No,Month-to-month,No,Mailed check,76.88,129.2,evt_001545,2026-03-19,0.7293168179017646,1,High,New,M. Ali,13
2405-LBMUW,Female,0,Yes,Yes,61,No,No phone service,DSL,Yes,Yes,No,Yes,No,Yes,Month-to-month,Yes,Bank transfer (automatic),64.15,3088.75,evt_001546,2026-03-19,0.09891736252693142,0,Low,New,R. Ahmed,6
0048-PIHNL,Female,0,Yes,No,49,Yes,No,Fiber optic,No internet service,No internet service,No internet service,No internet service,No internet service,No internet service,Month-to-month,No,Electronic check,23.44,900.9,evt_001547,2026-03-19,0.22077082560790182,0,Low,New,S. Fatima,14
1963-VAUKV,Female,0,No,No,1,Yes,No,Fiber optic,No internet service,No internet service,No internet service,No internet service,No internet service,No internet service,Month-to-month,No,Electronic check,22.16,20.4,evt_001548,2026-03-19,0.6819740539071386,1,High,New,M. Ali,12
8089-UZWLX,Female,1,No,No,71,Yes,Yes,Fiber optic,No,No,Yes,No,Yes,Yes,Month-to-month,No,Mailed check,119.44,7413.55,evt_001549,2026-03-19,0.44933013843740993,0,Moderate,Queued,Unassigned,27
